# https://github.com/mikedh/trimesh

o scan.ply
v 0.00933187 -0.05690389 -0.04734617
v 0.00933187 -0.05687323 -0.04737015
v 0.00954334 -0.05684257 -0.04734617
v 0.00933187 0.02141193 -0.04734617
v 0.00933187 -0.05624462 -0.04784094
v 0.01023061 -0.05611430 -0.04774504
v 0.01023061 -0.05663559 -0.04734617
v 0.01147887 -0.05592265 -0.04760827
v 0.01211915 -0.05582299 -0.04753798
v 0.01023061 0.02115129 -0.04734617
v 0.01617524 0.01553211 -0.05141822
v 0.00933187 0.02128928 -0.04745461
v 0.00933187 -0.05116206 -0.05154081
v 0.01023061 -0.05103941 -0.05144818
v 0.01290334 -0.05578466 -0.04734617
v 0.01295328 -0.05567734 -0.04742736
v 0.01105887 -0.05090142 -0.05134302
v 0.01056250 0.02103630 -0.04734617
v 0.01898602 0.01452020 -0.05153101
v 0.01774070 0.01471952 -0.05166505
v 0.01655119 0.01494950 -0.05176041
v 0.01523538 0.01484217 -0.05208680
v 0.01523538 0.01557044 -0.05151139
v 0.00933187 0.02083698 -0.04784639
v 0.00933187 -0.05018848 -0.05192606
v 0.01023061 -0.05018848 -0.05184705
v 0.01147887 -0.05025748 -0.05159694
v 0.01342321 -0.05557768 -0.04734617
v 0.01398125 -0.05483408 -0.04770744
v 0.01477132 -0.05464243 -0.04758920
v 0.01273006 -0.04988951 -0.05148632
v 0.01358768 -0.04968252 -0.05136209
v 0.01189299 -0.05071744 -0.05120134
v 0.01126152 0.02077565 -0.04734617
v 0.01972028 0.01434388 -0.05138661
v 0.01898602 0.01359261 -0.05194568
v 0.01648657 0.01379193 -0.05240557
v 0.01435132 0.01957976 -0.04734617
v 0.01023061 0.01517947 -0.05240176
v 0.01523538 0.01402191 -0.05248513
v 0.00933187 0.01526380 -0.05243445
v 0.00933187 -0.04893892 -0.05205248
v 0.01023061 -0.04893892 -0.05206719
v 0.01147887 -0.04893892 -0.05202251
v 0.01273006 -0.04893892 -0.05188247
v 0.01399887 -0.04900792 -0.05161437
v 0.01398125 -0.05532470 -0.04734617
v 0.01496517 -0.05485708 -0.04734617
v 0.01730014 -0.05341586 -0.04760554
v 0.01560251 -0.05444311 -0.04743336
v 0.01523538 -0.04863995 -0.05150104
v 0.01605482 -0.04843297 -0.05136536
v 0.01544391 0.01915046 -0.04734617
v 0.01585216 0.01898948 -0.04734617
v 0.01648657 0.01871350 -0.04734617
v 0.01672154 0.01860618 -0.04734617
v 0.01744112 0.01825354 -0.04734617
v 0.01804028 0.01791624 -0.04734617
v 0.01854839 0.01760960 -0.04734617
v 0.02356491 0.01441288 -0.04734617
v 0.02425512 0.01391459 -0.04734617
v 0.02555624 0.01284135 -0.04734617
v 0.02570603 0.01271102 -0.04734617
v 0.02686030 0.01166078 -0.04734617
v 0.02706002 0.01146147 -0.04734617
v 0.02809974 0.01028090 -0.04734617
v 0.02930981 0.00885503 -0.04734617
v 0.03056982 0.00733716 -0.04734617
v 0.03139513 0.00630225 -0.04734617
v 0.03150380 0.00616426 -0.04734617
v 0.02109190 0.01234306 -0.05147488
v 0.02018140 0.01346996 -0.05149668
v 0.02024014 0.01234306 -0.05190590
v 0.01763203 0.01348529 -0.05227752
v 0.02014909 0.01100151 -0.05233310
v 0.01890378 0.01225107 -0.05231784
v 0.01714154 0.01299467 -0.05254452
v 0.01648657 0.01317098 -0.05257722
v 0.01523538 0.01339330 -0.05263007
v 0.00933187 0.01463519 -0.05267476
v 0.01023061 0.01455086 -0.05264315
v 0.00933187 0.01508748 -0.05250202
v 0.02458701 -0.03832919 -0.05254071
v 0.00933187 0.01323998 -0.05284967
v 0.01148474 0.01234306 -0.05291287
v 0.02462519 -0.03832919 -0.05254071
v 0.01398125 -0.04768937 -0.05203558
v 0.01523538 -0.04768937 -0.05188791
v 0.01604895 -0.05433579 -0.04734617
v 0.01813427 -0.05320122 -0.04743990
v 0.01807259 -0.05334687 -0.04734617
v 0.01749398 -0.05363052 -0.04734617
v 0.01898895 -0.05232730 -0.04771398
v 0.01647482 -0.04773536 -0.05160021
v 0.01773482 -0.04729840 -0.05143511
v 0.03168590 0.00591129 -0.04734617
v 0.03199723 0.00528267 -0.04744207
v 0.03225569 0.00445475 -0.04763333
v 0.03106031 0.00327418 -0.04891549
v 0.02985611 0.00206295 -0.05018946
v 0.02154127 0.01109350 -0.05170755
v 0.02137385 0.00974428 -0.05218870
v 0.02088630 0.00926133 -0.05254670
v 0.02050448 0.01009692 -0.05245243
v 0.01967035 0.01052622 -0.05254779
v 0.01842797 0.01177577 -0.05255106
v 0.01648657 0.01234306 -0.05269546
v 0.01763203 0.01225107 -0.05259029
v 0.01774070 0.01109350 -0.05273415
v 0.01523538 0.01234306 -0.05278428
v 0.01398419 0.01234306 -0.05285620
v 0.01148474 0.01359261 -0.05279136
v 0.00933187 0.01436688 -0.05272870
v 0.03024087 -0.02392478 -0.05268892
v 0.03024087 -0.02517433 -0.05267802
v 0.00933187 0.01359261 -0.05284040
v 0.01023061 0.01359261 -0.05283386
v 0.01273299 0.01234306 -0.05290361
v 0.01398419 0.01109350 -0.05290579
v 0.02714520 -0.03461884 -0.05254561
v 0.02648435 -0.03768524 -0.05204103
v 0.02512155 -0.03881981 -0.05221813
v 0.02399078 -0.04018436 -0.05215655
v 0.02273959 -0.04143392 -0.05212059
v 0.02023721 -0.04393303 -0.05197129
v 0.01773482 -0.04519025 -0.05211242
v 0.01648363 -0.04643981 -0.05203068
v 0.01773482 -0.04643981 -0.05180236
v 0.01823119 -0.05326255 -0.04734617
v 0.01898895 -0.05282559 -0.04734617
v 0.01967916 -0.05211265 -0.04756740
v 0.01888322 -0.04635549 -0.05144764
v 0.01839273 -0.04708375 -0.05129943
v 0.03221457 0.00515235 -0.04734617
v 0.03274325 0.00237726 -0.04816189
v 0.03215584 0.00177931 -0.04881359
v 0.03189737 0.00261491 -0.04863976
v 0.03251122 0.00468473 -0.04734617
v 0.03358325 0.00208595 -0.04769600
v 0.03143332 0.00237726 -0.04904136
v 0.03069024 0.00135768 -0.04991646
v 0.02965933 -0.00069680 -0.05131904
v 0.02748296 0.00237726 -0.05150158
v 0.02724212 0.00313619 -0.05136372
v 0.02835527 -0.00204602 -0.05253199
v 0.02725093 -0.00055115 -0.05260064
v 0.02024014 0.00859438 -0.05273796
v 0.02014909 0.00974428 -0.05260337
v 0.01890378 0.01100151 -0.05259956
v 0.01648657 0.01109350 -0.05282405
v 0.01898602 0.00984394 -0.05275703
v 0.01774070 0.00984394 -0.05284367
v 0.01523538 0.01109350 -0.05287528
v 0.03122772 -0.02267522 -0.05264369
v 0.03113373 -0.02392478 -0.05263988
v 0.03023499 -0.01267109 -0.05275267
v 0.02966814 -0.02975860 -0.05256141
v 0.01648657 0.00984394 -0.05287855
v 0.01774070 0.00859438 -0.05286656
v 0.02898967 -0.03392890 -0.05193641
v 0.02763275 -0.03509413 -0.05223284
v 0.02886926 -0.03257969 -0.05228460
v 0.02749764 -0.03768524 -0.05154735
v 0.02648142 -0.03891180 -0.05158822
v 0.02525666 -0.04019202 -0.05163781
v 0.02404071 -0.04147224 -0.05167486
v 0.02277483 -0.04273713 -0.05165415
v 0.01984951 -0.05229663 -0.04734617
v 0.02108896 -0.05097808 -0.04764042
v 0.02051623 -0.05181367 -0.04736633
v 0.02053679 -0.05182901 -0.04734617
v 0.02217567 -0.04836397 -0.04881740
v 0.02098029 -0.04716042 -0.05009574
v 0.02366183 -0.04235383 -0.05147597
v 0.03298115 0.00108937 -0.04851662
v 0.03235849 0.00108937 -0.04893892
v 0.03387696 0.00237726 -0.04734617
v 0.03350101 0.00237726 -0.04762898
v 0.03441738 0.00133469 -0.04738649
v 0.03399444 0.00098972 -0.04782895
v 0.03322786 0.00017712 -0.04868227
v 0.02983849 -0.00141741 -0.05144437
v 0.02965051 -0.00446081 -0.05255542
v 0.02898674 -0.00141741 -0.05195548
v 0.02752408 -0.00141741 -0.05265187
v 0.02024014 0.00733716 -0.05281425
v 0.01898602 0.00859438 -0.05284749
v 0.02652254 -0.00014485 -0.05267366
v 0.03148912 -0.01517021 -0.05263661
v 0.03213528 -0.01517021 -0.05254779
v 0.03212353 -0.01599813 -0.05254125
v 0.03185038 -0.02267522 -0.05238541
v 0.03176227 -0.02392478 -0.05234400
v 0.03100744 -0.02517433 -0.05260064
v 0.03023499 -0.01142153 -0.05275104
v 0.03014982 -0.03018023 -0.05222521
v 0.03090464 -0.02594093 -0.05255814
v 0.02986786 -0.03392890 -0.05145308
v 0.02968576 -0.03467251 -0.05133375
v 0.02900142 -0.03512480 -0.05157514
v 0.03024087 -0.03142979 -0.05188791
v 0.03027611 -0.03258735 -0.05157569
v 0.03357150 -0.03737860 -0.04767366
v 0.02723625 -0.03847484 -0.05137625
v 0.02606435 -0.03977806 -0.05140895
v 0.02485134 -0.04108894 -0.05144328
v 0.02248407 -0.04984351 -0.04771289
v 0.02179973 -0.05090142 -0.04734617
v 0.02300980 -0.04799601 -0.04860925
v 0.02399078 -0.04861695 -0.04772815
v 0.02274840 -0.04894659 -0.04816134
v 0.02881639 -0.04459997 -0.04734617
v 0.02861667 -0.04482228 -0.04734617
v 0.02801751 -0.04544323 -0.04734617
v 0.02674282 -0.04669279 -0.04734617
v 0.02591163 -0.04711442 -0.04756086
v 0.02463987 -0.04834098 -0.04755160
v 0.03448199 0.00131169 -0.04734671
v 0.03930760 -0.01610546 -0.04734617
v 0.03731040 -0.00483644 -0.04734671
v 0.03697557 -0.00391652 -0.04734671
v 0.03689039 -0.00371721 -0.04734671
v 0.03627067 -0.00235266 -0.04734671
v 0.03604158 -0.00186970 -0.04734671
v 0.03562158 -0.00099578 -0.04734671
v 0.03507822 0.00012346 -0.04734671
v 0.03481388 0.00066774 -0.04734671
v 0.03463472 0.00049909 -0.04754997
v 0.03479626 -0.00016018 -0.04767202
v 0.03587123 -0.00202302 -0.04754016
v 0.03602396 -0.00266697 -0.04764805
v 0.03342171 -0.00066614 -0.04882340
v 0.03106912 -0.00391652 -0.05144655
v 0.03013513 -0.00399318 -0.05209661
v 0.02896618 -0.00399318 -0.05262953
v 0.03133933 -0.00516608 -0.05164326
v 0.03036422 -0.00516608 -0.05226880
v 0.03139220 -0.00886876 -0.05226662
v 0.03082828 -0.00841646 -0.05250801
v 0.03091052 -0.00925206 -0.05255814
v 0.02973863 -0.00516608 -0.05258430
v 0.02898674 -0.00516608 -0.05271344
v 0.02648729 -0.00141741 -0.05274940
v 0.03213234 -0.01444194 -0.05254725
v 0.03378297 -0.01767699 -0.05158168
v 0.03265808 -0.01610546 -0.05224156
v 0.03262283 -0.01642743 -0.05226281
v 0.03224982 -0.01610546 -0.05247150
v 0.03274031 -0.01767699 -0.05215928
v 0.03274031 -0.02017610 -0.05206065
v 0.03274031 -0.02142566 -0.05200398
v 0.03163010 -0.02517433 -0.05227588
v 0.03365668 -0.02142566 -0.05150975
v 0.03023499 -0.01017198 -0.05272870
v 0.02773555 -0.00391652 -0.05274123
v 0.02898674 -0.00641564 -0.05273088
v 0.03222926 -0.02860870 -0.05136699
v 0.03128940 -0.03018023 -0.05156479
v 0.03235262 -0.02768111 -0.05145908
v 0.03214996 -0.03337695 -0.05005869
v 0.03049346 -0.03392890 -0.05102098
v 0.03088702 -0.03211206 -0.05130269
v 0.03479626 -0.03598339 -0.04734617
v 0.03456423 -0.03645102 -0.04734617
v 0.03383290 -0.03643568 -0.04785130
v 0.03103094 -0.03142979 -0.05139969
v 0.03387108 -0.03763925 -0.04734617
v 0.03256115 -0.03962474 -0.04734617
v 0.03193849 -0.04053699 -0.04734617
v 0.03134814 -0.04134959 -0.04734617
v 0.03086059 -0.04201653 -0.04734617
v 0.02993247 -0.04246882 -0.04773141
v 0.02977681 -0.04346541 -0.04734617
v 0.02935093 -0.04397902 -0.04734617
v 0.02689848 -0.03931043 -0.05115993
v 0.02331526 -0.04952921 -0.04749111
v 0.02301861 -0.04996617 -0.04734617
v 0.02481022 -0.04850963 -0.04734617
v 0.02385568 -0.04929923 -0.04734617
v 0.02610254 -0.04730607 -0.04734617
v 0.02544757 -0.04791935 -0.04734617
v 0.03931347 -0.01638144 -0.04734617
v 0.03441150 -0.01767699 -0.05111470
v 0.03928410 -0.01517021 -0.04734671
v 0.03928117 -0.01510121 -0.04734671
v 0.03921655 -0.01392065 -0.04734671
v 0.03920187 -0.01375966 -0.04734671
v 0.03905501 -0.01267109 -0.04734671
v 0.03898746 -0.01227246 -0.04734671
v 0.03881711 -0.01142153 -0.04734671
v 0.03872900 -0.01101524 -0.04734671
v 0.03798886 -0.00766520 -0.04734671
v 0.03794480 -0.00747355 -0.04734671
v 0.03760997 -0.00602467 -0.04734671
v 0.03708718 -0.00466012 -0.04749765
v 0.03693445 -0.00391652 -0.04738159
v 0.03630885 -0.00391652 -0.04784585
v 0.03222339 -0.00668395 -0.05136645
v 0.03237318 -0.00766520 -0.05147543
v 0.03160367 -0.00632365 -0.05170538
v 0.03255821 -0.00891475 -0.05159640
v 0.03343346 -0.01056294 -0.05133648
v 0.03034073 -0.00886876 -0.05266549
v 0.03007933 -0.00766520 -0.05266168
v 0.03351276 -0.01142153 -0.05139641
v 0.03358325 -0.01267109 -0.05145853
v 0.03370661 -0.01517021 -0.05155444
v 0.03275793 -0.01517021 -0.05217944
v 0.03351276 -0.01610546 -0.05173316
v 0.03376535 -0.01642743 -0.05158114
v 0.03375654 -0.01891888 -0.05156806
v 0.03372129 -0.02017610 -0.05155008
v 0.03263458 -0.02517433 -0.05165034
v 0.03249653 -0.02643156 -0.05155825
v 0.03354213 -0.02267522 -0.05142475
v 0.03928117 -0.02017610 -0.04734617
v 0.03915194 -0.02123401 -0.04734617
v 0.03912844 -0.02142566 -0.04734617
v 0.03877599 -0.02392478 -0.04734617
v 0.03838830 -0.02464538 -0.04754724
v 0.03774802 -0.02859337 -0.04734617
v 0.03765697 -0.02893067 -0.04734617
v 0.03737207 -0.02985826 -0.04734617
v 0.03719878 -0.03037188 -0.04734617
v 0.03622368 -0.03142979 -0.04777556
v 0.03348633 -0.02988892 -0.05012952
v 0.03256115 -0.03142979 -0.05034367
v 0.03165654 -0.03142979 -0.05096921
v 0.03800648 -0.02758146 -0.04734617
v 0.03798298 -0.02768111 -0.04734617
v 0.03229681 -0.03267935 -0.05016113
v 0.03292535 -0.03267935 -0.04972357
v 0.03601808 -0.03239570 -0.04764096
v 0.03521039 -0.03511713 -0.04734617
v 0.02343274 -0.04964420 -0.04734617
v 0.03933697 -0.01891888 -0.04734617
v 0.03438213 -0.01891888 -0.05109617
v 0.03375360 -0.01610546 -0.05157460
v 0.03859977 -0.01267109 -0.04770145
v 0.03847935 -0.01142153 -0.04762571
v 0.03839711 -0.01065493 -0.04756032
v 0.03758061 -0.00891475 -0.04789543
v 0.03718704 -0.00549572 -0.04758865
v 0.03628536 -0.01017198 -0.04909966
v 0.03861739 -0.02486003 -0.04734617
v 0.03681109 -0.03142979 -0.04734617
v 0.03474927 -0.03116148 -0.04888606
v 0.03630885 -0.03264101 -0.04734617
v 0.00782197 0.05362931 0.01938671
v 0.00782036 0.05612934 0.01188233
v 0.00782036 0.05487784 0.01688612
v 0.00780749 0.05362931 0.02063962
v 0.00780749 0.05358185 0.02068660
v 0.00773993 0.05237781 0.02068660
v 0.00765628 0.05738084 -0.00597941
v 0.00780588 0.05738084 0.00563085
v 0.00781553 0.05612934 0.01313263
v 0.00781231 0.05738084 0.00688115
v 0.00779623 0.05487784 0.01813642
v 0.00779784 0.05612934 0.01438292
v 0.00780427 0.05362931 0.02068660
v 0.00771580 0.05487784 0.01938671
v 0.00772545 0.05232591 0.02068660
v 0.00735708 0.05631024 -0.00597941
v 0.00766271 0.05863085 -0.00597941
v 0.00767398 0.05863085 -0.00562703
v 0.00769328 0.05863085 -0.00437673
v 0.00770776 0.05863085 -0.00312644
v 0.00772062 0.05863085 -0.00187614
v 0.00773028 0.05863085 -0.00062324
v 0.00780105 0.05738084 0.00812883
v 0.00772867 0.05863085 0.00062706
v 0.00776245 0.05612934 0.01563583
v 0.00756781 0.05483187 0.02068660
v 0.00766432 0.05612934 0.01688612
v 0.00756137 0.05487784 0.02063962
v 0.00737960 0.05132797 0.02068660
v 0.00725896 0.05613527 -0.00597941
v 0.00736352 0.05961099 -0.00597941
v 0.00737799 0.05963472 -0.00562703
v 0.00739891 0.05967475 -0.00437673
v 0.00775762 0.05738084 0.00937913
v 0.00770293 0.05863085 0.00187736
v 0.00739086 0.05967920 -0.00062324
v 0.00738443 0.05966141 0.00062706
v 0.00768684 0.05738084 0.01063203
v 0.00760481 0.05738084 0.01188233
v 0.00741017 0.05717769 0.01563583
v 0.00755172 0.05487932 0.02068660
v 0.00731526 0.05700420 0.01688612
v 0.00742786 0.05621979 0.01818340
v 0.00736191 0.05590988 0.01938671
v 0.00691633 0.05068146 0.02068660
v 0.00694046 0.05568449 -0.00597941
v 0.00699837 0.06006177 -0.00597941
v 0.00687129 0.06026047 -0.00562703
v 0.00690829 0.06029902 -0.00437673
v 0.00690829 0.06030495 -0.00062324
v 0.00765628 0.05863085 0.00312765
v 0.00759998 0.05863085 0.00438056
v 0.00745199 0.05854485 0.00812883
v 0.00687451 0.06028716 0.00062706
v 0.00735708 0.05960654 0.00187736
v 0.00740695 0.05843363 0.00937913
v 0.00733456 0.05831946 0.01063203
v 0.00725252 0.05820528 0.01188233
v 0.00716566 0.05808814 0.01313263
v 0.00711419 0.05802141 0.01382956
v 0.00721874 0.05563259 0.02068660
v 0.00719622 0.05685888 0.01779709
v 0.00701445 0.05792354 0.01466483
v 0.00686807 0.05780344 0.01563583
v 0.00720748 0.05565483 0.02068660
v 0.00624072 0.04977398 0.02068660
v 0.00649166 0.05521295 -0.00597941
v 0.00584018 0.04924313 0.02068660
v 0.00685199 0.06023674 -0.00597941
v 0.00667665 0.06040133 -0.00597941
v 0.00622624 0.06080911 -0.00597941
v 0.00624555 0.06082542 -0.00562703
v 0.00628255 0.06085953 -0.00437673
v 0.00628094 0.06085953 -0.00312644
v 0.00628094 0.06084915 -0.00187614
v 0.00628255 0.06082542 -0.00062324
v 0.00731043 0.05953833 0.00312765
v 0.00725252 0.05946419 0.00438056
v 0.00624877 0.06078390 0.00062706
v 0.00680373 0.06023229 0.00187736
v 0.00718979 0.05937967 0.00563085
v 0.00713831 0.05930850 0.00655748
v 0.00707719 0.05923584 0.00739014
v 0.00692276 0.05905939 0.00937913
v 0.00681981 0.05894521 0.01063203
v 0.00666700 0.05882955 0.01188233
v 0.00604126 0.05938561 0.01188233
v 0.00666217 0.05762995 0.01688612
v 0.00647558 0.05738825 0.01814947
v 0.00704502 0.05669577 0.01863236
v 0.00591579 0.05929664 0.01268628
v 0.00624233 0.05830314 0.01563583
v 0.00603643 0.05814745 0.01688612
v 0.00590453 0.05804810 0.01766658
v 0.00648684 0.05637845 0.02068660
v 0.00689381 0.05653563 0.01938671
v 0.00631633 0.05503502 -0.00597941
v 0.00524018 0.04868114 0.02068660
v 0.00568415 0.05441075 -0.00597941
v 0.00613938 0.05485856 -0.00597941
v 0.00522409 0.06125396 -0.00562703
v 0.00522409 0.06122875 -0.00597941
v 0.00522409 0.06132662 -0.00437673
v 0.00522409 0.06136072 -0.00312644
v 0.00522409 0.06134292 -0.00187614
v 0.00672652 0.06016409 0.00312765
v 0.00522409 0.06105525 0.00312765
v 0.00522409 0.06097370 0.00438056
v 0.00617960 0.06072755 0.00187736
v 0.00522409 0.06127768 -0.00062324
v 0.00610238 0.06066824 0.00312765
v 0.00601552 0.06060893 0.00438056
v 0.00664126 0.06008994 0.00438056
v 0.00619407 0.05951164 0.01063203
v 0.00581927 0.06047844 0.00616595
v 0.00505519 0.06069493 0.00688115
v 0.00626807 0.05712579 0.01938671
v 0.00476565 0.06057186 0.00812883
v 0.00522409 0.05969700 0.01188233
v 0.00524983 0.05943305 0.01311435
v 0.00485090 0.05933964 0.01412190
v 0.00524983 0.05822011 0.01810510
v 0.00568415 0.05791910 0.01849924
v 0.00639032 0.05647187 0.02068660
v 0.00604608 0.05691968 0.02040470
v 0.00523214 0.04867521 0.02068660
v 0.00506002 0.05389473 -0.00597941
v 0.00370237 0.06187377 -0.00562703
v 0.00365572 0.06185894 -0.00597941
v 0.00380532 0.06189898 -0.00437673
v 0.00386323 0.06191825 -0.00312644
v 0.00384232 0.06190936 -0.00187614
v 0.00397261 0.06116943 0.00563085
v 0.00397261 0.06102412 0.00688115
v 0.00533026 0.06077500 0.00570133
v 0.00593026 0.06055406 0.00533068
v 0.00372489 0.06186635 -0.00062324
v 0.00354151 0.06181001 0.00062706
v 0.00340961 0.06177443 0.00142318
v 0.00397261 0.06081207 0.00812883
v 0.00459996 0.06050810 0.00875790
v 0.00407556 0.05950719 0.01447689
v 0.00370076 0.05937226 0.01563583
v 0.00343856 0.05928626 0.01637452
v 0.00484929 0.05810593 0.01899518
v 0.00597209 0.05685740 0.02068660
v 0.00428790 0.04810136 0.02068660
v 0.00476243 0.05374645 -0.00597941
v 0.00272113 0.06209027 -0.00562703
v 0.00272113 0.06206506 -0.00597941
v 0.00272113 0.06211696 -0.00437673
v 0.00272113 0.06213030 -0.00312644
v 0.00272113 0.06210509 -0.00187614
v 0.00272113 0.06107453 0.00812883
v 0.00272113 0.06087880 0.00937913
v 0.00272113 0.06203540 -0.00062324
v 0.00272113 0.06193605 0.00062706
v 0.00273561 0.06182336 0.00185647
v 0.00232864 0.06178629 0.00274917
v 0.00233990 0.06056890 0.01157955
v 0.00347234 0.06054369 0.01019091
v 0.00272113 0.05965548 0.01563583
v 0.00264392 0.05937077 0.01682870
v 0.00397261 0.05862047 0.01813642
v 0.00395170 0.05823790 0.01940238
v 0.00352060 0.05806738 0.02013585
v 0.00533187 0.05715841 0.02068660
v 0.00397261 0.04798125 0.02068660
v 0.00398709 0.05346768 -0.00597941
v 0.00147126 0.06224299 -0.00562703
v 0.00147126 0.06221778 -0.00597941
v 0.00147126 0.06224002 -0.00437673
v 0.00147126 0.06222075 -0.00312644
v 0.00147126 0.06218368 -0.00187614
v 0.00147126 0.06213772 -0.00062324
v 0.00147126 0.06206951 0.00062706
v 0.00147126 0.06103301 0.00937913
v 0.00143104 0.06182039 0.00315114
v 0.00147126 0.06196274 0.00187736
v 0.00147126 0.06082690 0.01063203
v 0.00147126 0.06060744 0.01178575
v 0.00147126 0.05982155 0.01563583
v 0.00217421 0.05927439 0.01757000
v 0.00272113 0.05854188 0.01938671
v 0.00261336 0.05815190 0.02058742
v 0.00254419 0.05813262 0.02068660
v 0.00261336 0.05810890 0.02068660
v 0.00395331 0.05764922 0.02068660
v 0.00266644 0.04764910 0.02068660
v 0.00138118 0.05286713 -0.00597941
v 0.00021978 0.06233196 -0.00562703
v 0.00057045 0.06228155 -0.00597941
v 0.00021978 0.06232900 -0.00437673
v 0.00021978 0.06228748 -0.00312644
v 0.00021978 0.06211992 0.00062706
v 0.00021978 0.06202947 0.00187736
v 0.00021978 0.06106267 0.00937913
v 0.00021978 0.06086101 0.01063203
v 0.00098868 0.06176849 0.00382980
v 0.00021978 0.06177888 0.00390811
v 0.00009913 0.06060151 0.01198674
v -0.00039792 0.06050810 0.01250878
v -0.00040918 0.06050810 0.01250878
v 0.00021978 0.05981117 0.01563583
v 0.00147126 0.05949533 0.01688612
v 0.00147126 0.05928329 0.01760132
v 0.00147126 0.05828832 0.02063962
v 0.00147126 0.05826904 0.02068660
v 0.00178332 0.04748006 0.02068660
v 0.00100477 0.05281227 -0.00597941
v 0.00021978 0.06230082 -0.00597941
v -0.00103010 0.06232158 -0.00597941
v -0.00103010 0.06235124 -0.00562703
v -0.00103010 0.06233938 -0.00437673
v -0.00227997 0.06200426 0.00187736
v -0.00103010 0.06202354 0.00187736
v -0.00227997 0.06189453 0.00312765
v -0.00103010 0.06189305 0.00312765
v 0.00021978 0.06187970 0.00312765
v -0.00103010 0.06108788 0.00937913
v -0.00103010 0.06088325 0.01063203
v -0.00090784 0.06060893 0.01198935
v -0.00227997 0.05976817 0.01563583
v -0.00103010 0.05979190 0.01563583
v 0.00021978 0.05948347 0.01688612
v 0.00021978 0.05928181 0.01759610
v 0.00021978 0.05829573 0.02063962
v 0.00021978 0.05827942 0.02068660
v 0.00138600 0.05827053 0.02068660
v 0.00029377 0.04729025 0.02068660
v 0.00021978 0.05271292 -0.00597941
v -0.00227997 0.06222520 -0.00597941
v -0.00227997 0.06224893 -0.00562703
v -0.00227997 0.06223261 -0.00437673
v -0.00361510 0.06187229 0.00192173
v -0.00322260 0.06182484 0.00312765
v -0.00103010 0.06178480 0.00396814
v -0.00297971 0.06177146 0.00384285
v -0.00227997 0.06101819 0.00937913
v -0.00227997 0.06080763 0.01063203
v -0.00227997 0.06059855 0.01169439
v -0.00353145 0.05963917 0.01563583
v -0.00353145 0.05936930 0.01664337
v -0.00224780 0.05940044 0.01699053
v -0.00103010 0.05946123 0.01688612
v -0.00103010 0.05927291 0.01756739
v -0.00103010 0.05828535 0.02063962
v -0.00103010 0.05826608 0.02068660
v 0.00021978 0.04728136 0.02068660
v -0.00103010 0.05263730 -0.00597941
v -0.00103010 0.04720426 0.02068660
v -0.00353145 0.06205023 -0.00597941
v -0.00353145 0.06206802 -0.00562703
v -0.00353145 0.06206061 -0.00437673
v -0.00353145 0.06204133 -0.00312644
v -0.00443709 0.06181001 0.00062706
v -0.00428588 0.06179074 0.00153542
v -0.00478293 0.06084173 0.00812883
v -0.00353145 0.06104488 0.00812883
v -0.00353145 0.06085211 0.00937913
v -0.00355719 0.06062672 0.01067641
v -0.00315665 0.06054369 0.01145686
v -0.00444513 0.06055851 0.01029010
v -0.00478293 0.05964955 0.01438292
v -0.00474915 0.05938264 0.01559667
v -0.00431162 0.05929367 0.01639018
v -0.00486980 0.05824087 0.01949373
v -0.00353145 0.05848998 0.01938671
v -0.00264351 0.05920766 0.01747603
v -0.00180865 0.05926253 0.01753346
v -0.00215772 0.05818897 0.02067616
v -0.00214967 0.05818601 0.02068660
v -0.00107675 0.05826459 0.02068660
v -0.00227997 0.05861305 0.01938671
v -0.00227997 0.05256464 -0.00597941
v -0.00226710 0.04746226 0.02068660
v -0.00350571 0.05277372 -0.00597941
v -0.00458347 0.06185746 -0.00597941
v -0.00461403 0.06186487 -0.00562703
v -0.00466390 0.06185894 -0.00312644
v -0.00468642 0.06184560 -0.00187614
v -0.00460921 0.06182336 -0.00062324
v -0.00523334 0.06169287 -0.00062324
v -0.00506122 0.06162466 0.00062706
v -0.00564031 0.06061486 0.00812883
v -0.00551162 0.06055555 0.00903458
v -0.00482958 0.06064007 0.00942350
v -0.00550841 0.05929070 0.01515555
v -0.00570626 0.05813262 0.01914918
v -0.00534433 0.05797544 0.01998446
v -0.00451108 0.05806293 0.02012541
v -0.00353145 0.05814597 0.02030029
v -0.00486658 0.05770557 0.02068660
v -0.00253091 0.04758386 0.02068660
v -0.00411215 0.05304211 -0.00597941
v -0.00475881 0.06180112 -0.00597941
v -0.00523816 0.06166173 -0.00562703
v -0.00531216 0.06170770 -0.00187614
v -0.00603281 0.06128954 -0.00062324
v -0.00614219 0.06077797 0.00440405
v -0.00592825 0.06075573 0.00563085
v -0.00578991 0.06068455 0.00688115
v -0.00626444 0.06029754 0.00812883
v -0.00671646 0.05929812 0.01273065
v -0.00610519 0.05948347 0.01314046
v -0.00572878 0.05937374 0.01438292
v -0.00635452 0.05911128 0.01438292
v -0.00676954 0.05808666 0.01775794
v -0.00608750 0.05827497 0.01815991
v -0.00653951 0.05792058 0.01859321
v -0.00608750 0.05781678 0.01949373
v -0.00695775 0.05693747 0.02068660
v -0.00607785 0.05734228 0.02068660
v -0.00603281 0.05735859 0.02068660
v -0.00498722 0.05767147 0.02068660
v -0.00353145 0.04805243 0.02068660
v -0.00426497 0.05313256 -0.00597941
v -0.00474111 0.04863666 0.02068660
v -0.00520921 0.06165432 -0.00597941
v -0.00603281 0.06121392 -0.00597941
v -0.00603281 0.06123468 -0.00562703
v -0.00603281 0.06128361 -0.00437673
v -0.00603281 0.06131920 -0.00312644
v -0.00603281 0.06133848 -0.00187614
v -0.00698670 0.06072903 -0.00062324
v -0.00690949 0.06067565 0.00062706
v -0.00674863 0.06056741 0.00312765
v -0.00669072 0.06052886 0.00400469
v -0.00705587 0.06076314 -0.00187614
v -0.00663120 0.06047696 0.00483996
v -0.00711378 0.05959616 0.00937913
v -0.00699153 0.05949089 0.01063203
v -0.00708000 0.05836394 0.01563583
v -0.00691431 0.05821121 0.01688612
v -0.00657008 0.05919580 0.01356331
v -0.00682906 0.05937523 0.01188233
v -0.00761727 0.05897338 0.01063203
v -0.00745480 0.05885624 0.01188233
v -0.00784569 0.05669132 0.01980696
v -0.00697383 0.05694785 0.02063962
v -0.00754166 0.05648521 0.02068660
v -0.00476041 0.05345137 -0.00597941
v -0.00605854 0.04941810 0.02068660
v -0.00668589 0.06083283 -0.00597941
v -0.00700761 0.06074386 -0.00437673
v -0.00706391 0.06076462 -0.00312644
v -0.00753362 0.06016853 0.00062706
v -0.00745480 0.06012702 0.00187736
v -0.00737437 0.06006325 0.00312765
v -0.00792129 0.05927143 0.00637999
v -0.00719099 0.05967179 0.00812883
v -0.00761244 0.06019077 -0.00062324
v -0.00768161 0.06021895 -0.00187614
v -0.00773952 0.05906976 0.00937913
v -0.00792612 0.05802438 0.01384261
v -0.00795024 0.05680253 0.01897169
v -0.00799368 0.05810297 0.01313263
v -0.00811432 0.05583870 0.02063962
v -0.00810628 0.05582388 0.02068660
v -0.00762048 0.05641107 0.02068660
v -0.00759796 0.05646445 0.02063962
v -0.00820279 0.05621682 0.01938932
v -0.00758510 0.05644962 0.02068660
v -0.00505479 0.05365006 -0.00597941
v -0.00619367 0.04951152 0.02068660
v -0.00691914 0.06069196 -0.00597941
v -0.00693844 0.06070531 -0.00562703
v -0.00768805 0.06020264 -0.00312644
v -0.00805802 0.05943898 0.00312765
v -0.00800976 0.05937671 0.00438056
v -0.00795668 0.05931146 0.00563085
v -0.00813362 0.05834763 0.01063203
v -0.00806606 0.05959320 -0.00187614
v -0.00809984 0.05954278 0.00062706
v -0.00809180 0.05950126 0.00187736
v -0.00808215 0.05823049 0.01188233
v -0.00802263 0.05689299 0.01813642
v -0.00811754 0.05702941 0.01688612
v -0.00848108 0.05487784 0.02063962
v -0.00846982 0.05487932 0.02068660
v -0.00837491 0.05612934 0.01813642
v -0.00563066 0.05404894 -0.00597941
v -0.00688375 0.05007796 0.02068660
v -0.00754488 0.06004991 -0.00597941
v -0.00756418 0.06007215 -0.00562703
v -0.00763174 0.06014036 -0.00437673
v -0.00804676 0.05957837 -0.00312644
v -0.00799368 0.05942416 -0.00597941
v -0.00800494 0.05944788 -0.00562703
v -0.00802907 0.05951461 -0.00437673
v -0.00816580 0.05844401 0.00937913
v -0.00840065 0.05738084 0.01188233
v -0.00837330 0.05863085 -0.00187614
v -0.00838456 0.05863085 -0.00062324
v -0.00808376 0.05956651 -0.00062324
v -0.00834757 0.05863085 -0.00437673
v -0.00836204 0.05863085 -0.00312644
v -0.00839261 0.05863085 0.00062706
v -0.00838135 0.05863085 0.00187736
v -0.00835722 0.05863085 0.00312765
v -0.00832344 0.05863085 0.00438056
v -0.00826553 0.05863085 0.00563085
v -0.00830413 0.05738084 0.01313263
v -0.00818510 0.05717324 0.01563583
v -0.00860977 0.05362931 0.02068660
v -0.00858885 0.05487784 0.01938671
v -0.00846660 0.05612934 0.01688612
v -0.00608106 0.05445078 -0.00597941
v -0.00691431 0.05012392 0.02068660
v -0.00805802 0.05652970 -0.00597941
v -0.00757384 0.05590395 -0.00597941
v -0.00739850 0.05569339 -0.00597941
v -0.00694809 0.05523668 -0.00597941
v -0.00832022 0.05863085 -0.00562703
v -0.00807893 0.05921805 -0.00597941
v -0.00830574 0.05863085 -0.00597941
v -0.00845856 0.05738084 0.01063203
v -0.00853255 0.05612934 0.01563583
v -0.00852451 0.05738084 0.00688115
v -0.00833148 0.05828090 -0.00597941
v -0.00837009 0.05738084 -0.00597941
v -0.00851164 0.05738084 0.00563085
v -0.00852129 0.05738084 0.00812883
v -0.00849877 0.05738084 0.00937913
v -0.00820923 0.05228587 0.02068660
v -0.00861137 0.05362931 0.02063962
v -0.00855507 0.05612934 0.01438292
v -0.00858885 0.05487784 0.01813642
v -0.00758188 0.05119155 0.02068660
v -0.00828483 0.05713914 -0.00597941
v -0.00815775 0.05218356 0.02068660
v -0.00030567 0.02459511 0.02437563
v -0.00103079 0.02460294 0.02437563
v -0.00030567 0.02338007 0.02437563
v -0.00030567 0.02782593 -0.01758284
v -0.00228213 0.02675885 -0.00341557
v -0.00228213 0.02453766 0.02437563
v -0.00353241 0.02675624 -0.00346171
v -0.00478374 0.02730240 -0.01063247
v -0.00478374 0.02720274 -0.00937669
v -0.00478374 0.02710047 -0.00812604
v -0.00478374 0.02699777 -0.00687538
v -0.01095095 0.02338007 0.02437563
v -0.00030567 0.02338007 0.02133613
v -0.00030567 0.02782593 -0.02014566
v -0.00353241 0.02782593 -0.01750595
v -0.00353241 0.02702040 -0.00687538
v -0.00353241 0.02692422 -0.00562472
v -0.00353241 0.02682718 -0.00437407
v -0.00728430 0.02601860 0.00187408
v -0.00728430 0.02590850 0.00312474
v -0.00693489 0.02551770 0.00789158
v -0.00353241 0.02439754 0.02437563
v -0.00603297 0.02723538 -0.01063247
v -0.00603297 0.02713006 -0.00937669
v -0.00603297 0.02691247 -0.00687538
v -0.00606454 0.02679802 -0.00560422
v -0.00603297 0.02732764 -0.01188313
v -0.00365554 0.02782593 -0.01751621
v -0.00481531 0.02782593 -0.01807490
v -0.00698225 0.02782593 -0.01947932
v -0.01103724 0.02338007 0.02418599
v -0.01006270 0.02353152 0.02437563
v -0.00937441 0.02551901 0.00412936
v -0.00978907 0.02555034 0.00301198
v -0.01042052 0.02548550 0.00252504
v -0.00030567 0.02355806 0.01688708
v -0.01105724 0.02338007 0.01007510
v -0.00030567 0.02771713 -0.02013028
v -0.00574986 0.02782593 -0.02798788
v -0.00853563 0.02597073 0.00062343
v -0.00684439 0.02675493 -0.00600402
v -0.00799258 0.02674318 -0.00739307
v -0.00826832 0.02677452 -0.00812604
v -0.00853563 0.02586019 0.00187408
v -0.00853563 0.02574748 0.00312474
v -0.00805152 0.02550595 0.00648716
v -0.00728430 0.02579535 0.00437539
v -0.00691806 0.02426611 0.02161291
v -0.00449432 0.02427351 0.02437563
v -0.00834935 0.02782593 -0.02063259
v -0.00728430 0.02699385 -0.00937669
v -0.01105724 0.02338007 0.02412448
v -0.01105724 0.02560082 -0.00037607
v -0.00978591 0.02357852 0.02437563
v -0.00913972 0.02671577 -0.00878724
v -0.00978591 0.02598814 -0.00187276
v -0.00930601 0.02676146 -0.00962272
v -0.01103724 0.02595681 -0.00437407
v -0.01103724 0.02573791 -0.00187276
v -0.01105724 0.02573355 -0.00187276
v -0.00030567 0.02363770 0.01563130
v -0.01105724 0.02365641 0.00560555
v -0.00030567 0.02765446 -0.02012003
v -0.00853247 0.02656781 -0.02798788
v -0.00893976 0.02782593 -0.02798788
v -0.00030567 0.02702866 -0.01954596
v -0.00030567 0.02670184 -0.01892063
v -0.00864824 0.02682587 -0.00927418
v -0.00728430 0.02688680 -0.00812604
v -0.00731482 0.02430484 0.02060317
v -0.00840092 0.02782593 -0.02073511
v -0.01045420 0.02674275 -0.01238544
v -0.00888504 0.02782593 -0.02189350
v -0.01105724 0.02595202 -0.00437407
v -0.01105724 0.02595028 -0.00435357
v -0.01105724 0.02607169 -0.02798788
v -0.01103724 0.02607387 -0.02798788
v -0.00030567 0.02627710 -0.01563510
v -0.00978591 0.02625012 -0.02798788
v -0.01105408 0.02736768 -0.02798788
v -0.00919971 0.02782593 -0.02689100
v -0.00030567 0.02662655 -0.01846957
v -0.01058575 0.02677017 -0.01313378
v -0.00927338 0.02782593 -0.02438968
v -0.01105724 0.02706087 -0.01938706
v -0.01105724 0.02705956 -0.01936143
v -0.01105724 0.02699690 -0.01813641
v -0.01105724 0.02692422 -0.01688575
v -0.01105724 0.02690203 -0.01653721
v -0.01105724 0.02683501 -0.01551721
v -0.01079308 0.02681630 -0.01438444
v -0.01105724 0.02623489 -0.02798788
v -0.00030567 0.02640330 -0.01688575
v -0.00030567 0.02657607 -0.01813641
v -0.00030567 0.02646945 -0.01740856
v -0.01105724 0.02734679 -0.02689100
v -0.00933337 0.02782593 -0.02564034
v -0.01105724 0.02732111 -0.02564034
v -0.01105724 0.02732068 -0.02561984
v -0.01105724 0.02728238 -0.02438968
v -0.01105724 0.02728151 -0.02436918
v -0.01105724 0.02722798 -0.02311853
v -0.01105724 0.02711875 -0.02063772
v 0.00933187 -0.03379080 -0.04807289
v 0.00933187 -0.05922255 -0.04242472
v 0.00933187 -0.03379080 -0.04932715
v 0.00020943 -0.03379080 -0.04792923
v -0.04202655 -0.03379635 -0.04242572
v -0.01341976 -0.05892273 -0.04242472
v 0.00933187 -0.06082990 -0.04242472
v -0.01341976 -0.03379080 -0.04933607
v 0.00933187 -0.04644698 -0.05186243
v -0.03037846 -0.03438488 -0.05254604
v -0.03005174 -0.03379357 -0.05233105
v -0.03095931 -0.03379357 -0.05235483
v -0.00102487 -0.03379080 -0.04793121
v -0.04364982 -0.03379635 -0.04242572
v -0.01341976 -0.06045512 -0.04242472
v 0.00882362 -0.06098814 -0.04242472
v 0.00868360 -0.06092151 -0.04268133
v 0.00933187 -0.06066611 -0.04273978
v -0.01341976 -0.03379080 -0.04807189
v -0.03109934 -0.03379357 -0.05234294
v -0.03229215 -0.03379357 -0.05199321
v -0.03333976 -0.03379357 -0.05153549
v -0.03870742 -0.03379357 -0.04787077
v 0.00933187 -0.04769623 -0.05206157
v -0.03037846 -0.03460420 -0.05254604
v -0.03044588 -0.03438488 -0.05254604
v -0.00713934 -0.03379080 -0.04798471
v -0.04338013 -0.03379635 -0.04303601
v -0.04306897 -0.03485959 -0.04279823
v -0.04338013 -0.03447094 -0.04242572
v -0.00839438 -0.03379080 -0.04799957
v -0.01339383 -0.03379080 -0.04807090
v -0.01194690 -0.06090763 -0.04242472
v -0.04313638 -0.03502616 -0.04242572
v -0.04286671 -0.03560081 -0.04242572
v -0.04161166 -0.03804099 -0.04242572
v -0.04037217 -0.04038678 -0.04242572
v -0.04018547 -0.04071159 -0.04242572
v -0.03940755 -0.04195250 -0.04242572
v -0.03820955 -0.04375418 -0.04242572
v -0.03785171 -0.04427331 -0.04242572
v -0.03769093 -0.04448707 -0.04242572
v -0.03658110 -0.04583070 -0.04242572
v -0.03558536 -0.04695779 -0.04242572
v -0.03427326 -0.04842634 -0.04242572
v -0.03412805 -0.04857624 -0.04242572
v -0.03366129 -0.04905096 -0.04242572
v -0.03317899 -0.04952845 -0.04242572
v -0.03190319 -0.05076103 -0.04242572
v -0.03048219 -0.05199916 -0.04242572
v -0.03033179 -0.05212131 -0.04242572
v -0.02866704 -0.05330670 -0.04242572
v -0.02676372 -0.05463089 -0.04242572
v -0.02655627 -0.05477247 -0.04242572
v -0.02500561 -0.05579963 -0.04242572
v -0.02459072 -0.05605225 -0.04242572
v -0.02404618 -0.05636317 -0.04242572
v -0.02287411 -0.05699889 -0.04242572
v -0.02282225 -0.05702388 -0.04242572
v -0.01954979 -0.05848688 -0.04242572
v -0.01908303 -0.05868120 -0.04242572
v -0.01777094 -0.05921144 -0.04242572
v -0.01741828 -0.05935024 -0.04242572
v -0.01696190 -0.05952791 -0.04242572
v -0.01677001 -0.05959732 -0.04242572
v 0.00771898 -0.06117136 -0.04242472
v 0.00771898 -0.06101312 -0.04283390
v 0.00897402 -0.05986105 -0.04418625
v 0.00933187 -0.05982218 -0.04413374
v 0.00933187 -0.06044124 -0.04313013
v -0.03240625 -0.03528434 -0.05161574
v -0.03330345 -0.03393793 -0.05152559
v -0.03044588 -0.03460420 -0.05254604
v -0.03920529 -0.03379635 -0.04754483
v -0.03976539 -0.03379635 -0.04712376
v -0.04063148 -0.03379635 -0.04645601
v -0.04070408 -0.03379635 -0.04639260
v -0.04125900 -0.03379635 -0.04589427
v -0.04189690 -0.03379635 -0.04526911
v -0.04196950 -0.03379635 -0.04518589
v -0.04271112 -0.03379635 -0.04419417
v -0.04297043 -0.03379635 -0.04382859
v -0.04316232 -0.03379635 -0.04346400
v -0.04330753 -0.03379635 -0.04317966
v 0.00933187 -0.04893991 -0.05205166
v 0.00396939 -0.04893991 -0.05209526
v -0.00978946 -0.05019193 -0.05207643
v -0.04283559 -0.03437100 -0.04363243
v -0.04181911 -0.03732476 -0.04274671
v -0.01182761 -0.06087154 -0.04262188
v -0.01161498 -0.06098258 -0.04242472
v -0.01656775 -0.05965839 -0.04242572
v -0.04053813 -0.03977327 -0.04270807
v -0.03923121 -0.04090591 -0.04386426
v -0.03897709 -0.04173874 -0.04342140
v -0.03921047 -0.04211906 -0.04258820
v -0.03810583 -0.04357929 -0.04281210
v -0.03782577 -0.04319896 -0.04364630
v -0.03697006 -0.04492847 -0.04292207
v -0.03662259 -0.04576129 -0.04245841
v -0.03428882 -0.04719098 -0.04393658
v -0.03451701 -0.04764070 -0.04306573
v -0.03421622 -0.04836249 -0.04258820
v -0.03388949 -0.04802381 -0.04342239
v -0.03342792 -0.04881776 -0.04300529
v -0.03296635 -0.04961172 -0.04258721
v -0.03171130 -0.05085264 -0.04258027
v -0.03039921 -0.05204635 -0.04249011
v -0.02816398 -0.05348159 -0.04279328
v -0.02672223 -0.05460036 -0.04258126
v -0.02444033 -0.05599395 -0.04278436
v -0.02283780 -0.05700722 -0.04244553
v -0.01939420 -0.05842025 -0.04272789
v -0.01850737 -0.05858682 -0.04314895
v -0.01717972 -0.05916147 -0.04303997
v -0.01669222 -0.05957788 -0.04254559
v 0.00112220 -0.06213466 -0.04242472
v 0.00101847 -0.06209857 -0.04257036
v 0.00771898 -0.06059115 -0.04345905
v 0.00647430 -0.06109918 -0.04298548
v 0.00396939 -0.06090763 -0.04390290
v 0.00473176 -0.06084933 -0.04381373
v 0.00933187 -0.05936690 -0.04475889
v 0.00715887 -0.05958621 -0.04504917
v -0.03104748 -0.03643919 -0.05183866
v -0.03201729 -0.03643919 -0.05145326
v -0.03289375 -0.03576460 -0.05125314
v -0.03309082 -0.03493178 -0.05139481
v -0.03830808 -0.03518995 -0.04778062
v -0.02104340 -0.04519497 -0.05212894
v -0.02479817 -0.04269649 -0.05204076
v -0.02604803 -0.04144170 -0.05207147
v -0.02729789 -0.04019246 -0.05209228
v -0.02854775 -0.03894044 -0.05209823
v -0.02979762 -0.03769121 -0.05197240
v -0.03893042 -0.03518995 -0.04734272
v -0.04046552 -0.03465139 -0.04631434
v -0.04187097 -0.03393793 -0.04524237
v -0.04122788 -0.03393793 -0.04586851
v -0.04172575 -0.03465694 -0.04508979
v 0.00933187 -0.05019193 -0.05192584
v 0.00897402 -0.05019193 -0.05195655
v 0.00771898 -0.05019193 -0.05201699
v 0.00647430 -0.05019193 -0.05203185
v -0.00853960 -0.05019193 -0.05207445
v 0.00146967 -0.05144672 -0.05195160
v -0.00103524 -0.05144672 -0.05195556
v -0.00227992 -0.05144672 -0.05195655
v -0.00353496 -0.05144672 -0.05195160
v -0.00478483 -0.05144672 -0.05192980
v -0.01103932 -0.05019193 -0.05203779
v -0.04045515 -0.03711933 -0.04506700
v -0.01604395 -0.05966672 -0.04273383
v -0.01604395 -0.05935024 -0.04335898
v -0.01472149 -0.05979719 -0.04318561
v -0.01425473 -0.05959454 -0.04381274
v -0.01103932 -0.06060503 -0.04342239
v -0.01103932 -0.06096315 -0.04279724
v -0.01103932 -0.06109918 -0.04242472
v -0.03916380 -0.03955396 -0.04502143
v -0.03898228 -0.04019246 -0.04477375
v -0.03853109 -0.04141116 -0.04438836
v -0.03813694 -0.04236336 -0.04407727
v -0.03740570 -0.04283252 -0.04454588
v -0.03699599 -0.04371254 -0.04418129
v -0.03516528 -0.04549479 -0.04469548
v -0.03548163 -0.04589177 -0.04386128
v -0.03395691 -0.04684397 -0.04477078
v -0.03472446 -0.04636925 -0.04431603
v -0.03304933 -0.04844299 -0.04393361
v -0.03262925 -0.04927582 -0.04342140
v -0.03098525 -0.05113302 -0.04306078
v -0.03012953 -0.05181316 -0.04315687
v -0.03179428 -0.04968668 -0.04391379
v -0.03135346 -0.05051951 -0.04341447
v -0.03052368 -0.05091371 -0.04388110
v -0.02922195 -0.05210743 -0.04382859
v -0.02950719 -0.05231564 -0.04315687
v -0.02396839 -0.05569413 -0.04361856
v -0.02313860 -0.05593843 -0.04396829
v -0.02355349 -0.05620771 -0.04318363
v -0.02200802 -0.05722098 -0.04276851
v -0.01890152 -0.05819261 -0.04356109
v -0.01806655 -0.05839249 -0.04387317
v -0.01729381 -0.05854518 -0.04408718
v 0.00021462 -0.06215132 -0.04242472
v 0.00146967 -0.06107419 -0.04412086
v 0.00271953 -0.06099924 -0.04403764
v 0.00021462 -0.06209857 -0.04257334
v 0.00021462 -0.06173213 -0.04319848
v 0.00396939 -0.06049122 -0.04452904
v 0.00521925 -0.05976388 -0.04528794
v 0.00647430 -0.05965006 -0.04513339
v 0.00933187 -0.05867843 -0.04562280
v 0.00647430 -0.05913926 -0.04575854
v 0.00836206 -0.05832586 -0.04628759
v -0.03100599 -0.03761902 -0.05149586
v -0.03174242 -0.03715542 -0.05132347
v -0.03547126 -0.04087815 -0.04756167
v -0.03658110 -0.03941238 -0.04746161
v -0.03682484 -0.03857678 -0.04762210
v -0.03789319 -0.03699718 -0.04749430
v -0.03809546 -0.03616435 -0.04764291
v -0.01729381 -0.04769345 -0.05202690
v -0.01979354 -0.04644698 -0.05204374
v -0.02229845 -0.04519497 -0.05195457
v -0.02354312 -0.04394295 -0.05200906
v -0.02736531 -0.04151665 -0.05165240
v -0.02859443 -0.04022855 -0.05163456
v -0.02980280 -0.03892379 -0.05156621
v -0.03853109 -0.03652525 -0.04718915
v -0.03984318 -0.03511500 -0.04664920
v -0.04028919 -0.03548421 -0.04614591
v -0.03942829 -0.03644196 -0.04650654
v -0.04005582 -0.03644196 -0.04589228
v 0.00933187 -0.05117189 -0.05154045
v 0.00897402 -0.05122186 -0.05157710
v 0.00771898 -0.05136344 -0.05165240
v 0.00396939 -0.05144672 -0.05185946
v 0.00271953 -0.05144672 -0.05192683
v 0.00146967 -0.05252662 -0.05159394
v 0.00021462 -0.05252662 -0.05159394
v -0.00103524 -0.05250996 -0.05159196
v -0.00227992 -0.05249886 -0.05158701
v -0.00353496 -0.05247387 -0.05157809
v -0.00603469 -0.05144672 -0.05189017
v -0.00728455 -0.05144672 -0.05184559
v -0.00853960 -0.05144672 -0.05180002
v -0.00978946 -0.05144672 -0.05174354
v -0.01228918 -0.05019193 -0.05193674
v -0.01479928 -0.04894269 -0.05199618
v -0.01600246 -0.05866455 -0.04447257
v -0.01555645 -0.05835640 -0.04507890
v -0.01341976 -0.05970281 -0.04395540
v -0.01228918 -0.05984716 -0.04413869
v -0.01103932 -0.05998042 -0.04432198
v -0.00978946 -0.06069665 -0.04362747
v -0.00978946 -0.06107974 -0.04300232
v -0.00913082 -0.06139067 -0.04242472
v -0.03899265 -0.03799658 -0.04609836
v -0.03835995 -0.04019246 -0.04546132
v -0.03809546 -0.04108358 -0.04520174
v -0.03923121 -0.03716375 -0.04633911
v -0.03781540 -0.04191641 -0.04491146
v -0.03665889 -0.04329890 -0.04501549
v -0.03549719 -0.04466196 -0.04510366
v -0.03433031 -0.04601114 -0.04517896
v -0.03311675 -0.04725483 -0.04519580
v -0.03266555 -0.04808488 -0.04476780
v -0.03006729 -0.05050285 -0.04471530
v -0.02923751 -0.05087484 -0.04509277
v -0.03183577 -0.04846242 -0.04516608
v -0.02854775 -0.05177708 -0.04473115
v -0.02788393 -0.05203525 -0.04500063
v -0.02412397 -0.05453095 -0.04499270
v -0.02363647 -0.05525551 -0.04448049
v -0.02258887 -0.05565249 -0.04480248
v -0.01729381 -0.05806492 -0.04471232
v -0.02175390 -0.05585515 -0.04507790
v -0.01639142 -0.05823703 -0.04493226
v -0.00077593 -0.06212633 -0.04242472
v 0.00021462 -0.06110751 -0.04416049
v 0.00146967 -0.06061336 -0.04474601
v 0.00271953 -0.06057172 -0.04466278
v -0.00068258 -0.06208469 -0.04254857
v -0.00107154 -0.06179876 -0.04304294
v -0.00227992 -0.06109918 -0.04421201
v -0.00103524 -0.06111583 -0.04419120
v 0.00396939 -0.05986937 -0.04542565
v 0.00521925 -0.05924753 -0.04591408
v 0.00933187 -0.05828978 -0.04608845
v 0.00771898 -0.05838972 -0.04635496
v 0.00810794 -0.05703498 -0.04748637
v 0.00885474 -0.05777065 -0.04668685
v 0.00919184 -0.05823148 -0.04618851
v -0.03183577 -0.03977882 -0.05012568
v -0.02939310 -0.03983712 -0.05140174
v -0.03066889 -0.04112245 -0.05016729
v -0.03429919 -0.04221345 -0.04761120
v -0.03512897 -0.04171098 -0.04732786
v -0.03599506 -0.04136952 -0.04687806
v -0.03682484 -0.04102806 -0.04642728
v -0.03632697 -0.04019246 -0.04727435
v -0.03191875 -0.04239390 -0.04892789
v -0.03709453 -0.04019246 -0.04664920
v -0.03816287 -0.03871558 -0.04650456
v -0.03769612 -0.03769121 -0.04735857
v -0.01854368 -0.04769345 -0.05190702
v -0.02104340 -0.04644698 -0.05180794
v -0.02217917 -0.04639979 -0.05146812
v -0.02352756 -0.04519497 -0.05155233
v -0.02481373 -0.04397349 -0.05158998
v -0.02608952 -0.04274924 -0.05162268
v -0.02822103 -0.04114743 -0.05144137
v -0.02699191 -0.04236336 -0.05142651
v -0.03856739 -0.03762458 -0.04667694
v 0.00933187 -0.05624658 -0.04783907
v 0.00897402 -0.05629932 -0.04787672
v 0.00771898 -0.05347049 -0.05014450
v 0.00621499 -0.05214907 -0.05134131
v 0.00521925 -0.05224901 -0.05141759
v 0.00396939 -0.05237393 -0.05150577
v 0.00271953 -0.05247665 -0.05157017
v 0.00121555 -0.05460313 -0.05006029
v 0.00021462 -0.05463644 -0.05008110
v -0.00103524 -0.05464477 -0.05008506
v -0.00227992 -0.05609667 -0.04898237
v -0.00478483 -0.05752358 -0.04784997
v -0.00478483 -0.05242390 -0.05154936
v -0.00603469 -0.05236005 -0.05149982
v -0.00728455 -0.05228510 -0.05144137
v -0.00853960 -0.05220737 -0.05138292
v -0.00978946 -0.05212131 -0.05132446
v -0.01044291 -0.05207689 -0.05129078
v -0.01093041 -0.05150502 -0.05159494
v -0.01341976 -0.05029187 -0.05177327
v -0.01354423 -0.05019193 -0.05179605
v -0.01604395 -0.04894269 -0.05186838
v -0.01479409 -0.05790390 -0.04582195
v -0.01341976 -0.05810656 -0.04603297
v -0.01169796 -0.05833142 -0.04629353
v -0.01479409 -0.05844802 -0.04519679
v -0.01041180 -0.05957511 -0.04503332
v -0.01341976 -0.05867288 -0.04532856
v -0.00807284 -0.06084655 -0.04381175
v -0.00850848 -0.06110751 -0.04325100
v -0.00728455 -0.06130461 -0.04315687
v -0.00628362 -0.06179876 -0.04242472
v -0.00783947 -0.06158222 -0.04242472
v -0.03791394 -0.03955118 -0.04626876
v -0.03772205 -0.04019246 -0.04608647
v -0.03732271 -0.04147223 -0.04567135
v -0.03698562 -0.04246608 -0.04530577
v -0.03578243 -0.04394573 -0.04535333
v -0.03535198 -0.04323505 -0.04622319
v -0.03416435 -0.04456202 -0.04627372
v -0.03387911 -0.04519497 -0.04607359
v -0.03345904 -0.04635260 -0.04560398
v -0.03256702 -0.04669406 -0.04603000
v -0.03173205 -0.04712435 -0.04632424
v -0.03046144 -0.04835416 -0.04631434
v -0.02918047 -0.04957841 -0.04629353
v -0.02790467 -0.05080267 -0.04626876
v -0.03053405 -0.04967002 -0.04513140
v -0.02704896 -0.05231008 -0.04530875
v -0.02558128 -0.05342607 -0.04515518
v -0.02328900 -0.05481689 -0.04527605
v -0.01729381 -0.05743752 -0.04543556
v -0.01826881 -0.05722931 -0.04521760
v -0.02215842 -0.05513059 -0.04559408
v -0.02104858 -0.05540542 -0.04587842
v -0.02002691 -0.05564694 -0.04611520
v -0.02104858 -0.05600783 -0.04525326
v -0.01648477 -0.05700722 -0.04621923
v -0.01601802 -0.05769014 -0.04564856
v -0.00143457 -0.06209857 -0.04242472
v 0.00021462 -0.06063280 -0.04478564
v -0.00227992 -0.06067444 -0.04483815
v -0.00103524 -0.06065501 -0.04481734
v 0.00146967 -0.05998874 -0.04551779
v 0.00271953 -0.05994433 -0.04549897
v -0.00151755 -0.06205970 -0.04251885
v -0.00353496 -0.06107142 -0.04418526
v -0.00353496 -0.06066611 -0.04481140
v 0.00396939 -0.05934747 -0.04605080
v 0.00647430 -0.05851464 -0.04646493
v 0.00933187 -0.05821482 -0.04617068
v 0.00727297 -0.05709606 -0.04755275
v 0.00396939 -0.05300133 -0.05104013
v 0.00897402 -0.05692672 -0.04740810
v 0.00933187 -0.05707940 -0.04719411
v 0.00933187 -0.05766516 -0.04667298
v -0.02949163 -0.04243554 -0.05020791
v -0.03393098 -0.04304628 -0.04736649
v -0.03482817 -0.04272425 -0.04693057
v -0.03159202 -0.04322950 -0.04871587
v -0.03310119 -0.04352099 -0.04765480
v -0.03567871 -0.04239945 -0.04649366
v -0.03651368 -0.04186089 -0.04613997
v -0.01854368 -0.04862621 -0.05150874
v -0.01975723 -0.04771843 -0.05159098
v -0.01730937 -0.04901209 -0.05163060
v -0.02104340 -0.04726038 -0.05141066
v -0.02168130 -0.04707993 -0.05129078
v -0.02309711 -0.04595284 -0.05135716
v -0.02440921 -0.04478411 -0.05138490
v -0.02570575 -0.04357651 -0.05140670
v -0.02828845 -0.04362648 -0.05020395
v -0.02911823 -0.04327114 -0.04998500
v 0.00933187 -0.05687120 -0.04736848
v 0.00271953 -0.05310127 -0.05110353
v 0.00021462 -0.05605780 -0.04897346
v 0.00021462 -0.05526107 -0.04959861
v 0.00204533 -0.05456704 -0.05002760
v 0.00271953 -0.05878115 -0.04664920
v 0.00146967 -0.05804826 -0.04731299
v -0.00103524 -0.05609667 -0.04899823
v -0.00103524 -0.05526939 -0.04962338
v -0.00227992 -0.05672129 -0.04851970
v -0.00353496 -0.05754023 -0.04788366
v -0.00478483 -0.05814820 -0.04738532
v -0.00603469 -0.05746528 -0.04780836
v -0.00728455 -0.05738755 -0.04775783
v -0.00978946 -0.05722931 -0.04764687
v -0.01074890 -0.05715436 -0.04759040
v -0.01158387 -0.05705442 -0.04750817
v -0.01228918 -0.05632708 -0.04789158
v -0.01228918 -0.05118022 -0.05155630
v -0.01471630 -0.05023912 -0.05157512
v -0.01564462 -0.05714880 -0.04634901
v -0.01479409 -0.05727928 -0.04647087
v -0.01341976 -0.05755411 -0.04659075
v -0.01218027 -0.05776510 -0.04670568
v -0.01111193 -0.05762074 -0.04709305
v -0.01103932 -0.05839805 -0.04637675
v -0.01341976 -0.05860347 -0.04541773
v -0.01341976 -0.05749026 -0.04665416
v -0.00978946 -0.05851186 -0.04650159
v -0.00990874 -0.05922255 -0.04558020
v -0.00853960 -0.05971114 -0.04520670
v -0.00603469 -0.06096315 -0.04398414
v -0.00728455 -0.05979997 -0.04531865
v -0.00478483 -0.06059948 -0.04472124
v -0.00478483 -0.06102978 -0.04409609
v -0.00603469 -0.06143231 -0.04315687
v -0.00603469 -0.06182374 -0.04242472
v -0.03617139 -0.04284917 -0.04576448
v -0.03363018 -0.04404289 -0.04696723
v -0.03325678 -0.04519497 -0.04651545
v -0.03295598 -0.04585845 -0.04630740
v -0.03220917 -0.04634427 -0.04650357
v -0.03026955 -0.04691615 -0.04743287
v -0.02901451 -0.04818204 -0.04744674
v -0.02967833 -0.04883997 -0.04650456
v -0.02764536 -0.04936188 -0.04739721
v -0.02736013 -0.05023357 -0.04693751
v -0.02706970 -0.05108305 -0.04647880
v -0.02643181 -0.05191310 -0.04614294
v -0.02257331 -0.05435606 -0.04611025
v -0.01729381 -0.05685176 -0.04606170
v -0.02173834 -0.05460591 -0.04631434
v -0.02104858 -0.05478080 -0.04647384
v -0.01967944 -0.05521665 -0.04665515
v -0.01918676 -0.05583016 -0.04629254
v -0.01854368 -0.05597175 -0.04641837
v -0.01729381 -0.05622992 -0.04663434
v -0.01596097 -0.05641592 -0.04688203
v -0.00478483 -0.06192923 -0.04242472
v -0.00353496 -0.06004149 -0.04553265
v -0.00227992 -0.06004982 -0.04553364
v 0.00021462 -0.06001095 -0.04552373
v 0.00146967 -0.05943075 -0.04614294
v 0.00271953 -0.05940854 -0.04612313
v -0.00486780 -0.06192368 -0.04242472
v -0.00478483 -0.05997764 -0.04549500
v 0.00396939 -0.05872007 -0.04659472
v 0.00521925 -0.05862291 -0.04653923
v 0.00470064 -0.05583849 -0.04879513
v -0.03075705 -0.04365702 -0.04895860
v -0.03188763 -0.04480354 -0.04767461
v -0.03230252 -0.04394018 -0.04790149
v -0.03066370 -0.04608054 -0.04768551
v -0.03272260 -0.04435659 -0.04740216
v -0.01979354 -0.05374532 -0.04782025
v -0.02071148 -0.05349547 -0.04765480
v -0.02227770 -0.05138009 -0.04839884
v -0.01690485 -0.04968946 -0.05137004
v -0.01604395 -0.04987268 -0.05149289
v -0.02354312 -0.05040846 -0.04852268
v -0.02354312 -0.04978107 -0.04891005
v -0.02418102 -0.04957286 -0.04878720
v -0.02354312 -0.04748247 -0.05028915
v -0.02251627 -0.04678567 -0.05112137
v -0.02433660 -0.04721319 -0.05012073
v -0.02393208 -0.04561416 -0.05116694
v -0.02824696 -0.04609165 -0.04892392
v -0.02950719 -0.04490903 -0.04895959
v 0.00021462 -0.05668520 -0.04847512
v -0.00103524 -0.05672129 -0.04850286
v 0.00146967 -0.05880335 -0.04668982
v 0.00021462 -0.05808990 -0.04733875
v 0.00021462 -0.05746528 -0.04784997
v -0.00227992 -0.05751802 -0.04789357
v -0.00353496 -0.05816485 -0.04739423
v -0.00478483 -0.05879502 -0.04676215
v -0.00603469 -0.05808990 -0.04733677
v -0.00353496 -0.05882279 -0.04677106
v -0.00853960 -0.05793444 -0.04720698
v -0.00978946 -0.05785671 -0.04712674
v -0.01228918 -0.05695170 -0.04742792
v -0.01342495 -0.05621326 -0.04773703
v -0.01341976 -0.05615497 -0.04778260
v -0.01355979 -0.05599117 -0.04787077
v -0.01364795 -0.05513614 -0.04846125
v -0.01413026 -0.05455872 -0.04876243
v -0.01479928 -0.05445600 -0.04868516
v -0.01604395 -0.05423946 -0.04854844
v -0.01604395 -0.05361485 -0.04897841
v -0.01341976 -0.05098867 -0.05141165
v -0.01543717 -0.05582739 -0.04753690
v -0.01479409 -0.05655750 -0.04709603
v -0.01354423 -0.05675738 -0.04727336
v -0.01354423 -0.05745973 -0.04664822
v -0.01341976 -0.05677959 -0.04728724
v -0.00853960 -0.05858960 -0.04658084
v -0.00603469 -0.05936135 -0.04603991
v -0.00603469 -0.05989158 -0.04541574
v -0.00853960 -0.05921977 -0.04583284
v -0.03230252 -0.04521162 -0.04715052
v -0.03106822 -0.04647752 -0.04717924
v -0.02943459 -0.04734921 -0.04769145
v -0.02819510 -0.04852628 -0.04765975
v -0.02681039 -0.04966169 -0.04759535
v -0.02454923 -0.05106639 -0.04770730
v -0.02390097 -0.05189922 -0.04740315
v -0.02559684 -0.05217405 -0.04636685
v -0.02324751 -0.05352324 -0.04644313
v -0.01979354 -0.05436994 -0.04736649
v -0.02306600 -0.05215740 -0.04759932
v -0.01910897 -0.05454484 -0.04750222
v -0.01729381 -0.05549426 -0.04725949
v -0.01827400 -0.05469752 -0.04763201
v -0.01627214 -0.05567748 -0.04741405
v -0.00353496 -0.05945018 -0.04615879
v -0.00478483 -0.05941965 -0.04612015
v -0.00227992 -0.05945018 -0.04615979
v 0.00021462 -0.05943908 -0.04614988
v -0.02229326 -0.05239059 -0.04775585
v -0.02229326 -0.05221014 -0.04787077
v -0.01696709 -0.05343440 -0.04886052
v -0.01424436 -0.05084431 -0.05130465
v -0.02351201 -0.05145782 -0.04787077
v -0.02478261 -0.05018082 -0.04815511
v -0.00103524 -0.05749026 -0.04787672
v -0.00227992 -0.05814264 -0.04737541
v -0.00603469 -0.05873118 -0.04671360
v -0.00728455 -0.05866455 -0.04664822
v -0.01342495 -0.05677681 -0.04728822
v -0.01479409 -0.05593010 -0.04762309
v -0.01354423 -0.05613276 -0.04777071
v -0.01593504 -0.05520277 -0.04787077
v -0.01729381 -0.05486964 -0.04776675
v -0.03655710 0.00060075 -0.04850291
v -0.03628759 0.00111836 -0.04850291
v -0.03267163 -0.00032059 -0.05154202
v -0.03267163 -0.00148004 -0.05192293
v -0.03267163 -0.00264983 -0.05219126
v -0.03267163 -0.00418196 -0.05243159
v -0.03267163 -0.00487038 -0.05251267
v -0.03267163 -0.00538281 -0.05256984
v -0.03267163 -0.00641803 -0.05258559
v -0.03267163 -0.02774352 -0.05258559
v -0.03267163 -0.02853029 -0.05257917
v -0.03267163 -0.02957586 -0.05256401
v -0.03267163 -0.02987607 -0.05255467
v -0.03267163 -0.03055932 -0.05246367
v -0.03267163 -0.03068354 -0.05244326
v -0.03267163 -0.03121150 -0.05235343
v -0.03267163 -0.03224672 -0.05215568
v -0.03267163 -0.03378920 -0.05182435
v -0.03267163 -0.03378920 -0.05077204
v -0.03267163 -0.03377885 -0.05027154
v -0.02808543 -0.02517618 -0.04873799
v -0.02729486 -0.02517618 -0.04861083
v -0.02729486 -0.02392357 -0.04853908
v -0.02604612 -0.02267096 -0.04834250
v -0.02604612 -0.02141834 -0.04829058
v -0.02479289 -0.02267096 -0.04821591
v -0.02479289 -0.02141834 -0.04817275
v -0.01554862 -0.02234486 -0.04752643
v -0.01228752 -0.01642341 -0.04718051
v -0.01228752 -0.01517080 -0.04715660
v -0.01103878 -0.01517080 -0.04708777
v -0.01228752 -0.01391818 -0.04716010
v -0.01103878 -0.01391818 -0.04710293
v -0.03577552 0.00209146 -0.04850291
v -0.03235721 -0.00013943 -0.05165694
v -0.03557788 0.00244344 -0.04850291
v -0.03537574 0.00279024 -0.04850291
v -0.03192599 0.00108730 -0.05145453
v -0.02667499 0.00672924 -0.05254184
v -0.03218202 -0.00152662 -0.05219360
v -0.02800009 0.00435342 -0.05258092
v -0.03240212 -0.00266536 -0.05233184
v -0.03168343 -0.00201835 -0.05254067
v -0.03177775 -0.00266536 -0.05256401
v -0.03198887 -0.00391798 -0.05258850
v -0.02353966 0.00859264 -0.05292217
v -0.03234822 -0.00517059 -0.05258734
v -0.03229881 -0.00641803 -0.05260542
v -0.03189005 -0.03142890 -0.05257975
v -0.02103768 0.00984525 -0.05297466
v -0.03175978 -0.03223637 -0.05256634
v -0.03222694 -0.03266081 -0.05226884
v -0.03228983 -0.03378920 -0.05199352
v -0.03237068 -0.03378920 -0.05042788
v -0.01728697 -0.03378920 -0.04836058
v -0.01603823 -0.03378920 -0.04820250
v -0.01728697 -0.03268151 -0.04819258
v -0.01978895 -0.03142890 -0.04832324
v -0.02104218 -0.03017629 -0.04830749
v -0.02353966 -0.02892367 -0.04845099
v -0.02479289 -0.02767623 -0.04848191
v -0.02795517 -0.02585943 -0.04877415
v -0.02604612 -0.02642362 -0.04854491
v -0.02479289 -0.02642362 -0.04839441
v -0.02604612 -0.02517618 -0.04846383
v -0.02479289 -0.02392357 -0.04827074
v -0.02353966 -0.02517618 -0.04820075
v -0.02353966 -0.02392357 -0.04815233
v -0.02229092 -0.02642362 -0.04814242
v -0.02104218 -0.02767623 -0.04810742
v -0.01487484 -0.02272789 -0.04749668
v -0.01354075 -0.02141834 -0.04738060
v -0.01228752 -0.01891829 -0.04724060
v -0.01228752 -0.01766567 -0.04720968
v -0.01103878 -0.01642341 -0.04711402
v -0.00979004 -0.01517080 -0.04705918
v -0.00979004 -0.01391818 -0.04706560
v -0.00979004 -0.01642341 -0.04708252
v -0.00729255 -0.01141813 -0.04704518
v -0.00979004 -0.01016552 -0.04715952
v -0.01103878 -0.01016552 -0.04720735
v -0.03479180 0.00363394 -0.04850291
v -0.02558346 0.00819408 -0.05263225
v -0.02929824 0.00194653 -0.05259784
v -0.02479289 0.00734520 -0.05286150
v -0.02480187 0.00860299 -0.05272734
v -0.02366094 0.00996430 -0.05272092
v -0.02229092 0.00984525 -0.05292450
v -0.03153519 -0.03142890 -0.05257975
v -0.02103768 0.01109269 -0.05291633
v -0.01978895 0.01109269 -0.05296358
v 0.00932738 0.01324076 -0.05284925
v -0.03155765 -0.03223637 -0.05256634
v -0.03096023 -0.03378920 -0.05235634
v -0.03110397 -0.03378920 -0.05234351
v -0.01478500 -0.03378920 -0.04810858
v -0.01603823 -0.03268151 -0.04810275
v -0.01853571 -0.03142890 -0.04818033
v -0.02229092 -0.02892367 -0.04830224
v -0.02353966 -0.02767623 -0.04832908
v -0.02353966 -0.02642362 -0.04826142
v -0.02479289 -0.02517618 -0.04833199
v -0.02229092 -0.02767623 -0.04819841
v -0.01451998 -0.02370100 -0.04751418
v -0.02104218 -0.02892367 -0.04818033
v -0.01978895 -0.03017629 -0.04817566
v -0.01978895 -0.02892367 -0.04810275
v -0.00934983 -0.02976220 -0.04752468
v -0.01354075 -0.02267096 -0.04741560
v -0.01228752 -0.02141834 -0.04730943
v -0.01228752 -0.02017090 -0.04727501
v -0.01103878 -0.01766567 -0.04714901
v -0.00603483 -0.01266557 -0.04701602
v -0.00729255 -0.01266557 -0.04702827
v -0.00729255 -0.01766567 -0.04708018
v -0.00478609 -0.01891829 -0.04708427
v -0.00979004 -0.01766567 -0.04711927
v -0.00228861 -0.02642362 -0.04721201
v -0.00228861 -0.02517618 -0.04718343
v -0.00478609 -0.02017090 -0.04710468
v -0.00603483 -0.01141813 -0.04702185
v -0.00729255 -0.01016552 -0.04709068
v -0.00854130 -0.01016552 -0.04711927
v -0.00979004 -0.00891808 -0.04719743
v -0.03195294 0.00726756 -0.04850291
v -0.03277944 0.00626339 -0.04850291
v -0.03320168 0.00574578 -0.04850291
v -0.02415505 0.01046120 -0.05253367
v -0.02439312 0.00963303 -0.05263283
v -0.02081758 0.01332358 -0.05262992
v -0.02115897 0.01245917 -0.05271450
v -0.01978895 0.01234530 -0.05288308
v -0.01854020 0.01234530 -0.05292100
v -0.01728697 0.01234530 -0.05293675
v 0.00771928 0.01359791 -0.05285217
v 0.00896803 0.01359791 -0.05284458
v 0.00932738 0.01359791 -0.05284109
v 0.00933187 0.00060075 -0.05035321
v 0.00933187 -0.03378920 -0.04932889
v 0.00932738 0.01234530 -0.05280492
v -0.03004838 -0.03378920 -0.05233184
v -0.01354075 -0.03378920 -0.04807475
v -0.00810558 -0.03091647 -0.04752643
v -0.01728697 -0.03142890 -0.04809925
v -0.01365305 -0.02404262 -0.04748209
v -0.01228752 -0.02392357 -0.04740043
v -0.00852782 -0.03017629 -0.04751009
v -0.01103878 -0.02517618 -0.04740101
v -0.01228752 -0.02517618 -0.04746168
v -0.01228752 -0.02267096 -0.04734851
v -0.01103878 -0.01891829 -0.04718635
v -0.00478609 -0.01266557 -0.04702068
v -0.00353735 -0.01891829 -0.04708485
v -0.00103538 -0.01642341 -0.04706910
v -0.00353735 -0.02017090 -0.04710060
v -0.00228861 -0.02767623 -0.04724993
v -0.00103538 -0.02767623 -0.04723126
v -0.00103538 -0.02642362 -0.04719976
v -0.00478609 -0.01141813 -0.04703002
v -0.00478609 -0.01016552 -0.04708602
v -0.00603483 -0.01016552 -0.04707843
v -0.01527910 0.01908975 -0.04850291
v -0.01603823 0.01886717 -0.04850291
v -0.01725104 0.01842721 -0.04850291
v -0.01748911 0.01833404 -0.04850291
v -0.01798770 0.01812699 -0.04850291
v -0.01867945 0.01778020 -0.04850291
v -0.02225049 0.01581328 -0.04850291
v -0.02281647 0.01548201 -0.04850291
v -0.02371035 0.01492299 -0.04850291
v -0.02440210 0.01446232 -0.04850291
v -0.02576763 0.01348922 -0.04850291
v -0.02598773 0.01332358 -0.04850291
v -0.02730834 0.01225213 -0.04850291
v -0.02790576 0.01172934 -0.04850291
v -0.02855708 0.01110821 -0.04850291
v -0.02918594 0.01046638 -0.04850291
v -0.02975641 0.00982972 -0.04850291
v -0.03085692 0.00857193 -0.04850291
v -0.02165307 0.01295608 -0.05252959
v -0.01942061 0.01425010 -0.05256517
v -0.01982039 0.01368591 -0.05267250
v -0.01854020 0.01359274 -0.05277342
v -0.01728697 0.01359274 -0.05283992
v -0.01603823 0.01359274 -0.05289358
v -0.01527910 0.01359274 -0.05290350
v -0.01478500 0.01359791 -0.05290933
v 0.00613815 0.01392918 -0.05283525
v 0.00738689 0.01392918 -0.05282825
v 0.00932738 0.01392918 -0.05279267
v 0.00933187 0.00060075 -0.04902906
v 0.00933187 -0.03378920 -0.04807416
v -0.01339252 -0.03378920 -0.04807242
v -0.00049635 -0.03206556 -0.04753401
v -0.00729255 -0.03101481 -0.04751885
v -0.00603483 -0.02892367 -0.04739518
v -0.00854130 -0.02892367 -0.04746226
v -0.00228861 -0.02892367 -0.04731410
v -0.00353735 -0.02892367 -0.04733684
v -0.01103878 -0.02392357 -0.04735085
v -0.01103878 -0.02267096 -0.04730768
v -0.01103878 -0.02017090 -0.04722602
v -0.00353735 -0.01266557 -0.04703585
v -0.00103538 -0.01517080 -0.04705802
v 0.00021786 -0.01517080 -0.04706968
v -0.00228861 -0.01891829 -0.04708952
v 0.00021786 -0.01642341 -0.04707726
v -0.00103538 -0.01766567 -0.04708193
v 0.00021786 -0.01766567 -0.04708835
v 0.00021786 -0.02767623 -0.04724410
v -0.00103538 -0.02892367 -0.04729893
v 0.00021786 -0.02892367 -0.04731059
v 0.00021786 -0.02642362 -0.04721902
v 0.00396857 -0.02141834 -0.04718751
v 0.00146660 -0.02017090 -0.04712977
v 0.00021786 -0.01891829 -0.04710235
v -0.00103538 -0.01391818 -0.04706210
v 0.00021786 -0.01391818 -0.04708952
v -0.00353735 -0.01141813 -0.04705743
v -0.00228861 -0.01016552 -0.04713268
v -0.00353735 -0.01016552 -0.04710585
v -0.00103538 -0.00891808 -0.04721260
v 0.00932738 0.01392918 -0.05145336
v -0.01527910 0.01443644 -0.05270284
v -0.01603823 0.01440538 -0.05268825
v -0.01728697 0.01435362 -0.05265325
v -0.01854020 0.01429669 -0.05260601
v 0.00021786 -0.00891808 -0.04724002
v 0.00146660 -0.00891808 -0.04728726
v 0.00146660 -0.00766547 -0.04737418
v 0.00346099 -0.00690458 -0.04752468
v 0.00933187 -0.00391798 -0.04815700
v 0.00933187 -0.00266536 -0.04831975
v 0.00933187 -0.00230821 -0.04837574
v 0.00933187 -0.00141275 -0.04851866
v 0.00933187 -0.00039306 -0.04870357
v -0.02297368 0.01301819 -0.05139619
v -0.01478500 0.01392918 -0.05283350
v -0.00979004 0.01392918 -0.05285508
v 0.00488491 0.01392918 -0.05283700
v 0.00600788 -0.02963797 -0.04752876
v 0.00342955 -0.03083883 -0.04753168
v -0.00034363 -0.03206556 -0.04753401
v 0.00020438 -0.03378920 -0.04793067
v 0.00933187 -0.02605612 -0.04752409
v 0.00837061 -0.02831807 -0.04753342
v -0.00839306 -0.03378920 -0.04800067
v -0.00714432 -0.03378920 -0.04798609
v -0.00102639 -0.03378920 -0.04793242
v -0.00103538 -0.03017629 -0.04739343
v 0.00146660 -0.01517080 -0.04710701
v 0.00146660 -0.01891829 -0.04711460
v 0.00647054 -0.02141834 -0.04723360
v 0.00772378 -0.02017090 -0.04727093
v 0.00396857 -0.02767623 -0.04733393
v 0.00396857 -0.02642362 -0.04729193
v 0.00522180 -0.02392357 -0.04725985
v 0.00021786 -0.03017629 -0.04740160
v 0.00146660 -0.03121150 -0.04750601
v 0.00271983 -0.03097858 -0.04752234
v 0.00271983 -0.02892367 -0.04737709
v 0.00522180 -0.02141834 -0.04720968
v 0.00271983 -0.02017090 -0.04715018
v 0.00146660 -0.01391818 -0.04712685
v 0.00021786 -0.01016552 -0.04719335
v -0.00103538 -0.01016552 -0.04716069
v 0.00146660 -0.01016552 -0.04723826
v 0.00897252 -0.01517080 -0.04734618
v 0.00897252 -0.01391818 -0.04740918
v 0.00933187 -0.01391818 -0.04743135
v 0.00644359 -0.02896508 -0.04749843
v 0.00522180 -0.02892367 -0.04744942
v 0.00522180 -0.02981913 -0.04751476
v 0.00772378 -0.02851994 -0.04751943
v 0.00396857 -0.02892367 -0.04741093
v 0.00013251 -0.03151172 -0.04749901
v 0.00855477 -0.02767623 -0.04752409
v 0.00933187 -0.02141834 -0.04738468
v 0.00897252 -0.02141834 -0.04736193
v 0.00647054 -0.02642362 -0.04738001
v 0.00522180 -0.02642362 -0.04732285
v 0.00647054 -0.02767623 -0.04742551
v 0.00522180 -0.02767623 -0.04737243
v 0.00772378 -0.02141834 -0.04728435
v 0.00897252 -0.01642341 -0.04733568
v 0.00522180 -0.02517618 -0.04728901
v 0.00647054 -0.02267096 -0.04726626
v 0.00897252 -0.02017090 -0.04733801
v 0.00897252 -0.01891829 -0.04732868
v 0.00897252 -0.01766567 -0.04732810
v 0.00522180 -0.01391818 -0.04724818
v 0.00647054 -0.01391818 -0.04729543
v 0.00933187 -0.01642341 -0.04735376
v 0.00933187 -0.01517080 -0.04736485
v 0.00933187 -0.02017090 -0.04736134
v 0.00647054 -0.02517618 -0.04734093
v 0.00647054 -0.02392357 -0.04730185
v 0.00933187 -0.01731370 -0.04734793
v 0.00933187 -0.01981375 -0.04735843
v 0.00933187 -0.01856631 -0.04734968
v -0.01105354 0.02379217 -0.04280464
v -0.01105354 0.02607148 -0.02799114
v -0.01105354 0.02536735 -0.04280464
v 0.00932714 0.02333981 -0.04280464
v 0.02675082 0.01580721 -0.04048678
v 0.02675082 0.01650998 -0.01864542
v -0.00834450 0.02782572 -0.02063887
v -0.00839632 0.02782572 -0.02074040
v -0.00888113 0.02782572 -0.02189685
v -0.01105354 0.02623438 -0.02799114
v -0.01105354 0.02574028 -0.04208897
v -0.01086480 0.02541717 -0.04280464
v 0.00933084 0.02338020 -0.04280464
v 0.02675082 0.01760588 -0.04048678
v 0.00021930 0.02782572 -0.01758059
v -0.00352598 0.02782572 -0.01750630
v -0.00365181 0.02782572 -0.01751868
v -0.00481018 0.02782572 -0.01808328
v -0.00697889 0.02782572 -0.01948242
v 0.02675082 0.01826557 -0.01864542
v -0.00756362 0.02955977 -0.02189438
v -0.00799292 0.02955977 -0.02237727
v -0.00684195 0.02955977 -0.02108957
v -0.01104984 0.02736663 -0.02799114
v -0.01105354 0.02736797 -0.02812734
v -0.01105354 0.02576586 -0.04203697
v -0.01073156 0.02553834 -0.04263624
v -0.01053172 0.02548179 -0.04280464
v 0.00933084 0.02488403 -0.04280464
v 0.02675082 0.01793303 -0.03964730
v 0.02622160 0.01801785 -0.04048678
v 0.02610317 0.01815786 -0.04038030
v 0.00147390 0.02782572 -0.01774403
v -0.00006566 0.02955977 -0.01862560
v 0.02567757 0.01907470 -0.01864542
v 0.02542591 0.01926049 -0.01864542
v 0.02505212 0.01952706 -0.01864542
v 0.02449699 0.01990134 -0.01864542
v 0.02412321 0.02015309 -0.01864542
v 0.02349406 0.02057180 -0.01864542
v 0.02121803 0.02192619 -0.01864542
v 0.01879766 0.02319710 -0.01864542
v -0.00065410 0.02955977 -0.01862560
v -0.00384795 0.02955977 -0.01938832
v -0.00462143 0.02955977 -0.01966567
v 0.02675082 0.01854022 -0.02187704
v 0.02588482 0.01924838 -0.02226831
v -0.00807064 0.02955977 -0.02264719
v -0.01105354 0.02736932 -0.02815210
v -0.00816686 0.02955977 -0.02314493
v -0.00830010 0.02955977 -0.02439549
v -0.01105354 0.02578067 -0.04200478
v -0.00978414 0.02561911 -0.04280464
v 0.00740639 0.02530543 -0.04280464
v 0.00716213 0.02549391 -0.04254957
v 0.00933084 0.02505770 -0.04242576
v 0.01430480 0.02439532 -0.04048678
v 0.01504498 0.02408298 -0.04048678
v 0.01720999 0.02314998 -0.04048678
v 0.02004115 0.02191676 -0.04048678
v 0.02019288 0.02184675 -0.04048678
v 0.02067030 0.02162057 -0.04048678
v 0.02132165 0.02124495 -0.04048678
v 0.02219135 0.02072932 -0.04048678
v 0.02236899 0.02062296 -0.04048678
v 0.02245782 0.02056776 -0.04048678
v 0.02413431 0.01946513 -0.04048678
v 0.02505582 0.01884179 -0.04048678
v 0.02579230 0.01832211 -0.04048678
v 0.02675082 0.01802593 -0.03939966
v 0.02468574 0.01928069 -0.04013018
v 0.02549253 0.01896565 -0.03939966
v 0.02634003 0.01834096 -0.03939966
v 0.01265422 0.02564200 -0.01864542
v 0.01197696 0.02586145 -0.01864542
v 0.01147734 0.02601762 -0.01864542
v 0.01616634 0.02436435 -0.01864542
v 0.01563342 0.02457169 -0.01864542
v 0.01523002 0.02472113 -0.01864542
v 0.00040065 0.02955977 -0.01874447
v 0.02510023 0.01955803 -0.01939079
v 0.02416762 0.02018271 -0.01939079
v 0.02353847 0.02060142 -0.01939079
v 0.02126984 0.02195311 -0.01939079
v 0.00752482 0.02955977 -0.02439549
v 0.00726575 0.02955977 -0.02320932
v 0.00716583 0.02955977 -0.02301616
v 0.02675082 0.01863176 -0.02314246
v 0.02592553 0.01927665 -0.02314246
v 0.02461172 0.02048160 -0.02750083
v 0.02368280 0.02069431 -0.02189190
v 0.02361249 0.02064988 -0.02064135
v 0.02517055 0.01960649 -0.02064135
v -0.01105354 0.02738951 -0.02940018
v -0.00815946 0.02955977 -0.02543307
v -0.01105354 0.02724546 -0.03562571
v -0.01105354 0.02733028 -0.03439745
v -0.01105354 0.02738951 -0.03314689
v -0.01105354 0.02741509 -0.03189881
v -0.01105354 0.02740836 -0.03064578
v -0.01105354 0.02621822 -0.04065021
v -0.01078338 0.02681464 -0.03905050
v -0.00930303 0.02675675 -0.04010047
v -0.00684565 0.02676213 -0.04135597
v -0.00877010 0.02578202 -0.04280464
v 0.00647747 0.02548583 -0.04280464
v 0.00647747 0.02555315 -0.04267339
v 0.00329472 0.02671771 -0.04126187
v 0.00647747 0.02588972 -0.04190325
v 0.00763584 0.02566624 -0.04193544
v 0.00897555 0.02556661 -0.04148227
v 0.00933084 0.02552353 -0.04138074
v 0.01479332 0.02431454 -0.04024162
v 0.01099253 0.02552218 -0.04014504
v 0.02033722 0.02203928 -0.03949129
v 0.02102188 0.02182252 -0.03913469
v 0.02082203 0.02169058 -0.03996922
v 0.02276129 0.02073874 -0.03929813
v 0.02486708 0.01939647 -0.03939966
v 0.02675082 0.01813094 -0.03902573
v 0.02508173 0.01954591 -0.03814911
v 0.02570718 0.01909220 -0.03814911
v 0.00431246 0.02955977 -0.01999255
v 0.00356859 0.02955977 -0.01968548
v 0.00274329 0.02955977 -0.01942546
v 0.00642196 0.02955977 -0.02187704
v 0.00584462 0.02955977 -0.02127529
v 0.00531540 0.02955977 -0.02074288
v 0.02134755 0.02199081 -0.02064135
v 0.00746930 0.02955977 -0.02564852
v 0.02037793 0.02272590 -0.02439549
v 0.01982280 0.02309344 -0.02564604
v 0.01988941 0.02312979 -0.02689660
v 0.01995233 0.02316614 -0.02814715
v 0.02000414 0.02319980 -0.02939770
v 0.02003375 0.02320787 -0.03064578
v 0.02675082 0.01865061 -0.02343962
v 0.02606246 0.01938570 -0.02689660
v 0.02675082 0.01870985 -0.02439549
v 0.02675082 0.01886602 -0.02698327
v 0.02675082 0.01893468 -0.02816448
v 0.02276869 0.02139305 -0.02439549
v 0.02375312 0.02073470 -0.02314246
v 0.02611057 0.01941936 -0.02814715
v 0.02525567 0.02004539 -0.02814715
v 0.02463022 0.02049371 -0.02814715
v 0.02398627 0.02086933 -0.02814715
v 0.02292413 0.02148056 -0.02814715
v 0.02229868 0.02184002 -0.02814715
v 0.02214694 0.02175117 -0.02439549
v -0.00714172 0.02955977 -0.02740920
v -0.01105354 0.02713910 -0.03689855
v -0.01105354 0.02690080 -0.03842646
v -0.00978414 0.02720103 -0.03814911
v -0.00974713 0.02688465 -0.03943681
v -0.00853325 0.02681733 -0.04030600
v -0.00603146 0.02708255 -0.04065021
v -0.00603146 0.02681868 -0.04149960
v -0.00603146 0.02652787 -0.04212612
v -0.00727125 0.02689542 -0.04070469
v -0.00733047 0.02600416 -0.04280464
v 0.00574100 0.02561642 -0.04280464
v 0.00274699 0.02607686 -0.04280464
v 0.00281361 0.02651441 -0.04181905
v 0.00246203 0.02675675 -0.04134359
v 0.00021930 0.02713775 -0.04065021
v 0.00147390 0.02703678 -0.04065021
v 0.00281361 0.02689407 -0.04076908
v 0.00397568 0.02684156 -0.04047440
v 0.00493051 0.02677829 -0.04021685
v 0.00772836 0.02611052 -0.04065021
v 0.00510815 0.02572009 -0.04280464
v 0.00394238 0.02590453 -0.04280464
v 0.00359819 0.02595704 -0.04280464
v 0.00897555 0.02587626 -0.04065021
v 0.00933084 0.02566355 -0.04100433
v 0.01033007 0.02558276 -0.04048678
v 0.01397913 0.02477498 -0.03939966
v 0.01504498 0.02441686 -0.03939966
v 0.00933084 0.02579144 -0.04063288
v 0.01022645 0.02590319 -0.03939966
v 0.01143663 0.02558411 -0.03928822
v 0.01973768 0.02303958 -0.03651720
v 0.02124393 0.02194773 -0.03814911
v 0.02337563 0.02049102 -0.03881277
v 0.02412321 0.02017194 -0.03814911
v 0.02675082 0.01827365 -0.03837693
v 0.02369021 0.02069970 -0.03689855
v 0.02384934 0.02081009 -0.03564800
v 0.02589222 0.01925107 -0.03642309
v 0.02675082 0.01847021 -0.03731458
v 0.02675082 0.01832346 -0.03814663
v 0.02211364 0.02173501 -0.02368725
v 0.02141047 0.02202716 -0.02189190
v 0.00725465 0.02955977 -0.02649543
v 0.02001154 0.02318499 -0.03189634
v 0.01990052 0.02311902 -0.03439745
v 0.01983390 0.02308671 -0.03564800
v 0.01722479 0.02428761 -0.03541274
v 0.02159181 0.02200023 -0.02321922
v 0.02148449 0.02212140 -0.02439549
v 0.02233939 0.02186426 -0.02939770
v 0.02236529 0.02188176 -0.03064578
v 0.02239120 0.02189522 -0.03189634
v 0.02239490 0.02188849 -0.03314689
v 0.02675082 0.01899931 -0.02939770
v 0.02615128 0.01944224 -0.02939770
v 0.02527788 0.02006693 -0.02939770
v 0.02465243 0.02050987 -0.02939770
v 0.02398627 0.02090434 -0.02939770
v -0.01105354 0.02694119 -0.03824073
v -0.01105354 0.02710006 -0.03716847
v -0.00607217 0.02955977 -0.02857803
v -0.00853325 0.02708525 -0.03939966
v -0.00728236 0.02725892 -0.03939966
v -0.00603146 0.02737471 -0.03939966
v -0.00477687 0.02717410 -0.04065021
v -0.00477687 0.02686445 -0.04162837
v -0.00603146 0.02618995 -0.04280464
v 0.00147390 0.02619264 -0.04280464
v 0.00147390 0.02679175 -0.04144512
v 0.00021930 0.02683349 -0.04157142
v -0.00102789 0.02719565 -0.04065021
v 0.00141838 0.02955977 -0.02921445
v 0.00189209 0.02955977 -0.02911045
v 0.00522288 0.02955977 -0.02821896
v 0.00553745 0.02955977 -0.02811743
v 0.00147390 0.02732624 -0.03939966
v 0.00616660 0.02955977 -0.02783018
v 0.00711402 0.02673521 -0.03878553
v 0.00897555 0.02618187 -0.03939966
v 0.01212129 0.02548583 -0.03880038
v 0.01534475 0.02452322 -0.03825311
v 0.01630697 0.02442359 -0.03689855
v 0.01604791 0.02431723 -0.03790642
v 0.02226537 0.02182252 -0.03564800
v 0.02216915 0.02177271 -0.03648005
v 0.02156591 0.02203524 -0.03689855
v 0.01709896 0.02421626 -0.03624479
v 0.02349406 0.02057045 -0.03814911
v 0.02289082 0.02143478 -0.03564800
v 0.02408620 0.02081279 -0.03438259
v 0.02464133 0.02050179 -0.03395665
v 0.02596624 0.01930896 -0.03564800
v 0.02675082 0.01869369 -0.03591545
v 0.02675082 0.01854156 -0.03687626
v 0.01659934 0.02449898 -0.03575696
v 0.02235789 0.02186426 -0.03439745
v 0.02466353 0.02051525 -0.03064578
v 0.02302035 0.02151825 -0.03314689
v 0.02298334 0.02150479 -0.03439745
v 0.02675082 0.01903297 -0.03064578
v -0.00478057 0.02955977 -0.02895444
v -0.00352598 0.02955977 -0.02915502
v -0.00230099 0.02955977 -0.02933332
v -0.00102789 0.02955977 -0.02944228
v -0.00352968 0.02719295 -0.04065021
v -0.00477687 0.02655211 -0.04225489
v -0.00352968 0.02686984 -0.04165066
v -0.00352968 0.02630843 -0.04280464
v -0.00401449 0.02630035 -0.04280464
v -0.00477687 0.02627612 -0.04280464
v 0.00101499 0.02622092 -0.04280464
v 0.00021930 0.02626131 -0.04280464
v -0.00102789 0.02685907 -0.04163828
v -0.00227878 0.02686445 -0.04165066
v -0.00227878 0.02720238 -0.04065021
v -0.00059859 0.02955977 -0.02942494
v 0.00021930 0.02955977 -0.02939027
v 0.00062640 0.02955977 -0.02933827
v 0.02465983 0.02051660 -0.03314689
v 0.02675082 0.01902758 -0.03189634
v 0.02613278 0.01943147 -0.03314689
v 0.02675082 0.01896969 -0.03316423
v 0.02675082 0.01895623 -0.03334004
v 0.02675082 0.01887410 -0.03439745
v 0.02675082 0.01873139 -0.03564800
v 0.02528898 0.02007501 -0.03189634
v 0.02466353 0.02051795 -0.03189634
v 0.02398627 0.02092857 -0.03314689
v 0.02675082 0.01903297 -0.03073493
v 0.02616609 0.01945032 -0.03189634
v -0.00227878 0.02631247 -0.04280464
v -0.00277840 0.02631247 -0.04280464
v -0.00026921 0.02627746 -0.04280464
v -0.00102789 0.02629766 -0.04280464
v -0.00152751 0.02630439 -0.04280464
v -0.04634953 -0.01766961 -0.04280705
v -0.04566283 -0.01766961 -0.04414563
v -0.04566283 -0.01892201 -0.04416003
v -0.04634418 -0.01832948 -0.04280705
v -0.04630001 -0.01642395 -0.04280705
v -0.04563874 -0.01517155 -0.04408322
v -0.04565078 -0.01642395 -0.04411586
v -0.04524786 -0.01766961 -0.04477170
v -0.04525991 -0.01892201 -0.04478611
v -0.04633213 -0.01892201 -0.04280705
v -0.04564543 -0.02017441 -0.04412258
v -0.04621166 -0.01517155 -0.04280705
v -0.04597205 -0.01392252 -0.04315658
v -0.04605905 -0.01517155 -0.04315658
v -0.04559188 -0.01392252 -0.04401216
v -0.04519432 -0.01517155 -0.04470833
v -0.04522913 -0.01642395 -0.04474098
v -0.04462274 -0.01766961 -0.04562441
v -0.04414888 -0.01766961 -0.04624952
v -0.04463479 -0.01892201 -0.04559944
v -0.04523582 -0.02017441 -0.04474770
v -0.04630803 -0.01959871 -0.04280705
v -0.04560795 -0.02142344 -0.04404288
v -0.04604165 -0.02142344 -0.04315658
v -0.04623976 -0.02090834 -0.04280705
v -0.04610457 -0.01389895 -0.04280705
v -0.04583417 -0.01267012 -0.04315658
v -0.04549417 -0.01267012 -0.04387196
v -0.04507786 -0.01267012 -0.04449708
v -0.04445274 -0.01267012 -0.04538434
v -0.04514346 -0.01392252 -0.04463824
v -0.04451833 -0.01392252 -0.04545540
v -0.04456786 -0.01517155 -0.04552358
v -0.04460400 -0.01642395 -0.04559079
v -0.04411675 -0.01642395 -0.04621591
v -0.04276076 -0.01517155 -0.04738069
v -0.04279690 -0.01642395 -0.04740181
v -0.04279958 -0.01766961 -0.04739989
v -0.04412479 -0.01892201 -0.04622551
v -0.04461069 -0.02017441 -0.04554758
v -0.04454778 -0.02142344 -0.04549093
v -0.04447817 -0.02267584 -0.04542275
v -0.04517291 -0.02142344 -0.04466800
v -0.04555440 -0.02267584 -0.04394974
v -0.04596000 -0.02267584 -0.04315658
v -0.04620630 -0.02142344 -0.04280705
v -0.04591716 -0.01231999 -0.04280705
v -0.04565882 -0.01016869 -0.04280705
v -0.04564811 -0.01008116 -0.04280705
v -0.04563204 -0.01016869 -0.04287331
v -0.04543661 -0.01204392 -0.04378266
v -0.04435502 -0.01142109 -0.04527104
v -0.04393872 -0.01267012 -0.04600946
v -0.04400565 -0.01392252 -0.04608148
v -0.04384234 -0.01142109 -0.04589615
v -0.04406187 -0.01517155 -0.04614966
v -0.04338053 -0.01392252 -0.04670659
v -0.04343674 -0.01517155 -0.04675557
v -0.04213563 -0.01517155 -0.04787713
v -0.04217178 -0.01642395 -0.04790594
v -0.04270453 -0.01392252 -0.04733267
v -0.04207941 -0.01392252 -0.04784064
v -0.04217445 -0.01766961 -0.04791074
v -0.04214232 -0.01892201 -0.04789346
v -0.04276745 -0.01892201 -0.04738165
v -0.04407793 -0.02017441 -0.04617270
v -0.04265367 -0.02267584 -0.04730195
v -0.04336312 -0.02267584 -0.04667683
v -0.04403376 -0.02142344 -0.04611605
v -0.04398825 -0.02267584 -0.04604883
v -0.04510330 -0.02267584 -0.04457582
v -0.04392801 -0.02392487 -0.04595665
v -0.04440187 -0.02392487 -0.04533153
v -0.04548078 -0.02392487 -0.04384315
v -0.04585157 -0.02392487 -0.04315658
v -0.04611929 -0.02267584 -0.04280705
v -0.04615410 -0.02222134 -0.04280705
v -0.04559590 -0.00974449 -0.04280705
v -0.04544196 -0.00891966 -0.04280705
v -0.04425865 -0.01046832 -0.04514140
v -0.04331360 -0.01267012 -0.04662978
v -0.04321722 -0.01142109 -0.04652607
v -0.04299099 -0.00931692 -0.04633498
v -0.04308737 -0.01016869 -0.04641372
v -0.03924828 -0.01642395 -0.05008377
v -0.04133649 -0.01642395 -0.04853106
v -0.04073412 -0.01766961 -0.04901310
v -0.04135925 -0.01766961 -0.04853682
v -0.04260146 -0.01267012 -0.04725489
v -0.04197634 -0.01267012 -0.04776670
v -0.03764464 -0.01392252 -0.05106994
v -0.03772764 -0.01517155 -0.05111795
v -0.04046640 -0.01187895 -0.04880857
v -0.04071806 -0.01892201 -0.04900157
v -0.04069664 -0.02017441 -0.04898429
v -0.04067389 -0.02142344 -0.04896605
v -0.04129901 -0.02142344 -0.04848016
v -0.04206067 -0.02142344 -0.04785505
v -0.04202854 -0.02267584 -0.04782048
v -0.04258941 -0.02392487 -0.04725873
v -0.04330289 -0.02392487 -0.04663362
v -0.04502834 -0.02392487 -0.04446827
v -0.04320651 -0.02517727 -0.04654719
v -0.04383163 -0.02517727 -0.04583758
v -0.04431486 -0.02517727 -0.04521150
v -0.04543795 -0.02456117 -0.04378458
v -0.04567086 -0.02505607 -0.04320939
v -0.04588504 -0.02471267 -0.04280705
v -0.04599748 -0.02390804 -0.04280705
v -0.04604433 -0.02353434 -0.04280705
v -0.04534424 -0.00846179 -0.04280705
v -0.04512204 -0.00891966 -0.04330254
v -0.04288123 -0.00848199 -0.04623031
v -0.04449692 -0.00891966 -0.04425126
v -0.04435235 -0.00766726 -0.04403424
v -0.04392801 -0.00766726 -0.04465936
v -0.04315698 -0.00641486 -0.04530272
v -0.04142350 -0.00766726 -0.04732211
v -0.04198838 -0.00641486 -0.04657888
v -0.04128027 -0.00641486 -0.04720400
v -0.04245957 -0.01142109 -0.04715215
v -0.03777984 -0.01642395 -0.05114099
v -0.03927505 -0.01766961 -0.05010297
v -0.03989884 -0.01766961 -0.04963822
v -0.03988411 -0.01892201 -0.04962669
v -0.04079837 -0.00766726 -0.04782528
v -0.03952403 -0.00891966 -0.04905439
v -0.03692448 -0.01267012 -0.05146172
v -0.03701818 -0.01392252 -0.05151741
v -0.03710251 -0.01517155 -0.05155198
v -0.03966191 -0.01016869 -0.04915137
v -0.03883867 -0.01016869 -0.04977745
v -0.03821354 -0.01016869 -0.05024413
v -0.03668621 -0.00952902 -0.05128983
v -0.03673574 -0.01016869 -0.05132536
v -0.03682944 -0.01142109 -0.05139450
v -0.03924159 -0.02017441 -0.05007897
v -0.03921749 -0.02142344 -0.05006072
v -0.03919875 -0.02212034 -0.05004632
v -0.04123610 -0.02267584 -0.04844559
v -0.04196429 -0.02392487 -0.04775326
v -0.04186122 -0.02517727 -0.04767068
v -0.04248768 -0.02517727 -0.04717232
v -0.04169523 -0.02711310 -0.04754297
v -0.04307934 -0.02642630 -0.04642525
v -0.04379148 -0.02652394 -0.04557927
v -0.04417030 -0.02700537 -0.04502233
v -0.04424124 -0.02617044 -0.04510875
v -0.04411006 -0.02767870 -0.04493975
v -0.04451833 -0.02767870 -0.04431463
v -0.04514346 -0.02767870 -0.04327277
v -0.04561330 -0.02642630 -0.04286562
v -0.04563740 -0.02642630 -0.04280705
v -0.04521976 -0.00799382 -0.04280705
v -0.04424927 -0.00681886 -0.04387772
v -0.04277682 -0.00766726 -0.04611221
v -0.04303249 -0.00545536 -0.04515004
v -0.04261351 -0.00641486 -0.04592784
v -0.04179697 -0.00516583 -0.04639932
v -0.04052931 -0.00551933 -0.04760538
v -0.04065381 -0.00641486 -0.04770717
v -0.03715472 -0.01642395 -0.05156926
v -0.03716275 -0.01766961 -0.05157503
v -0.03778787 -0.01766961 -0.05114292
v -0.03775842 -0.02017441 -0.05112851
v -0.03926033 -0.01892201 -0.05009241
v -0.03870481 -0.00891966 -0.04967951
v -0.03605573 -0.01016869 -0.05178051
v -0.03605573 -0.01392252 -0.05197545
v -0.03605573 -0.01517155 -0.05202154
v -0.03605573 -0.01142109 -0.05185254
v -0.03486572 -0.01016869 -0.05236626
v -0.03807969 -0.00891966 -0.05014331
v -0.03611463 -0.00903412 -0.05160191
v -0.03773165 -0.02142344 -0.05111891
v -0.03702621 -0.02267584 -0.05150877
v -0.03765133 -0.02267584 -0.05107282
v -0.03689637 -0.02392487 -0.05143867
v -0.04160421 -0.02794467 -0.04746423
v -0.03675983 -0.02517727 -0.05134457
v -0.03613069 -0.02632194 -0.05161152
v -0.04298564 -0.02727470 -0.04633402
v -0.04340462 -0.02768544 -0.04575211
v -0.04335108 -0.02892774 -0.04548804
v -0.04397620 -0.02892774 -0.04473330
v -0.04438179 -0.02892774 -0.04410818
v -0.04521708 -0.02858770 -0.04280705
v -0.04540850 -0.02767870 -0.04280705
v -0.04558252 -0.02676634 -0.04280705
v -0.04432290 -0.00517256 -0.04280705
v -0.04302713 -0.00299433 -0.04393341
v -0.04317304 -0.00391343 -0.04418020
v -0.04289595 -0.00462379 -0.04499545
v -0.04250240 -0.00508839 -0.04560328
v -0.04099113 -0.00512879 -0.04709165
v -0.04168720 -0.00452953 -0.04628793
v -0.03924962 -0.00682896 -0.04883257
v -0.03937143 -0.00766726 -0.04892668
v -0.04037939 -0.00468776 -0.04747575
v -0.03875969 -0.00391343 -0.04846576
v -0.03813457 -0.00391343 -0.04893148
v -0.03836615 -0.00516583 -0.04909664
v -0.03578935 -0.00766726 -0.05154526
v -0.03605573 -0.01642395 -0.05205610
v -0.03605573 -0.01766961 -0.05208395
v -0.03605573 -0.01892201 -0.05210892
v -0.03605573 -0.02017441 -0.05211084
v -0.03714802 -0.01892201 -0.05157023
v -0.03713196 -0.02017441 -0.05156158
v -0.03469170 -0.00886242 -0.05234514
v -0.03415359 -0.00841129 -0.05252855
v -0.03419910 -0.00924286 -0.05254199
v -0.03448690 -0.01517155 -0.05260056
v -0.03454446 -0.01642395 -0.05261208
v -0.03524588 -0.01892201 -0.05244980
v -0.03797126 -0.00817226 -0.05006361
v -0.03480548 -0.00766726 -0.05210796
v -0.03710653 -0.02142344 -0.05154718
v -0.03494202 -0.02517727 -0.05234898
v -0.03471580 -0.02654077 -0.05235570
v -0.03605573 -0.02517727 -0.05178148
v -0.03605573 -0.02142344 -0.05206283
v -0.04288123 -0.02810627 -0.04623128
v -0.03581612 -0.02767870 -0.05157214
v -0.04080641 -0.02892774 -0.04778591
v -0.04143287 -0.02892774 -0.04733267
v -0.04213161 -0.02892774 -0.04670756
v -0.03480548 -0.02767870 -0.05214925
v -0.04275808 -0.02892774 -0.04611317
v -0.04316635 -0.03018013 -0.04528543
v -0.04426667 -0.02981653 -0.04391325
v -0.04301910 -0.03104200 -0.04512796
v -0.04453841 -0.03021380 -0.04323532
v -0.04490385 -0.02972227 -0.04280705
v -0.04309273 -0.00141200 -0.04280705
v -0.04308335 -0.00141200 -0.04282626
v -0.04286918 -0.00215940 -0.04370584
v -0.04188264 -0.00266440 -0.04524511
v -0.04204461 -0.00403463 -0.04567434
v -0.04187728 -0.00016296 -0.04402368
v -0.04155334 -0.00109553 -0.04489174
v -0.04173004 -0.00193046 -0.04508090
v -0.04021341 -0.00391343 -0.04734996
v -0.04129499 -0.00266440 -0.04587118
v -0.04013845 -0.00016296 -0.04597489
v -0.04032183 -0.00103830 -0.04617078
v -0.04050254 -0.00187323 -0.04635131
v -0.04066987 -0.00266440 -0.04650590
v -0.03958828 -0.00391343 -0.04783968
v -0.03797795 -0.00318960 -0.04881913
v -0.03414555 -0.00212573 -0.05124470
v -0.03657778 -0.00355319 -0.04993877
v -0.03674243 -0.00438813 -0.05007897
v -0.03687361 -0.00516583 -0.05017595
v -0.03557785 -0.00641486 -0.05138970
v -0.03485233 -0.00525336 -0.05158943
v -0.03480548 -0.00641486 -0.05186502
v -0.03524320 -0.02017441 -0.05246133
v -0.03333704 -0.00766726 -0.05257176
v -0.03346421 -0.00516919 -0.05229809
v -0.03298633 -0.00558666 -0.05255255
v -0.03308672 -0.00641486 -0.05256407
v -0.03366366 -0.00886242 -0.05257176
v -0.03267711 -0.00641486 -0.05258616
v -0.03390728 -0.01642395 -0.05261208
v -0.03450430 -0.02267584 -0.05261593
v -0.03458595 -0.01766961 -0.05261208
v -0.03519234 -0.02142344 -0.05242772
v -0.03441729 -0.02392487 -0.05260056
v -0.03423925 -0.02619737 -0.05255351
v -0.03417233 -0.02703230 -0.05253143
v -0.03480548 -0.02892774 -0.05187462
v -0.03483493 -0.03007240 -0.05157407
v -0.03444004 -0.03143253 -0.05147516
v -0.03557517 -0.02892774 -0.05139162
v -0.03926568 -0.03351986 -0.04759098
v -0.04043561 -0.03081307 -0.04753625
v -0.04192681 -0.03018013 -0.04650975
v -0.04026829 -0.03164463 -0.04741718
v -0.04085058 -0.03268157 -0.04663362
v -0.04177421 -0.03106557 -0.04636667
v -0.03403579 -0.02767870 -0.05248918
v -0.03376807 -0.02892774 -0.05239507
v -0.04255193 -0.03018013 -0.04591151
v -0.04318643 -0.03268157 -0.04413122
v -0.04399092 -0.03143253 -0.04348210
v -0.04436707 -0.03143253 -0.04285602
v -0.04190004 -0.03378920 -0.04526911
v -0.04197232 -0.03378920 -0.04518653
v -0.04271792 -0.03268157 -0.04475635
v -0.04440856 -0.03136520 -0.04280705
v -0.04308470 -0.00138843 -0.04280705
v -0.04307399 -0.00135813 -0.04280705
v -0.04290399 -0.00089690 -0.04280705
v -0.04274068 -0.00141200 -0.04345137
v -0.04171799 0.00053730 -0.04382779
v -0.04162563 0.00060463 -0.04390173
v -0.04114641 0.00060463 -0.04447595
v -0.04135523 -0.00016296 -0.04464880
v -0.04056010 0.00060463 -0.04517117
v -0.04072877 -0.00016296 -0.04534882
v -0.04102862 -0.00148606 -0.04562632
v -0.03935537 0.00060463 -0.04643869
v -0.03920812 0.00060463 -0.04655776
v -0.03874229 -0.00016296 -0.04720112
v -0.03936072 -0.00289670 -0.04766876
v -0.03995908 0.00060463 -0.04581165
v -0.03811717 -0.00016296 -0.04767356
v -0.03795921 0.00052047 -0.04755449
v -0.03756165 -0.00141200 -0.04851089
v -0.03784945 0.00060463 -0.04760346
v -0.03332366 -0.00141200 -0.05156638
v -0.03431422 -0.00296066 -0.05137818
v -0.03449627 -0.00391343 -0.05150301
v -0.03545470 -0.00572806 -0.05130231
v -0.03365964 -0.00259033 -0.05167681
v -0.03267711 -0.00264756 -0.05219150
v -0.03462075 -0.01892201 -0.05260441
v -0.03267711 -0.00538129 -0.05256984
v -0.03280294 -0.00475173 -0.05248342
v -0.03267711 -0.00486956 -0.05251318
v -0.03267711 -0.02774603 -0.05258616
v -0.03271326 -0.02767870 -0.05259576
v -0.03384035 -0.02267584 -0.05261593
v -0.03341066 -0.02767870 -0.05259576
v -0.03314161 -0.02892774 -0.05257176
v -0.03297963 -0.02969197 -0.05255159
v -0.03334507 -0.03378920 -0.05153662
v -0.03426871 -0.03227420 -0.05135129
v -0.03344681 -0.03378920 -0.05146844
v -0.03921348 -0.03378920 -0.04754681
v -0.04005947 -0.03268157 -0.04725970
v -0.04063774 -0.03378920 -0.04645597
v -0.04162563 -0.03190050 -0.04622455
v -0.03267711 -0.03225063 -0.05215598
v -0.03345886 -0.03013637 -0.05227312
v -0.04147704 -0.03268157 -0.04609396
v -0.04303249 -0.03352996 -0.04391613
v -0.04433896 -0.03159413 -0.04280705
v -0.04126287 -0.03378920 -0.04589423
v -0.04271792 -0.03378920 -0.04419460
v -0.04274871 -0.00049963 -0.04280705
v -0.04250509 -0.00024713 -0.04306247
v -0.04174610 0.00060463 -0.04372696
v -0.03862182 0.00060463 -0.04701867
v -0.03804756 0.00060463 -0.04745655
v -0.03729259 0.00060463 -0.04799620
v -0.03307200 -0.00054003 -0.05139738
v -0.03267711 -0.00031783 -0.05154238
v -0.03267711 -0.00147596 -0.05192263
v -0.03267711 -0.00417939 -0.05243156
v -0.03267711 -0.02853047 -0.05257944
v -0.03267711 -0.02958087 -0.05256407
v -0.03267711 -0.02987713 -0.05255447
v -0.03267711 -0.03056057 -0.05246421
v -0.03267711 -0.03121370 -0.05235378
v -0.03267711 -0.03378920 -0.05182469
v -0.03977033 -0.03378920 -0.04712334
v -0.04071002 -0.03378920 -0.04639356
v -0.04297226 -0.03378920 -0.04382875
v -0.04316501 -0.03378920 -0.04346386
v -0.04406455 -0.03236510 -0.04280705
v -0.04259745 -0.00012930 -0.04280705
v -0.04210752 0.00060463 -0.04309705
v -0.03693787 0.00060463 -0.04824298
v -0.03641581 0.00060463 -0.04860307
v -0.03282034 0.00029153 -0.05119669
v -0.03271861 0.00060463 -0.05112563
v -0.03267711 0.00060463 -0.05115156
v -0.03267711 0.00015687 -0.05134169
v -0.03267711 -0.03378920 -0.05027005
v -0.04331226 -0.03378920 -0.04317962
v -0.04338053 -0.03378920 -0.04303559
v -0.04357864 -0.03356026 -0.04280705
v -0.04226547 0.00060463 -0.04280705
v -0.03267711 0.00060463 -0.04930789
v -0.04184783 -0.03378920 -0.04280705
v -0.03269184 0.00060463 -0.04929541
v -0.04053735 0.00060463 -0.04280705
v -0.04348092 -0.03378920 -0.04280705
v -0.04587774 -0.01205665 -0.04280610
v -0.04565764 -0.01016558 -0.04280610
v -0.04440882 -0.01205665 -0.04280610
v -0.04683230 -0.01205665 -0.04041761
v -0.04679641 -0.01141596 -0.04032395
v -0.04564568 -0.01007947 -0.04280610
v -0.04601650 -0.01016558 -0.04189754
v -0.04585382 -0.00891520 -0.04189754
v -0.02365497 0.01874467 -0.04280610
v -0.03749486 -0.01205665 0.01002149
v -0.04699259 -0.01205665 -0.03996802
v -0.04712177 -0.01141596 -0.03939665
v -0.04673661 -0.01048248 -0.04016471
v -0.04559305 -0.00973846 -0.04280610
v -0.04688732 -0.01010702 -0.03948095
v -0.04561458 -0.00775094 -0.04188817
v -0.04545190 -0.00822974 -0.04255320
v -0.04552128 -0.00891520 -0.04266560
v -0.02365497 0.02052207 -0.04280610
v -0.02365497 0.01036059 0.01523869
v -0.03622929 -0.01205665 0.02313473
v -0.03742070 -0.01205665 0.01063032
v -0.04718159 -0.01205665 -0.03939665
v -0.04730599 -0.01205665 -0.03878783
v -0.04737537 -0.01141596 -0.03814153
v -0.04721508 -0.01016558 -0.03814153
v -0.04543994 -0.00891520 -0.04280610
v -0.04599736 -0.00766138 -0.04064241
v -0.04699020 -0.00891520 -0.03814153
v -0.04677967 -0.00776472 -0.03809470
v -0.04676292 -0.00891520 -0.03905009
v -0.04568157 -0.00635589 -0.04071735
v -0.04552367 -0.00673824 -0.04146668
v -0.04432509 -0.00517785 -0.04280610
v -0.04521745 -0.00799206 -0.04280610
v -0.04534185 -0.00845708 -0.04280610
v -0.02394206 0.02036362 -0.04280610
v -0.02365497 0.02108009 -0.04190690
v -0.02365497 0.01030893 0.01564145
v -0.02365497 0.01017803 0.01672797
v -0.02365497 0.01016081 0.01688721
v -0.02365497 0.01003680 0.01813296
v -0.03615991 -0.01205665 0.02438048
v -0.04795910 -0.01205665 -0.03520042
v -0.04795672 -0.01195331 -0.03517232
v -0.04718159 -0.00891520 -0.03689577
v -0.04671746 -0.00689324 -0.03763574
v -0.04669115 -0.00825729 -0.03879719
v -0.04580119 -0.00516407 -0.03939665
v -0.04544472 -0.00449238 -0.04005232
v -0.04451169 -0.00260131 -0.04072671
v -0.04428203 -0.00298366 -0.04146668
v -0.04308345 -0.00138538 -0.04280610
v -0.02485116 0.01983315 -0.04280610
v -0.02414302 0.02044284 -0.04248763
v -0.02453776 0.02070118 -0.04165401
v -0.02365497 0.02168978 -0.04064241
v -0.02365497 0.01002992 0.01821726
v -0.02365497 0.00960279 0.02438048
v -0.02365497 0.00924111 0.03063737
v -0.03614078 -0.01205665 0.02502678
v -0.02365497 0.00994036 0.01937872
v -0.02365497 0.00985080 0.02063384
v -0.02365497 0.00967857 0.02313473
v -0.04803327 -0.01205665 -0.03439490
v -0.04799978 -0.01177764 -0.03439490
v -0.04696149 -0.00766138 -0.03689577
v -0.04676531 -0.00664523 -0.03689577
v -0.04575573 -0.00391369 -0.03814153
v -0.04543754 -0.00327300 -0.03878783
v -0.04552367 -0.00401014 -0.03928426
v -0.04530596 -0.00365879 -0.03963082
v -0.04434184 -0.00168506 -0.04036142
v -0.04312890 -0.00024178 -0.04186944
v -0.04295904 -0.00071713 -0.04257193
v -0.04290163 -0.00089625 -0.04280610
v -0.02563586 0.01935780 -0.04280610
v -0.02686554 0.01934747 -0.04148541
v -0.02537270 0.02041529 -0.04120440
v -0.02570285 0.02063229 -0.04037078
v -0.02413584 0.02167255 -0.03992118
v -0.02365497 0.02207212 -0.03946222
v -0.02365497 0.00919633 0.03188312
v -0.03602834 -0.01205665 0.03001917
v -0.03610967 -0.01205665 0.02627254
v -0.04809308 -0.01205665 -0.03313977
v -0.04802370 -0.01156408 -0.03313977
v -0.04689689 -0.00641100 -0.03439490
v -0.04679881 -0.00631111 -0.03566875
v -0.04664330 -0.00582887 -0.03610898
v -0.04549257 -0.00311111 -0.03814153
v -0.04594712 -0.00391369 -0.03689577
v -0.04556673 -0.00265298 -0.03678337
v -0.04427246 -0.00057591 -0.03908756
v -0.04448538 -0.00132338 -0.03946222
v -0.04510740 -0.00277699 -0.03928426
v -0.04543754 -0.00202607 -0.03628694
v -0.04457150 -0.00015911 -0.03689577
v -0.04434184 -0.00015911 -0.03801977
v -0.04300689 0.00063314 -0.04142921
v -0.04279158 0.00011645 -0.04226283
v -0.04274612 -0.00049668 -0.04280610
v -0.02624591 0.01895824 -0.04280610
v -0.02769809 0.01906502 -0.04098897
v -0.02801866 0.01928891 -0.04015535
v -0.02729138 0.01952314 -0.04060495
v -0.02713588 0.01834855 -0.04280610
v -0.02780335 0.01788697 -0.04280610
v -0.02739665 0.01866200 -0.04200057
v -0.02931772 0.01682605 -0.04280610
v -0.02653539 0.02037051 -0.03967765
v -0.02609280 0.02073219 -0.03931236
v -0.02431527 0.02180689 -0.03908756
v -0.02365497 0.02267837 -0.03699881
v -0.02365497 0.00917911 0.03313825
v -0.03597809 -0.01205665 0.03377518
v -0.03599245 -0.01205665 0.03252005
v -0.03600680 -0.01205665 0.03127429
v -0.04808590 -0.01205665 -0.03245601
v -0.04800935 -0.01154685 -0.03189401
v -0.04729642 -0.00766138 -0.03063889
v -0.04728445 -0.00766138 -0.03189401
v -0.04696388 -0.00641100 -0.03313977
v -0.04669832 -0.00573931 -0.03527535
v -0.04572463 -0.00265987 -0.03564065
v -0.04299493 0.00308911 -0.03775750
v -0.04319828 0.00240020 -0.03816026
v -0.04304278 0.00196618 -0.03939665
v -0.04310259 0.00106715 -0.04054875
v -0.04547821 -0.00190206 -0.03564065
v -0.04481074 -0.00029345 -0.03564065
v -0.04434662 0.00081570 -0.03564065
v -0.04424614 0.00061247 -0.03689577
v -0.04418155 0.00046780 -0.03752334
v -0.04279875 0.00146672 -0.04089531
v -0.04188009 0.00354724 -0.04055811
v -0.04175090 0.00309945 -0.04141047
v -0.04194229 0.00231064 -0.04186007
v -0.04176047 0.00186974 -0.04265623
v -0.04180831 0.00160450 -0.04280610
v -0.04207386 0.00102582 -0.04280610
v -0.04259540 -0.00012467 -0.04280610
v -0.03049956 0.01677782 -0.04137301
v -0.02856652 0.01860344 -0.04067051
v -0.02940146 0.01814187 -0.04035204
v -0.02962155 0.01830721 -0.03939665
v -0.02880336 0.01893757 -0.03939665
v -0.02817656 0.01940258 -0.03939665
v -0.02719569 0.02005361 -0.03931236
v -0.03000434 0.01630592 -0.04280610
v -0.03018137 0.01652981 -0.04220663
v -0.02670764 0.02049107 -0.03884402
v -0.02365497 0.02270248 -0.03689577
v -0.02365497 0.00913777 0.03689425
v -0.03596614 -0.01205665 0.03563913
v -0.04807394 -0.01205665 -0.03189401
v -0.04799260 -0.01165708 -0.03063889
v -0.04726532 -0.00766138 -0.02939313
v -0.04701890 -0.00641100 -0.03063889
v -0.04701890 -0.00641100 -0.03189401
v -0.04675096 -0.00549819 -0.03313977
v -0.04583946 -0.00265987 -0.03439490
v -0.04305952 0.00321312 -0.03689577
v -0.04270306 0.00384003 -0.03689577
v -0.04197817 0.00471150 -0.03814153
v -0.04181549 0.00444283 -0.03939665
v -0.04170783 0.00426371 -0.04008042
v -0.04294230 0.00174573 -0.04006168
v -0.04553324 -0.00175395 -0.03439490
v -0.04439208 0.00090526 -0.03439490
v -0.04316718 0.00346113 -0.03439490
v -0.04311933 0.00334401 -0.03564065
v -0.04152601 0.00393303 -0.04091404
v -0.04063605 0.00478384 -0.04180387
v -0.04048772 0.00432571 -0.04261877
v -0.04154037 0.00270332 -0.04224410
v -0.04055471 0.00400881 -0.04280610
v -0.04160735 0.00200407 -0.04280610
v -0.04171740 0.00178707 -0.04280610
v -0.03181776 0.01558945 -0.04146668
v -0.03134646 0.01642648 -0.04064241
v -0.03072205 0.01696383 -0.04064241
v -0.03072683 0.01573412 -0.04280610
v -0.03158091 0.01662282 -0.03970575
v -0.03024836 0.01781464 -0.03939665
v -0.02928901 0.01930614 -0.03660541
v -0.02839905 0.01954726 -0.03814153
v -0.02745407 0.02017761 -0.03814153
v -0.02704258 0.02070807 -0.03689577
v -0.02561911 0.02184478 -0.03564065
v -0.02548275 0.02175522 -0.03640871
v -0.02486073 0.02201357 -0.03685831
v -0.02365497 0.02289882 -0.03564065
v -0.02365497 0.00912744 0.03814001
v -0.03596135 -0.01205665 0.03689425
v -0.04798542 -0.01205665 -0.02840964
v -0.04795910 -0.01188442 -0.02814738
v -0.04794475 -0.01197742 -0.02723882
v -0.04721269 -0.00766138 -0.02814738
v -0.04676531 -0.00549819 -0.03063889
v -0.04677249 -0.00543964 -0.03189401
v -0.04696627 -0.00641100 -0.02939313
v -0.04673899 -0.00558775 -0.02939313
v -0.04590406 -0.00265987 -0.03313977
v -0.04202363 0.00496296 -0.03698008
v -0.04165520 0.00545898 -0.03744841
v -0.04185855 0.00575176 -0.03439490
v -0.04178439 0.00563465 -0.03564065
v -0.04059299 0.00698147 -0.03814153
v -0.04049729 0.00682647 -0.03895643
v -0.04058342 0.00570354 -0.04064241
v -0.04045183 0.00550720 -0.04131680
v -0.04555716 -0.00170917 -0.03313977
v -0.04440882 0.00095348 -0.03313977
v -0.04319589 0.00353002 -0.03313977
v -0.04284661 0.00415348 -0.03313977
v -0.04190401 0.00582065 -0.03313977
v -0.04023891 0.00515585 -0.04215044
v -0.03943029 0.00582065 -0.04280610
v -0.04025805 0.00450139 -0.04280610
v -0.04042791 0.00422926 -0.04280610
v -0.03309050 0.01438040 -0.04153224
v -0.03152828 0.01533455 -0.04230030
v -0.03232015 0.01485920 -0.04191627
v -0.03201154 0.01580301 -0.04064241
v -0.03203068 0.01453885 -0.04280610
v -0.03282734 0.01411517 -0.04236587
v -0.03112157 0.01711539 -0.03933109
v -0.03327232 0.01456641 -0.04064241
v -0.03454028 0.01331259 -0.04064241
v -0.03675083 0.01179353 -0.03894706
v -0.03171010 0.01675027 -0.03887212
v -0.03038472 0.01791453 -0.03860986
v -0.03050434 0.01803509 -0.03777624
v -0.03062635 0.01814187 -0.03689577
v -0.03075554 0.01824521 -0.03564065
v -0.02999477 0.01886868 -0.03564065
v -0.02937036 0.01936469 -0.03564065
v -0.02720287 0.02082519 -0.03564065
v -0.02624591 0.02145555 -0.03564065
v -0.02574830 0.02192401 -0.03439490
v -0.02365497 0.02294704 -0.03512549
v -0.02365497 0.00912399 0.03899236
v -0.03598288 -0.01205665 0.04689778
v -0.04795672 -0.01205665 -0.02734185
v -0.04795193 -0.01205665 -0.02718262
v -0.04725336 -0.01016558 -0.02063537
v -0.04717919 -0.00891520 -0.02314561
v -0.04724857 -0.00891520 -0.02439137
v -0.04714091 -0.00766138 -0.02689225
v -0.04680598 -0.00656256 -0.02563713
v -0.04690646 -0.00641100 -0.02814738
v -0.04589927 -0.00265987 -0.03063889
v -0.04576291 -0.00265987 -0.02689225
v -0.04581315 -0.00265987 -0.02814738
v -0.04592080 -0.00265987 -0.03189401
v -0.04669354 -0.00575654 -0.02736058
v -0.04671268 -0.00568764 -0.02814738
v -0.04172458 0.00553820 -0.03661478
v -0.04069586 0.00715026 -0.03689577
v -0.04046140 0.00802173 -0.03417946
v -0.04043030 0.00796662 -0.03501309
v -0.04018628 0.00760839 -0.03814153
v -0.03907383 0.00909299 -0.03835696
v -0.03937048 0.00822496 -0.03939665
v -0.04001882 0.00728460 -0.03937792
v -0.03921976 0.00802518 -0.04011788
v -0.03904512 0.00777372 -0.04095151
v -0.03933460 0.00694014 -0.04158844
v -0.03978675 0.00606866 -0.04186944
v -0.04556434 -0.00168506 -0.03189401
v -0.04444231 0.00102237 -0.03063889
v -0.04321263 0.00354724 -0.03189401
v -0.04286335 0.00417415 -0.03189401
v -0.04191597 0.00585510 -0.03189401
v -0.04054274 0.00812852 -0.03063889
v -0.04051882 0.00809751 -0.03189401
v -0.04049490 0.00806307 -0.03313977
v -0.03910971 0.00663702 -0.04242206
v -0.03808338 0.00777717 -0.04280610
v -0.03433932 0.01312658 -0.04154161
v -0.03358812 0.01362604 -0.04195374
v -0.03265748 0.01394639 -0.04280610
v -0.03408333 0.01286135 -0.04237523
v -0.03328668 0.01332292 -0.04280610
v -0.03516469 0.01267879 -0.04064241
v -0.03791592 0.01045704 -0.03874100
v -0.03755706 0.01103229 -0.03825393
v -0.03684892 0.01190376 -0.03814153
v -0.03577475 0.01332292 -0.03689577
v -0.03515273 0.01394983 -0.03689577
v -0.03656901 0.01159375 -0.03978069
v -0.03711208 0.01114596 -0.03937792
v -0.03260963 0.01641270 -0.03689577
v -0.03198283 0.01698450 -0.03689577
v -0.03125316 0.01761141 -0.03689577
v -0.03212877 0.01709472 -0.03564065
v -0.03221250 0.01716017 -0.03439490
v -0.03145890 0.01778708 -0.03439490
v -0.03083449 0.01829343 -0.03439490
v -0.02741100 0.02081141 -0.03428249
v -0.02637510 0.02151755 -0.03439490
v -0.03089430 0.01833477 -0.03313977
v -0.03004022 0.01892034 -0.03439490
v -0.03008328 0.01895824 -0.03313977
v -0.02941581 0.01939914 -0.03439490
v -0.02862154 0.02009150 -0.03189401
v -0.02858087 0.02005361 -0.03313977
v -0.02365497 0.02303660 -0.03369240
v -0.02365497 0.02299871 -0.03439490
v -0.02577701 0.02194467 -0.03313977
v -0.02365497 0.02310205 -0.03189401
v -0.02365497 0.02306071 -0.03313977
v -0.02365497 0.00913088 0.04023812
v -0.02365497 0.00921011 0.04689778
v -0.02365497 0.00925489 0.04758154
v -0.03603790 -0.01205665 0.04814353
v -0.04721987 -0.01205665 -0.01687936
v -0.04724618 -0.01141596 -0.01813449
v -0.04716723 -0.01016558 -0.01938961
v -0.04701890 -0.00891520 -0.02063537
v -0.04710025 -0.00891520 -0.02189049
v -0.04680598 -0.00756838 -0.02187176
v -0.04676531 -0.00670724 -0.02439137
v -0.04669832 -0.00697247 -0.02227452
v -0.04672704 -0.00686224 -0.02314561
v -0.04595191 -0.00391369 -0.02314561
v -0.04681555 -0.00632144 -0.02692035
v -0.04553802 -0.00173328 -0.02939313
v -0.04555716 -0.00168850 -0.03063889
v -0.04565047 -0.00253586 -0.02551536
v -0.04549018 -0.00188829 -0.02689225
v -0.04551649 -0.00180562 -0.02814738
v -0.04565047 -0.00271498 -0.02439137
v -0.04027001 0.00777717 -0.03689577
v -0.04006905 0.00868998 -0.03313977
v -0.04011690 0.00849708 -0.03451666
v -0.03941355 0.00953045 -0.03439490
v -0.03933938 0.00942712 -0.03564065
v -0.03923651 0.00928933 -0.03689577
v -0.03918149 0.00922044 -0.03752334
v -0.03948531 0.00863831 -0.03802913
v -0.03890397 0.00885187 -0.03939665
v -0.03808578 0.00942023 -0.04041761
v -0.03791353 0.00920666 -0.04125124
v -0.03819104 0.00834208 -0.04189754
v -0.04443753 0.00102237 -0.02939313
v -0.04323417 0.00354724 -0.02939313
v -0.04323177 0.00355413 -0.03063889
v -0.04191836 0.00587232 -0.03063889
v -0.04054753 0.00813540 -0.02939313
v -0.04009059 0.00875543 -0.03063889
v -0.03944225 0.00956834 -0.03313977
v -0.03799726 0.00805962 -0.04262813
v -0.03793984 0.00798384 -0.04280610
v -0.03554507 0.01184865 -0.04145730
v -0.03637044 0.01137330 -0.04064241
v -0.03574843 0.01205532 -0.04064241
v -0.03391347 0.01269257 -0.04280610
v -0.03448286 0.01206221 -0.04280610
v -0.03646853 0.01022626 -0.04220663
v -0.03674365 0.01054316 -0.04137301
v -0.03801161 0.01057071 -0.03790736
v -0.03779151 0.01029859 -0.03939665
v -0.03827956 0.00967513 -0.03939665
v -0.03759773 0.01132507 -0.03689577
v -0.03772214 0.01147319 -0.03564065
v -0.03697332 0.01204499 -0.03689577
v -0.03639437 0.01267190 -0.03689577
v -0.03530345 0.01409451 -0.03564065
v -0.03405702 0.01534488 -0.03564065
v -0.03691351 0.01074639 -0.04064241
v -0.03760969 0.00983702 -0.04075481
v -0.03343021 0.01593046 -0.03564065
v -0.03275317 0.01655393 -0.03564065
v -0.03283930 0.01661937 -0.03439490
v -0.03293739 0.01672960 -0.03257778
v -0.02799474 0.02052207 -0.03189401
v -0.03296131 0.01674682 -0.03189401
v -0.03094215 0.01836232 -0.03189401
v -0.03012874 0.01898924 -0.03189401
v -0.02949954 0.01946114 -0.03189401
v -0.02954261 0.01948870 -0.03063889
v -0.02864547 0.02011561 -0.03063889
v -0.02802106 0.02053585 -0.03063889
v -0.02580093 0.02196534 -0.03063889
v -0.02365497 0.02313305 -0.03063889
v -0.02365497 0.00929967 0.04815290
v -0.02365497 0.00937545 0.04867743
v -0.02365497 0.00948567 0.04939865
v -0.02365497 0.00952012 0.04960472
v -0.03615991 -0.01205665 0.04939865
v -0.04710982 -0.01205665 -0.01539008
v -0.04714809 -0.01141596 -0.01687936
v -0.04668636 -0.01203943 -0.00999492
v -0.04677727 -0.00908054 -0.01687936
v -0.04681316 -0.00880842 -0.01806892
v -0.04693039 -0.00891520 -0.01938961
v -0.04706914 -0.01016558 -0.01813449
v -0.04671507 -0.00937678 -0.01539008
v -0.04670789 -0.00818496 -0.01844358
v -0.04678445 -0.00783361 -0.02063537
v -0.04596865 -0.00641100 -0.01437848
v -0.04594473 -0.00516407 -0.01813449
v -0.04586578 -0.00391369 -0.02189049
v -0.04560262 -0.00282865 -0.02314561
v -0.04546146 -0.00196407 -0.02585256
v -0.04439925 0.00095348 -0.02814738
v -0.04432748 -0.00043123 -0.01813449
v -0.04543276 -0.00203640 -0.02501893
v -0.03897095 0.01019526 -0.03313977
v -0.03893507 0.01015737 -0.03439490
v -0.03885612 0.01005403 -0.03564065
v -0.03822932 0.01085317 -0.03564065
v -0.03811448 0.01069816 -0.03689577
v -0.03771974 0.00896555 -0.04189754
v -0.04321025 0.00350246 -0.02814738
v -0.04191118 0.00586199 -0.02939313
v -0.04188726 0.00581377 -0.02814738
v -0.04051882 0.00809407 -0.02814738
v -0.04006666 0.00872098 -0.02814738
v -0.03944225 0.00957523 -0.02814738
v -0.04009059 0.00875887 -0.02939313
v -0.03946618 0.00960623 -0.02939313
v -0.03946378 0.00959934 -0.03063889
v -0.03945421 0.00958557 -0.03189401
v -0.03835851 0.01104606 -0.03189401
v -0.03773649 0.00823874 -0.04280610
v -0.03680586 0.00936512 -0.04280610
v -0.03704988 0.00982324 -0.04183197
v -0.03831066 0.01095995 -0.03439490
v -0.03779870 0.01157997 -0.03439490
v -0.03709533 0.01217588 -0.03564065
v -0.03651399 0.01279935 -0.03564065
v -0.03538957 0.01417718 -0.03475082
v -0.03415032 0.01543100 -0.03475082
v -0.03419817 0.01548611 -0.03391720
v -0.03421252 0.01549989 -0.03313977
v -0.03358812 0.01613713 -0.03189401
v -0.03296610 0.01675371 -0.03063889
v -0.03095889 0.01838988 -0.03063889
v -0.03016702 0.01901679 -0.03063889
v -0.02954021 0.01949559 -0.02939313
v -0.02864786 0.02012250 -0.02939313
v -0.02802106 0.02053585 -0.02939313
v -0.02580093 0.02196879 -0.02939313
v -0.02365497 0.02312616 -0.02939313
v -0.02365497 0.00968890 0.05058821
v -0.03632260 -0.01205665 0.05065377
v -0.04668636 -0.01205665 -0.00998555
v -0.04703087 -0.01141251 -0.01539008
v -0.04544711 -0.01205665 0.00377398
v -0.04543754 -0.01200498 0.00382081
v -0.04588731 -0.01141251 -0.00186471
v -0.04599736 -0.01141251 -0.00311047
v -0.04591123 -0.01016558 -0.00436559
v -0.04669354 -0.00948700 -0.01488428
v -0.04680838 -0.00994513 -0.01539008
v -0.04696627 -0.01016558 -0.01687936
v -0.04672464 -0.00932511 -0.01563361
v -0.04595191 -0.00766483 -0.01062248
v -0.04588971 -0.00891176 -0.00686648
v -0.04587056 -0.00641100 -0.01313273
v -0.04584664 -0.00516407 -0.01687936
v -0.04576769 -0.00391369 -0.02063537
v -0.04555238 -0.00295610 -0.02189049
v -0.04459543 -0.00140949 -0.01687936
v -0.04427724 -0.00054835 -0.01687936
v -0.04438729 -0.00029690 -0.01975491
v -0.04455236 -0.00015911 -0.02314561
v -0.04463131 -0.00015911 -0.02439137
v -0.04312173 0.00335090 -0.02564649
v -0.04316718 0.00342668 -0.02689225
v -0.04420308 0.00051602 -0.02218086
v -0.04333944 0.00234509 -0.02189049
v -0.04437294 -0.00032445 -0.01938961
v -0.04335378 0.00109471 -0.01437848
v -0.03834416 0.01101162 -0.03313977
v -0.04268153 0.00371258 -0.02189049
v -0.04199252 0.00496296 -0.02184366
v -0.04181310 0.00568632 -0.02564649
v -0.04143989 0.00631323 -0.02564649
v -0.04074849 0.00745682 -0.02559966
v -0.04044705 0.00799418 -0.02598369
v -0.03935613 0.00945812 -0.02564649
v -0.03893985 0.01014359 -0.02689225
v -0.03898052 0.01020214 -0.02814738
v -0.03899488 0.01023315 -0.02939313
v -0.03836329 0.01105295 -0.03063889
v -0.03787525 0.01167642 -0.03063889
v -0.03786089 0.01166953 -0.03189401
v -0.03783219 0.01163508 -0.03313977
v -0.03717428 0.01227577 -0.03439490
v -0.03669581 0.01299224 -0.03275574
v -0.03544699 0.01423918 -0.03391720
v -0.03546134 0.01425296 -0.03313977
v -0.03422209 0.01551022 -0.03189401
v -0.03421731 0.01550678 -0.03063889
v -0.03420295 0.01548956 -0.02939313
v -0.03418860 0.01547922 -0.02861570
v -0.03294696 0.01673649 -0.02979590
v -0.03016702 0.01900990 -0.02939313
v -0.02949715 0.01947148 -0.02814738
v -0.02795407 0.02049107 -0.02600243
v -0.02862872 0.02009839 -0.02814738
v -0.02797799 0.02050485 -0.02689225
v -0.02800192 0.02052551 -0.02814738
v -0.02578179 0.02195156 -0.02814738
v -0.02365497 0.02310205 -0.02856887
v -0.03640633 -0.01205665 0.05105654
v -0.02365497 0.01005058 0.05151550
v -0.04341599 -0.01205665 0.02563561
v -0.04568635 -0.01016558 -0.00186471
v -0.04579879 -0.01016558 -0.00311047
v -0.04331790 -0.01141251 0.02563561
v -0.04545668 -0.01066160 0.00148853
v -0.04546146 -0.00942156 -0.00095615
v -0.04584425 -0.00766483 -0.00937672
v -0.04558348 -0.00755116 -0.00678218
v -0.04546625 -0.00690358 -0.00713811
v -0.04543515 -0.00578065 -0.00997618
v -0.04546625 -0.00568764 -0.01062248
v -0.04571506 -0.00513996 -0.01539008
v -0.04548300 -0.00438560 -0.01539008
v -0.04549975 -0.00310077 -0.02063537
v -0.04554520 -0.00419270 -0.01687936
v -0.04462892 -0.00265987 -0.01186824
v -0.04545908 -0.00321100 -0.01969871
v -0.04421026 -0.00196751 -0.00971392
v -0.04449495 -0.00140949 -0.01563361
v -0.04421743 -0.00069991 -0.01539008
v -0.04303321 0.00318212 -0.02314561
v -0.04314565 0.00216597 -0.01813449
v -0.04295426 0.00301678 -0.02096320
v -0.04318632 0.00121527 -0.01302033
v -0.04296383 0.00177673 -0.01336689
v -0.04195185 0.00468395 -0.01938961
v -0.04200927 0.00477695 -0.02063537
v -0.04170305 0.00550720 -0.02222769
v -0.04073174 0.00721570 -0.02314561
v -0.04068629 0.00713992 -0.02189049
v -0.04023413 0.00767728 -0.02063537
v -0.03952838 0.00869687 -0.02068220
v -0.03918866 0.00923422 -0.02113180
v -0.03921976 0.00927211 -0.02189049
v -0.03926522 0.00933756 -0.02314561
v -0.03931068 0.00939956 -0.02439137
v -0.03889679 0.01008503 -0.02564649
v -0.03831545 0.01096339 -0.02689225
v -0.03835372 0.01100817 -0.02814738
v -0.03836808 0.01104262 -0.02939313
v -0.03670059 0.01299569 -0.03063889
v -0.03671016 0.01300258 -0.03189401
v -0.03786089 0.01166609 -0.02939313
v -0.03665035 0.01294746 -0.03358937
v -0.03546852 0.01425640 -0.03189401
v -0.03608097 0.01362260 -0.03063889
v -0.03543502 0.01422195 -0.02862507
v -0.03542067 0.01420818 -0.02779145
v -0.03540153 0.01419095 -0.02689225
v -0.03537282 0.01416340 -0.02564649
v -0.03404266 0.01533111 -0.02314561
v -0.03092779 0.01838299 -0.02939313
v -0.03400199 0.01530010 -0.02189049
v -0.03337758 0.01586157 -0.02189049
v -0.03261203 0.01645059 -0.02063537
v -0.03194216 0.01694316 -0.01938961
v -0.03124119 0.01760796 -0.02063537
v -0.03066224 0.01815910 -0.02189049
v -0.03061678 0.01812120 -0.02063537
v -0.02933926 0.01934402 -0.02439137
v -0.02742057 0.02081830 -0.02560903
v -0.02919332 0.01923036 -0.02114116
v -0.02847561 0.01962304 -0.01938961
v -0.02719569 0.02082863 -0.02314561
v -0.02725310 0.02087341 -0.02439137
v -0.02632726 0.02151410 -0.02564649
v -0.02626505 0.02149688 -0.02439137
v -0.02574830 0.02191367 -0.02689225
v -0.02365497 0.02303660 -0.02689225
v -0.02365497 0.02305727 -0.02739805
v -0.03654748 -0.01205665 0.05152487
v -0.02365497 0.01014359 0.05164663
v -0.04329876 -0.01205665 0.02688136
v -0.04296622 -0.01061338 0.02789295
v -0.04324134 -0.01205665 0.02749019
v -0.04304995 -0.01129884 0.02823952
v -0.04553802 -0.00783017 -0.00562072
v -0.04169587 -0.00947667 0.03890807
v -0.04173654 -0.00931822 0.03814001
v -0.04180113 -0.00907710 0.03689425
v -0.04294947 -0.00822285 0.02268513
v -0.04461218 -0.00641100 0.00063617
v -0.04462892 -0.00516063 -0.00311047
v -0.04458347 -0.00391025 -0.00686648
v -0.04452126 -0.00265987 -0.01062248
v -0.04437294 -0.00255653 -0.00932989
v -0.04428442 -0.00298366 -0.00686648
v -0.04170783 -0.00321100 0.02029665
v -0.04066954 -0.00253586 0.02824889
v -0.04171740 -0.00194340 0.01538855
v -0.04058581 -0.00163683 0.02563561
v -0.04043030 -0.00078258 0.02375292
v -0.04316718 0.00101548 -0.01186824
v -0.04419591 -0.00075502 -0.01487491
v -0.04436576 -0.00132338 -0.01442532
v -0.04291838 0.00171473 -0.01254263
v -0.04175807 0.00311323 -0.00812160
v -0.04193511 0.00344390 -0.01186824
v -0.04193511 0.00368158 -0.01322639
v -0.04208583 0.00359891 -0.01437848
v -0.04183463 0.00449105 -0.01688873
v -0.04046619 0.00553131 -0.00834640
v -0.04057863 0.00696081 -0.01938961
v -0.04063365 0.00705037 -0.02063537
v -0.04073653 0.00597222 -0.01437848
v -0.04072696 0.00613411 -0.01538071
v -0.04018628 0.00758427 -0.01938961
v -0.03938723 0.00826630 -0.01563361
v -0.03955948 0.00850053 -0.01938961
v -0.03797573 0.01052938 -0.01813449
v -0.03803315 0.01060516 -0.01938961
v -0.03808578 0.01067061 -0.02063537
v -0.03875564 0.00989902 -0.02189049
v -0.03893028 0.00887599 -0.01538071
v -0.03822454 0.01084628 -0.02439137
v -0.03772453 0.01146975 -0.02439137
v -0.03776281 0.01152830 -0.02564649
v -0.03779391 0.01158686 -0.02689225
v -0.03782979 0.01163164 -0.02814738
v -0.03667667 0.01296813 -0.02877494
v -0.03666231 0.01295435 -0.02814738
v -0.03533933 0.01412895 -0.02439137
v -0.03530106 0.01408762 -0.02314561
v -0.03462162 0.01467319 -0.02189049
v -0.03394697 0.01523810 -0.02063537
v -0.03332017 0.01582712 -0.02063537
v -0.03256657 0.01639892 -0.01938961
v -0.03188474 0.01690527 -0.01813449
v -0.03119095 0.01757007 -0.01938961
v -0.03113593 0.01752874 -0.01813449
v -0.03051152 0.01803165 -0.01813449
v -0.03046367 0.01799720 -0.01721656
v -0.02840862 0.01957481 -0.01813449
v -0.02760000 0.02025339 -0.01938961
v -0.02712631 0.02078385 -0.02189049
v -0.02619807 0.02145899 -0.02314561
v -0.02365497 0.02279548 -0.02189049
v -0.02570045 0.02188267 -0.02564649
v -0.02365497 0.02286093 -0.02314561
v -0.02365497 0.01067750 0.05221800
v -0.02365497 0.01073605 0.05227419
v -0.02365497 0.01126652 0.05262076
v -0.03687763 -0.01205665 0.05185270
v -0.04214085 -0.01016558 0.03563913
v -0.04298536 -0.01205665 0.03003790
v -0.04201645 -0.01016558 0.03689425
v -0.04175807 -0.01015180 0.03935767
v -0.04107146 -0.01016558 0.04564265
v -0.04083701 -0.00891176 0.04564265
v -0.04080351 -0.00766483 0.04314177
v -0.04054036 -0.00660390 0.04314177
v -0.04059059 -0.00631111 0.04195221
v -0.04421265 -0.00569453 0.00280922
v -0.04045901 -0.00570487 0.04157754
v -0.04168870 -0.00451649 0.02507361
v -0.04081308 -0.00391025 0.03188312
v -0.04057145 -0.00291477 0.03063737
v -0.04047097 -0.00192962 0.02791169
v -0.03921976 -0.00069647 0.03538623
v -0.03927239 -0.00058280 0.03438400
v -0.03940398 -0.00029345 0.03181756
v -0.03958580 -0.00015567 0.02939161
v -0.03919584 0.00050569 0.03017840
v -0.04188726 0.00213841 -0.00436559
v -0.04195185 0.00226242 -0.00562072
v -0.04196860 0.00246220 -0.00680091
v -0.04171022 0.00303056 -0.00716621
v -0.04073653 0.00478040 -0.00686648
v -0.04074370 0.00496985 -0.00800920
v -0.04168391 0.00422926 -0.01370409
v -0.04176525 0.00436705 -0.01538071
v -0.04042552 0.00546586 -0.00751277
v -0.03949250 0.00720193 -0.00937672
v -0.03918149 0.00797006 -0.01124067
v -0.03947814 0.00743271 -0.01074424
v -0.04043748 0.00672658 -0.01618624
v -0.04007145 0.00740171 -0.01688873
v -0.03927000 0.00810096 -0.01312336
v -0.03932981 0.00818363 -0.01437848
v -0.03888483 0.00881054 -0.01437848
v -0.03901880 0.00875198 -0.01538071
v -0.03793984 0.01048115 -0.01740389
v -0.03670777 0.01175564 -0.01538071
v -0.03746615 0.01115629 -0.01813449
v -0.03752357 0.01123207 -0.01938961
v -0.03757859 0.01129752 -0.02063537
v -0.03762883 0.01135607 -0.02189049
v -0.03710012 0.01221377 -0.02439137
v -0.03713840 0.01226200 -0.02564649
v -0.03662643 0.01291991 -0.02689225
v -0.03658576 0.01288546 -0.02564649
v -0.03588479 0.01346071 -0.02314561
v -0.03583695 0.01340559 -0.02189049
v -0.03524842 0.01402906 -0.02189049
v -0.03456181 0.01461464 -0.02063537
v -0.03437999 0.01442518 -0.01688873
v -0.03388237 0.01517610 -0.01938961
v -0.03295413 0.01549300 -0.01352612
v -0.03305222 0.01558256 -0.01538071
v -0.03319337 0.01571345 -0.01813449
v -0.03325796 0.01577201 -0.01938961
v -0.03251154 0.01633692 -0.01813449
v -0.03244456 0.01628181 -0.01688873
v -0.03173881 0.01677438 -0.01538071
v -0.03041582 0.01794898 -0.01638293
v -0.02965266 0.01833477 -0.01437848
v -0.02972203 0.01837955 -0.01538071
v -0.02882490 0.01895824 -0.01437848
v -0.02888231 0.01900301 -0.01538071
v -0.03170532 0.01674682 -0.01479061
v -0.02826029 0.01945770 -0.01538071
v -0.02820048 0.01941636 -0.01437848
v -0.02751626 0.02020172 -0.01813449
v -0.02612869 0.02140732 -0.02189049
v -0.02689186 0.02061163 -0.01813449
v -0.02545404 0.02174144 -0.02101003
v -0.02491575 0.02201701 -0.02061663
v -0.02365497 0.02271626 -0.02059790
v -0.02365497 0.01135952 0.05264886
v -0.03782501 -0.01205665 0.05256456
v -0.03751878 -0.01205665 0.05239597
v -0.03720060 -0.01205665 0.05215243
v -0.04170065 -0.01205665 0.04268280
v -0.04219827 -0.01141251 0.03689425
v -0.04171501 -0.01055826 0.04035052
v -0.04092074 -0.01016558 0.04689778
v -0.04061212 -0.00881187 0.04698207
v -0.04048533 -0.00807817 0.04662614
v -0.04055471 -0.00781983 0.04564265
v -0.04048293 -0.00683813 0.04418146
v -0.03949010 -0.00516063 0.04814353
v -0.03919584 -0.00449582 0.04884603
v -0.03924129 -0.00438215 0.04814353
v -0.03948771 -0.00391025 0.04438753
v -0.03962407 -0.00391025 0.04314177
v -0.04048054 -0.00440971 0.03689425
v -0.04061212 -0.00406181 0.03438400
v -0.03937766 -0.00151627 0.03689425
v -0.03960015 -0.00140949 0.03438400
v -0.03920063 -0.00197785 0.04021940
v -0.03811688 -0.00037957 0.04438753
v -0.03815515 -0.00029345 0.04366630
v -0.03797333 0.00056080 0.04168058
v -0.03892789 0.00121527 0.02939161
v -0.03920302 0.00176640 0.02400582
v -0.03815994 0.00093970 0.03814001
v -0.03817429 0.00118427 0.03685679
v -0.03794463 0.00174918 0.03640719
v -0.04069586 0.00345079 0.00063617
v -0.04070304 0.00368847 -0.00066579
v -0.04055471 0.00443249 -0.00311984
v -0.04061691 0.00454961 -0.00436559
v -0.03805228 0.00194896 0.03439337
v -0.03793027 0.00297544 0.03003790
v -0.03675322 0.00309600 0.04065026
v -0.03682021 0.00320623 0.03939513
v -0.03671973 0.00429471 0.03416857
v -0.03637762 0.00500429 0.03313825
v -0.03562881 0.00574487 0.03563913
v -0.03825085 0.00840408 -0.00562072
v -0.03799487 0.00930656 -0.00937672
v -0.03875564 0.00863831 -0.01186824
v -0.03882263 0.00872442 -0.01312336
v -0.03825803 0.00965101 -0.01437848
v -0.03819583 0.00956490 -0.01312336
v -0.03806425 0.00939267 -0.01062248
v -0.03688002 0.01072227 -0.00937672
v -0.03694700 0.01080839 -0.01062248
v -0.03645178 0.01143530 -0.01062248
v -0.03668385 0.01172809 -0.01494048
v -0.03582977 0.01219310 -0.01062248
v -0.03544938 0.01299224 -0.01353549
v -0.03678193 0.01183831 -0.01688873
v -0.03683935 0.01190376 -0.01813449
v -0.03695179 0.01203121 -0.02063537
v -0.03700443 0.01209321 -0.02189049
v -0.03705227 0.01215521 -0.02314561
v -0.03654748 0.01283724 -0.02439137
v -0.03650920 0.01278212 -0.02314561
v -0.03645657 0.01272357 -0.02189049
v -0.03553790 0.01308525 -0.01538071
v -0.03500679 0.01378449 -0.01688873
v -0.03425558 0.01429429 -0.01437848
v -0.03367663 0.01497287 -0.01538071
v -0.03420774 0.01424951 -0.01347929
v -0.03336084 0.01465597 -0.00937672
v -0.03279624 0.01534144 -0.01062248
v -0.03088951 0.01709472 -0.01186824
v -0.03010242 0.01772163 -0.01186824
v -0.02956414 0.01826932 -0.01312336
v -0.02874595 0.01889623 -0.01312336
v -0.02811914 0.01935780 -0.01312336
v -0.03271729 0.01527599 -0.00937672
v -0.03209049 0.01582023 -0.00937672
v -0.03143019 0.01651604 -0.01062248
v -0.03055697 0.01682605 -0.00686648
v -0.02599711 0.02083552 -0.01437848
v -0.02464542 0.02199290 -0.01813449
v -0.02680334 0.02055651 -0.01688873
v -0.02473393 0.02204112 -0.01938961
v -0.02365497 0.02259914 -0.01910861
v -0.02365497 0.01222755 0.05278936
v -0.03817908 -0.01205665 0.05262076
v -0.04101165 -0.01205665 0.04814353
v -0.04109538 -0.01141251 0.04689778
v -0.04092792 -0.01141251 0.04814353
v -0.04070064 -0.01141251 0.04939865
v -0.04063605 -0.01004502 0.04826530
v -0.04051404 -0.00915977 0.04793747
v -0.03958580 -0.00641100 0.04939865
v -0.03929632 -0.00520540 0.04932372
v -0.04042791 -0.00703791 0.04501509
v -0.03921498 -0.00564975 0.05015735
v -0.03894225 -0.00520540 0.05060694
v -0.03846856 -0.00391025 0.05065377
v -0.03807860 -0.00296644 0.05065377
v -0.03820540 -0.00258064 0.04942675
v -0.03807142 -0.00173328 0.04814353
v -0.03815515 -0.00136127 0.04685094
v -0.03795659 -0.00073091 0.04639198
v -0.03802597 -0.00058280 0.04564265
v -0.03837286 -0.00140949 0.04564265
v -0.03918388 -0.00328334 0.04502445
v -0.03921737 -0.00319033 0.04438753
v -0.03928436 -0.00301466 0.04314177
v -0.03938245 -0.00257031 0.04064089
v -0.03670777 0.00177329 0.04646691
v -0.03676758 0.00188696 0.04564265
v -0.03685610 0.00204885 0.04439689
v -0.03694222 0.00220730 0.04315113
v -0.03792309 0.00046780 0.04251420
v -0.03770060 0.00102237 0.04201778
v -0.03696854 0.00244498 0.04190537
v -0.03818386 0.00218319 0.03188312
v -0.03670538 0.00301333 0.04149325
v -0.03544459 0.00549342 0.03887997
v -0.03643265 0.00383314 0.03939513
v -0.03638480 0.00476317 0.03450577
v -0.03555943 0.00564498 0.03689425
v -0.03510249 0.00627534 0.03689425
v -0.03517426 0.00636834 0.03563913
v -0.03419099 0.00798384 0.03385947
v -0.03631781 0.01125963 -0.00812160
v -0.03562163 0.01193821 -0.00686648
v -0.03528431 0.01281657 -0.01062248
v -0.03398525 0.01401528 -0.00937672
v -0.03622690 0.01246523 -0.01688873
v -0.03628671 0.01252723 -0.01813449
v -0.03046128 0.01174876 0.03651958
v -0.03043018 0.01672271 -0.00498379
v -0.02930337 0.01806954 -0.00937672
v -0.02802823 0.01929580 -0.01186824
v -0.02667654 0.01546889 0.03251069
v -0.02625309 0.02020517 -0.00937672
v -0.02938232 0.01314725 0.03313825
v -0.02892777 0.01399806 0.02939161
v -0.02991821 0.01251000 0.03439337
v -0.02830097 0.01453197 0.02939161
v -0.02562868 0.02060129 -0.00937672
v -0.02497078 0.02145899 -0.01437848
v -0.02444924 0.02188267 -0.01563361
v -0.02365497 0.02208246 -0.01312336
v -0.02365497 0.01234811 0.05278936
v -0.03105459 0.00484584 0.05288303
v -0.03855468 -0.01205665 0.05266759
v -0.04081308 -0.01205665 0.04939865
v -0.04050208 -0.01046526 0.04939865
v -0.04059059 -0.01205665 0.05058821
v -0.04049490 -0.01152274 0.05054138
v -0.04043509 -0.01076838 0.05004495
v -0.04043748 -0.01201876 0.05129071
v -0.03910493 -0.00641100 0.05104717
v -0.03812645 -0.00391025 0.05163727
v -0.03796855 -0.00320067 0.05136564
v -0.03676279 -0.00060002 0.05145930
v -0.03688241 -0.00034856 0.05065377
v -0.03563838 0.00237953 0.05056948
v -0.03544459 0.00300300 0.05010115
v -0.03551637 0.00313734 0.04939865
v -0.03694222 0.00117738 0.04688840
v -0.03562642 0.00332679 0.04815290
v -0.03571733 0.00346457 0.04689778
v -0.03545177 0.00425682 0.04520242
v -0.03510249 0.00496296 0.04439689
v -0.03439913 0.00578276 0.04564265
v -0.03447568 0.00589988 0.04439689
v -0.03455224 0.00601011 0.04315113
v -0.03421252 0.00675758 0.04154945
v -0.03377472 0.00745338 0.04065026
v -0.03315031 0.00823530 0.04065026
v -0.03330581 0.00841441 0.03814001
v -0.03377472 0.00874509 0.03188312
v -0.03269576 0.00894832 0.03939513
v -0.03176751 0.00931689 0.04439689
v -0.03171010 0.01174531 0.02649733
v -0.03458334 0.01339181 -0.00937672
v -0.03078903 0.01084283 0.04065026
v -0.03026271 0.01155586 0.03939513
v -0.02921964 0.01175564 0.04531481
v -0.02937275 0.01189343 0.04315113
v -0.02752823 0.01516232 0.02939161
v -0.02591337 0.01582023 0.03439337
v -0.02544686 0.01673649 0.02889518
v -0.02710956 0.01951281 -0.00812160
v -0.02720765 0.01957826 -0.00937672
v -0.02634879 0.01522432 0.03689425
v -0.02546600 0.02049796 -0.00725051
v -0.02922681 0.01301291 0.03534877
v -0.02874834 0.01384994 0.03188312
v -0.02812154 0.01438729 0.03188312
v -0.02821245 0.01445963 0.03063737
v -0.02434398 0.02182411 -0.01437848
v -0.02365497 0.02197912 -0.01199000
v -0.02365497 0.01347448 0.05267696
v -0.02605213 0.01109429 0.05277999
v -0.03230819 0.00359891 0.05287366
v -0.03480583 -0.00015567 0.05284556
v -0.02855456 0.00859353 0.05280809
v -0.02980337 0.00734315 0.05281746
v -0.03896378 -0.01205665 0.05265823
v -0.04044944 -0.01205665 0.05125324
v -0.04043987 -0.01205665 0.05129071
v -0.04021021 -0.01205665 0.05159980
v -0.03924129 -0.01039981 0.05258330
v -0.03916235 -0.00956623 0.05251773
v -0.03834416 -0.00516063 0.05187143
v -0.03671734 -0.00195029 0.05255519
v -0.03690873 -0.00148183 0.05188080
v -0.03555464 0.00198685 0.05151550
v -0.03533694 0.00282044 0.05093477
v -0.03505942 0.00349557 0.05056948
v -0.03518861 0.00376425 0.04939865
v -0.03524363 0.00395026 0.04815290
v -0.03431779 0.00565532 0.04689778
v -0.03456181 0.00475973 0.04939865
v -0.03394936 0.00640968 0.04564265
v -0.03402352 0.00653024 0.04439689
v -0.03294456 0.00798729 0.04389110
v -0.03299480 0.00804240 0.04315113
v -0.03262159 0.00885876 0.04065026
v -0.03171488 0.00925489 0.04523988
v -0.03070769 0.01075327 0.04189601
v -0.03062157 0.01066372 0.04315113
v -0.02991103 0.01119762 0.04439689
v -0.02694688 0.01445274 0.03939513
v -0.02766699 0.01399806 0.03814001
v -0.03046846 0.01050871 0.04529608
v -0.02900432 0.01155241 0.04815290
v -0.02837991 0.01210355 0.04815290
v -0.02713349 0.01460086 0.03689425
v -0.02562151 0.01560322 0.03814001
v -0.02499231 0.01644370 0.03439337
v -0.02419804 0.01673649 0.03640719
v -0.02704018 0.01452852 0.03814001
v -0.02624591 0.01515543 0.03814001
v -0.02545404 0.01548956 0.04019129
v -0.02418847 0.02048418 0.00009290
v -0.02365497 0.02147277 -0.00681028
v -0.02365497 0.01702928 0.03685679
v -0.02365497 0.01766997 0.03063737
v -0.02796603 0.01425640 0.03402807
v -0.02365497 0.01353993 0.05266759
v -0.02487748 0.01242045 0.05270506
v -0.02451384 0.01318170 0.05262076
v -0.02605213 0.01200710 0.05262076
v -0.02721004 0.01101162 0.05263013
v -0.02847082 0.00977157 0.05264886
v -0.03482258 0.00106715 0.05271443
v -0.03075076 0.00734315 0.05264886
v -0.03231298 0.00481484 0.05270506
v -0.03563599 -0.00015567 0.05264886
v -0.03930110 -0.01141251 0.05262076
v -0.03932981 -0.01205665 0.05263950
v -0.02973400 0.00852120 0.05264886
v -0.03964560 -0.01205665 0.05232103
v -0.03550440 0.00062969 0.05258330
v -0.03572690 0.00106715 0.05191826
v -0.03524603 0.00146328 0.05234913
v -0.03426037 0.00433605 0.05140311
v -0.03441348 0.00454617 0.05065377
v -0.03424602 0.00555198 0.04789063
v -0.03171249 0.00800795 0.05131881
v -0.03293978 0.00673002 0.05007305
v -0.03332495 0.00720882 0.04564265
v -0.03384170 0.00628567 0.04689778
v -0.03198522 0.00834552 0.04815290
v -0.03188474 0.00821807 0.04939865
v -0.03146368 0.00896899 0.04815290
v -0.03083688 0.00965101 0.04815290
v -0.03024597 0.01027793 0.04815290
v -0.02961916 0.01092895 0.04815290
v -0.02685358 0.01437007 0.04065026
v -0.02950672 0.01080839 0.04939865
v -0.02885839 0.01143186 0.04939865
v -0.02763110 0.01272701 0.04815290
v -0.02823398 0.01198298 0.04939865
v -0.02750670 0.01260645 0.04939865
v -0.02688229 0.01314036 0.04939865
v -0.02468369 0.01582023 0.04189601
v -0.02365497 0.01638514 0.04293570
v -0.02365497 0.01648159 0.04204588
v -0.02614543 0.01507621 0.03939513
v -0.02592534 0.01459741 0.04439689
v -0.02571242 0.01443207 0.04689778
v -0.02507844 0.01522088 0.04439689
v -0.02445403 0.01566867 0.04439689
v -0.02456886 0.01574445 0.04315113
v -0.02365497 0.02073907 0.00054250
v -0.02365497 0.02021894 0.00568476
v -0.02365497 0.01410484 0.05238660
v -0.02673157 0.01176253 0.05256456
v -0.02534638 0.01288891 0.05248026
v -0.02800192 0.01053971 0.05257393
v -0.02926988 0.00930656 0.05258330
v -0.03441587 0.00208674 0.05263950
v -0.03050434 0.00805273 0.05257393
v -0.03190388 0.00581032 0.05263013
v -0.03303308 0.00437394 0.05258330
v -0.03414075 0.00292033 0.05250836
v -0.03391347 0.00359891 0.05229293
v -0.03350199 0.00477351 0.05189953
v -0.03313595 0.00575865 0.05155297
v -0.03177948 0.00809062 0.05065377
v -0.03048042 0.00926522 0.05134691
v -0.03058808 0.00938234 0.05065377
v -0.03121488 0.00871409 0.05065377
v -0.03194455 0.00734315 0.05159980
v -0.03137517 0.00734315 0.05222736
v -0.03010242 0.00888632 0.05218053
v -0.03135124 0.00884154 0.04939865
v -0.03072444 0.00953390 0.04939865
v -0.03013113 0.01015737 0.04939865
v -0.02669329 0.01423573 0.04263597
v -0.02700669 0.01324370 0.04815290
v -0.02935839 0.01064649 0.05041024
v -0.02676027 0.01304391 0.05017608
v -0.02542054 0.01421507 0.05000748
v -0.02597318 0.01385683 0.04951105
v -0.02365497 0.01636103 0.04315113
v -0.02633682 0.01395328 0.04689778
v -0.02560236 0.01434940 0.04815290
v -0.02496360 0.01514165 0.04564265
v -0.02433919 0.01558945 0.04564265
v -0.02365497 0.01438729 0.05205876
v -0.02389660 0.01401528 0.05232103
v -0.02568610 0.01317825 0.05164663
v -0.02696363 0.01196921 0.05189953
v -0.02365497 0.01463530 0.05172157
v -0.02432484 0.01433563 0.05147804
v -0.03161680 0.00664735 0.05248963
v -0.03273882 0.00520408 0.05238660
v -0.02651865 0.01283724 0.05100971
v -0.02622678 0.01386716 0.04815290
v -0.02608323 0.01338492 0.05061631
v -0.02522198 0.01406006 0.05065377
v -0.02459518 0.01452508 0.05065377
v -0.02365497 0.01518299 0.05071934
v -0.02365497 0.01520710 0.05065377
v -0.02365497 0.01553089 0.04939865
v -0.02365497 0.01573756 0.04797493
v -0.02550428 0.01427707 0.04917385
v -0.02424350 0.01552056 0.04663550
v 0.03752870 -0.03979553 -0.03779710
v 0.04366060 -0.01639099 -0.03779710
v 0.03906954 -0.03979553 -0.03779710
v 0.03710222 -0.03979553 -0.01864753
v 0.02526294 -0.03979324 0.03189491
v 0.02529831 -0.03979324 0.03064487
v 0.02532386 -0.03979324 0.02990016
v 0.02534548 -0.03979324 0.02939483
v 0.02537889 -0.03979324 0.02869445
v 0.02541820 -0.03979324 0.02813592
v 0.02546144 -0.03979324 0.02758626
v 0.02635174 -0.03979324 0.01688555
v 0.02646180 -0.03979324 0.01563551
v 0.02663672 -0.03979324 0.01439433
v 0.02875930 -0.03979324 0.00190279
v 0.04287643 -0.01639099 -0.01864753
v 0.04493218 -0.01639099 -0.03779710
v 0.03298087 -0.02755717 0.01313543
v 0.03286295 -0.02755717 0.01438547
v 0.03206895 -0.02755717 0.02438580
v 0.03793357 -0.01639557 0.03686848
v 0.03974365 -0.03854695 -0.03779710
v 0.03982620 -0.03870961 -0.03689281
v 0.03920908 -0.03979553 -0.03689281
v 0.03863126 -0.03979553 -0.01864753
v 0.02809108 -0.03979324 0.05271120
v 0.02790437 -0.03979324 0.05268460
v 0.02730101 -0.03979324 0.05239204
v 0.02726170 -0.03979324 0.05236544
v 0.02677429 -0.03979324 0.05201082
v 0.02654631 -0.03979324 0.05182465
v 0.02586040 -0.03979324 0.05110653
v 0.02575624 -0.03979324 0.05089376
v 0.02566387 -0.03979324 0.05057460
v 0.02562259 -0.03979324 0.05032637
v 0.02554988 -0.03979324 0.04984763
v 0.02550271 -0.03979324 0.04940436
v 0.02517646 -0.03979324 0.04564537
v 0.02508802 -0.03979324 0.04439532
v 0.02507033 -0.03979324 0.04340238
v 0.02507033 -0.03979324 0.04314528
v 0.02521380 -0.03979324 0.03439499
v 0.02523542 -0.03979324 0.03314495
v 0.03166409 -0.02755717 0.03577802
v 0.03184687 -0.02755717 0.02956327
v 0.03188421 -0.02755717 0.02833096
v 0.03193334 -0.02755717 0.02677063
v 0.03169946 -0.02755717 0.03453684
v 0.03197658 -0.02755717 0.02563584
v 0.04409494 -0.01639099 -0.01864753
v 0.03793357 -0.01639557 0.04744507
v 0.04493415 -0.01642535 -0.03779710
v 0.04506190 -0.01639099 -0.03689281
v 0.03163854 -0.02755717 0.03702806
v 0.03162478 -0.02755717 0.03826037
v 0.03162085 -0.02755717 0.03940402
v 0.03160513 -0.02755717 0.04564537
v 0.04098576 -0.03606583 -0.03779710
v 0.04103489 -0.03621016 -0.03689281
v 0.03991464 -0.03884707 -0.03564277
v 0.03933879 -0.03979553 -0.03564277
v 0.03881208 -0.03979553 -0.02091711
v 0.03849959 -0.03979095 -0.01690989
v 0.03839149 -0.03979095 -0.01562439
v 0.03832860 -0.03979095 -0.01487968
v 0.03772327 -0.03979095 -0.00807981
v 0.03760928 -0.03979095 -0.00686523
v 0.03751298 -0.03979095 -0.00588116
v 0.03595445 -0.03979324 0.00902182
v 0.03338967 -0.03979324 0.03294104
v 0.03329926 -0.03979324 0.03376554
v 0.03262711 -0.03979324 0.03939516
v 0.03249347 -0.03979324 0.04043243
v 0.03227334 -0.03979324 0.04207255
v 0.03212202 -0.03979324 0.04314528
v 0.03203947 -0.03979324 0.04371268
v 0.03156189 -0.03979324 0.04691314
v 0.03135356 -0.03979324 0.04815431
v 0.03109807 -0.03979324 0.04934229
v 0.03089760 -0.03979324 0.05016679
v 0.03083668 -0.03979324 0.05039729
v 0.03067748 -0.03979324 0.05092923
v 0.03041019 -0.03979324 0.05149662
v 0.03013701 -0.03979324 0.05193989
v 0.02964960 -0.03979324 0.05253388
v 0.02952382 -0.03979324 0.05258708
v 0.02925064 -0.03979324 0.05266687
v 0.03031389 -0.03771762 0.05271120
v 0.03160513 -0.03528232 0.05272893
v 0.02925653 -0.03768555 0.05272007
v 0.03399500 -0.02768317 0.05275553
v 0.03398910 -0.02755717 0.05274666
v 0.03332874 -0.02755717 0.05262254
v 0.03327371 -0.02755717 0.05259595
v 0.03267428 -0.02755717 0.05195763
v 0.03260746 -0.02755717 0.05186897
v 0.03202965 -0.02805202 0.05141683
v 0.03214167 -0.02755717 0.05095582
v 0.03208271 -0.02755717 0.05065439
v 0.03179577 -0.02755717 0.04815431
v 0.03165426 -0.02755717 0.04690427
v 0.03842294 -0.01639557 0.04540600
v 0.03854676 -0.01639557 0.04438645
v 0.03869022 -0.01639557 0.04314528
v 0.03882387 -0.01639557 0.04189524
v 0.03895162 -0.01639557 0.04063633
v 0.03967290 -0.01639557 0.03303857
v 0.04093269 -0.01639557 0.01949202
v 0.04465114 -0.01639099 -0.02463177
v 0.03410112 -0.02755717 0.05275553
v 0.03491871 -0.02755717 0.05267574
v 0.03497964 -0.02755717 0.05264914
v 0.03554173 -0.02755717 0.05224132
v 0.03595642 -0.02755717 0.05176258
v 0.03608416 -0.02755717 0.05160300
v 0.03793357 -0.02017796 0.04753372
v 0.04492826 -0.01676900 -0.03779710
v 0.04506190 -0.01642535 -0.03689281
v 0.04511300 -0.01639099 -0.03564277
v 0.04122749 -0.03546789 -0.03779710
v 0.04230058 -0.03278288 -0.03683076
v 0.04107616 -0.03636824 -0.03564277
v 0.04080494 -0.03699597 -0.03564277
v 0.04055338 -0.03768555 -0.03439274
v 0.03995198 -0.03889518 -0.03439274
v 0.03939972 -0.03979553 -0.03439274
v 0.03897323 -0.03979553 -0.02313350
v 0.03976331 -0.03735565 -0.01687443
v 0.03935844 -0.03777031 -0.01437434
v 0.03868040 -0.03905555 -0.01428569
v 0.03862733 -0.03877376 -0.01186540
v 0.03851924 -0.03857902 -0.00936531
v 0.03840525 -0.03836825 -0.00686523
v 0.03837577 -0.03831327 -0.00622691
v 0.03737147 -0.03979095 -0.00448927
v 0.03600752 -0.03979095 0.00855194
v 0.03344076 -0.03967640 0.03314495
v 0.03339360 -0.03960309 0.03399604
v 0.03314989 -0.03920675 0.03814512
v 0.03308307 -0.03907158 0.03939516
v 0.03234017 -0.03865463 0.04690427
v 0.03219866 -0.03967869 0.04314528
v 0.03214167 -0.03959621 0.04393431
v 0.03181935 -0.03912656 0.04815431
v 0.03216526 -0.03837971 0.04893447
v 0.03094674 -0.03967640 0.05030864
v 0.03081506 -0.03949542 0.05114200
v 0.03108431 -0.03866150 0.05162960
v 0.03077575 -0.03815519 0.05246297
v 0.02968498 -0.03969244 0.05256935
v 0.02991099 -0.03893642 0.05264914
v 0.03126905 -0.03643468 0.05267574
v 0.03284527 -0.03276226 0.05273780
v 0.03251902 -0.03393294 0.05268460
v 0.03383973 -0.03018262 0.05274666
v 0.03842294 -0.01642535 0.04540600
v 0.03870988 -0.01767622 0.04314528
v 0.03854872 -0.01642535 0.04438645
v 0.03869219 -0.01642535 0.04314528
v 0.03882583 -0.01642535 0.04189524
v 0.03885531 -0.01767622 0.04189524
v 0.03898109 -0.01767622 0.04063633
v 0.03967487 -0.01642535 0.03304743
v 0.04132380 -0.01767622 0.01561778
v 0.04140634 -0.01642535 0.01438547
v 0.04140831 -0.01639557 0.01435001
v 0.04462559 -0.01830853 -0.02376295
v 0.04471600 -0.01639099 -0.02566904
v 0.04213942 -0.01639557 0.00640648
v 0.04254625 -0.01639557 0.00190279
v 0.04266024 -0.01639557 0.00060842
v 0.04342083 -0.01639557 -0.00812414
v 0.04363505 -0.01639557 -0.01064195
v 0.04374118 -0.01639557 -0.01190086
v 0.04384338 -0.01639557 -0.01314203
v 0.04394361 -0.01639557 -0.01440094
v 0.04402812 -0.01639557 -0.01561552
v 0.04403009 -0.01642535 -0.01561552
v 0.03490299 -0.02768317 0.05267574
v 0.03475166 -0.02867058 0.05261368
v 0.03552601 -0.02768317 0.05222359
v 0.03595642 -0.02768317 0.05172712
v 0.03606844 -0.02768317 0.05159414
v 0.03612544 -0.02755717 0.05149662
v 0.03793357 -0.02068655 0.04740960
v 0.03841115 -0.02017796 0.04534394
v 0.03842097 -0.01892938 0.04539713
v 0.04503831 -0.01767393 -0.03689281
v 0.04501276 -0.01892480 -0.03689281
v 0.04498328 -0.02017567 -0.03689281
v 0.04488698 -0.01801986 -0.03779710
v 0.04511300 -0.01767393 -0.03564277
v 0.04510317 -0.01892480 -0.03564277
v 0.04507959 -0.02017567 -0.03564277
v 0.04514444 -0.01639099 -0.03439274
v 0.04514641 -0.01642535 -0.03439274
v 0.04228878 -0.03257440 -0.03779710
v 0.04339921 -0.02963050 -0.03652933
v 0.04343459 -0.02971756 -0.03564277
v 0.04346996 -0.02980232 -0.03439274
v 0.04212959 -0.03332125 -0.03636975
v 0.04108992 -0.03642093 -0.03439274
v 0.04085014 -0.03704407 -0.03439274
v 0.03988909 -0.03906013 -0.03183946
v 0.03995984 -0.03892038 -0.03313382
v 0.03961787 -0.03955956 -0.03222067
v 0.03948423 -0.03979553 -0.03205223
v 0.03945278 -0.03979553 -0.03313382
v 0.03947243 -0.03979553 -0.03101496
v 0.03962377 -0.03956414 -0.03124547
v 0.03986550 -0.03904180 -0.03074900
v 0.03987730 -0.03884249 -0.02938370
v 0.03980458 -0.03744500 -0.01812447
v 0.04096414 -0.03475769 -0.01687443
v 0.04092090 -0.03465918 -0.01562439
v 0.03971614 -0.03725256 -0.01562439
v 0.03966504 -0.03714488 -0.01437434
v 0.03963359 -0.03707844 -0.01361191
v 0.03876098 -0.03768326 -0.00686523
v 0.03868040 -0.03887227 -0.01312430
v 0.03861161 -0.03776115 -0.00573931
v 0.03860768 -0.03749769 -0.00435628
v 0.03461801 -0.03831098 0.03000655
v 0.03367072 -0.03883103 0.03564503
v 0.03359996 -0.03870961 0.03689508
v 0.03352528 -0.03858132 0.03814512
v 0.03344666 -0.03844615 0.03939516
v 0.03339557 -0.03835451 0.04021965
v 0.03366678 -0.03778176 0.04064520
v 0.03312238 -0.03786424 0.04439532
v 0.03346435 -0.03724110 0.04439532
v 0.03340343 -0.03712655 0.04528188
v 0.03224387 -0.03850113 0.04815431
v 0.03345059 -0.03596503 0.04914725
v 0.03241682 -0.03773595 0.04936889
v 0.03229693 -0.03735107 0.05065439
v 0.03217705 -0.03715404 0.05140797
v 0.03189403 -0.03643468 0.05230338
v 0.03209646 -0.03576571 0.05251615
v 0.03100963 -0.03732128 0.05258708
v 0.03227925 -0.03493180 0.05259595
v 0.03363141 -0.03143349 0.05269346
v 0.03332677 -0.03323190 0.05250729
v 0.03347811 -0.03239799 0.05259595
v 0.03869219 -0.01892938 0.04314528
v 0.03854479 -0.01892938 0.04438645
v 0.03882976 -0.01892938 0.04189524
v 0.03895555 -0.01892938 0.04063633
v 0.03962966 -0.01856283 0.03381873
v 0.03962966 -0.01792135 0.03381873
v 0.03967683 -0.01757542 0.03325134
v 0.04096807 -0.01892938 0.01937677
v 0.04119998 -0.01892938 0.01687668
v 0.04143779 -0.01767622 0.01438547
v 0.04215318 -0.01767622 0.00661039
v 0.04462952 -0.01914244 -0.02369203
v 0.04472975 -0.01767393 -0.02564245
v 0.04479068 -0.01639099 -0.02691909
v 0.04257376 -0.01767622 0.00190279
v 0.04265827 -0.01642535 0.00064388
v 0.04337759 -0.01691791 -0.00745036
v 0.04338742 -0.01767622 -0.00733510
v 0.04373921 -0.01642535 -0.01186540
v 0.04384338 -0.01642535 -0.01312430
v 0.04376084 -0.01767622 -0.01186540
v 0.04385713 -0.01767622 -0.01312430
v 0.04394951 -0.01767622 -0.01437434
v 0.03459050 -0.02950679 0.05251615
v 0.03446472 -0.03018262 0.05241864
v 0.03425639 -0.03143349 0.05220586
v 0.03487547 -0.03143349 0.05157641
v 0.03594659 -0.02859269 0.05140797
v 0.03638880 -0.02755717 0.05065439
v 0.03793357 -0.02233834 0.04655852
v 0.03838952 -0.02094085 0.04515776
v 0.03851334 -0.02017796 0.04438645
v 0.04499115 -0.02142654 -0.03564277
v 0.04488895 -0.02142654 -0.03689281
v 0.04472189 -0.02142654 -0.03779710
v 0.04480247 -0.02017567 -0.03779710
v 0.04512282 -0.01767393 -0.03439274
v 0.04509138 -0.01892480 -0.03439274
v 0.04505011 -0.02017567 -0.03439274
v 0.04496756 -0.02142654 -0.03313382
v 0.04499115 -0.02142654 -0.03439274
v 0.04512479 -0.01639099 -0.03313382
v 0.04512675 -0.01642535 -0.03313382
v 0.04255018 -0.03178859 -0.03779710
v 0.04364095 -0.02892488 -0.03564277
v 0.04266417 -0.03142662 -0.03779710
v 0.04346013 -0.02871640 -0.03779710
v 0.04350927 -0.02901194 -0.03692828
v 0.04372153 -0.02892488 -0.03439274
v 0.04374314 -0.02892488 -0.03313382
v 0.04347782 -0.02983898 -0.03313382
v 0.04219248 -0.03350224 -0.02938370
v 0.04109975 -0.03640261 -0.03313382
v 0.04110761 -0.03637282 -0.03189265
v 0.04110171 -0.03633846 -0.03063374
v 0.03962377 -0.03956414 -0.03139618
v 0.03949012 -0.03979553 -0.03160009
v 0.03949012 -0.03979553 -0.03152030
v 0.04107813 -0.03625827 -0.02938370
v 0.04091894 -0.03590776 -0.02438354
v 0.04221607 -0.03225366 -0.01864753
v 0.04219838 -0.03221929 -0.01812447
v 0.04088749 -0.03459045 -0.01479989
v 0.03985568 -0.03630409 -0.01186540
v 0.03980261 -0.03619642 -0.01062422
v 0.03974562 -0.03607729 -0.00936531
v 0.03964538 -0.03585964 -0.00725531
v 0.03854086 -0.03737627 -0.00311511
v 0.03715332 -0.03711739 0.01153963
v 0.03592301 -0.03716779 0.02314462
v 0.03595445 -0.03735794 0.02189458
v 0.03873739 -0.03643239 -0.00061503
v 0.03840721 -0.03587339 0.00536035
v 0.03466125 -0.03713571 0.03542339
v 0.03461408 -0.03705553 0.03625676
v 0.03363730 -0.03754121 0.04189524
v 0.03355083 -0.03739459 0.04314528
v 0.03353117 -0.03612310 0.04815431
v 0.03474183 -0.03605896 0.03939516
v 0.03468877 -0.03344496 0.04940436
v 0.03462391 -0.03331667 0.05004267
v 0.03360979 -0.03501886 0.05065439
v 0.03479096 -0.03365115 0.04815431
v 0.03348007 -0.03477602 0.05148775
v 0.03314400 -0.03393294 0.05234771
v 0.03367072 -0.03393294 0.05172712
v 0.03471038 -0.03224450 0.05139910
v 0.03863912 -0.02017796 0.04314528
v 0.03888873 -0.02017796 0.04063633
v 0.03965914 -0.02017796 0.03287012
v 0.03967487 -0.01895916 0.03323361
v 0.03980458 -0.01892938 0.03188604
v 0.04087963 -0.01967165 0.02006828
v 0.04223376 -0.01892938 0.00564405
v 0.04268972 -0.01892938 0.00064388
v 0.04339528 -0.01892938 -0.00723758
v 0.04462952 -0.01960980 -0.02369203
v 0.04500490 -0.01642535 -0.03063374
v 0.04493611 -0.01639099 -0.02938370
v 0.04395540 -0.01892938 -0.01437434
v 0.04346996 -0.01892938 -0.00812414
v 0.04355840 -0.01767622 -0.00936531
v 0.04366060 -0.01767622 -0.01062422
v 0.04357019 -0.01892938 -0.00936531
v 0.04366846 -0.01892938 -0.01062422
v 0.03582278 -0.02942660 0.05107108
v 0.03636128 -0.02768317 0.05065439
v 0.03719852 -0.02755717 0.04578722
v 0.03838756 -0.02218256 0.04389885
v 0.03854282 -0.02267970 0.04189524
v 0.03893000 -0.02142883 0.03938629
v 0.04488109 -0.02267741 -0.03313382
v 0.04485554 -0.02267741 -0.03439274
v 0.04480640 -0.02267741 -0.03564277
v 0.04471010 -0.02277363 -0.03696374
v 0.04459414 -0.02325473 -0.03741588
v 0.04466293 -0.02242311 -0.03768185
v 0.04469045 -0.02182975 -0.03779710
v 0.04508941 -0.01767393 -0.03313382
v 0.04500883 -0.02017567 -0.03313382
v 0.04492236 -0.02142654 -0.03189265
v 0.04486537 -0.02267741 -0.03189265
v 0.04506976 -0.01639099 -0.03191924
v 0.04498721 -0.01767393 -0.03063374
v 0.04391413 -0.02768317 -0.03564277
v 0.04381194 -0.02768317 -0.03689281
v 0.04360950 -0.02806348 -0.03779710
v 0.04369598 -0.02768317 -0.03779710
v 0.04397899 -0.02768317 -0.03439274
v 0.04399471 -0.02768317 -0.03313382
v 0.04462559 -0.02455371 -0.03250437
v 0.04398292 -0.02768317 -0.03189265
v 0.04396130 -0.02768317 -0.03063374
v 0.04393968 -0.02768317 -0.02938370
v 0.04371956 -0.02892488 -0.03189265
v 0.04346603 -0.02983440 -0.03189265
v 0.04247353 -0.03268207 -0.02938370
v 0.04245584 -0.03268207 -0.02814253
v 0.04218266 -0.03347246 -0.02814253
v 0.04217283 -0.03342893 -0.02688362
v 0.04214532 -0.03335562 -0.02564245
v 0.04223965 -0.03230177 -0.01938337
v 0.04262290 -0.03142662 -0.01938337
v 0.04237330 -0.03189398 -0.01864753
v 0.04251283 -0.03142891 -0.01812447
v 0.04215514 -0.03212995 -0.01729997
v 0.03963163 -0.03456983 -0.00116469
v 0.03972597 -0.03478747 -0.00311511
v 0.03978493 -0.03492035 -0.00435628
v 0.04002273 -0.03518152 -0.00812414
v 0.03837380 -0.03706012 0.00002329
v 0.03625908 -0.03518152 0.02938596
v 0.03491478 -0.03655839 0.03576029
v 0.03862144 -0.03529607 0.00572384
v 0.03488727 -0.03635908 0.03689508
v 0.03481651 -0.03621475 0.03814512
v 0.03467501 -0.03592150 0.04041469
v 0.03589156 -0.03336020 0.04022852
v 0.03492854 -0.03530523 0.04076045
v 0.03501305 -0.03268436 0.04940436
v 0.03478900 -0.03267061 0.05053914
v 0.03449420 -0.03307841 0.05087603
v 0.03423674 -0.03381152 0.05053914
v 0.03595249 -0.03229260 0.04314528
v 0.03521941 -0.03143349 0.05065439
v 0.03963359 -0.02093398 0.03260415
v 0.03998736 -0.02017796 0.02938596
v 0.04137883 -0.02017796 0.01438547
v 0.04213549 -0.01975413 0.00638875
v 0.04338938 -0.01973351 -0.00731737
v 0.04463149 -0.02085609 -0.02492434
v 0.04464524 -0.02008632 -0.02445446
v 0.04469634 -0.02017567 -0.02564245
v 0.04480444 -0.02017567 -0.02814253
v 0.04390627 -0.02017796 -0.01437434
v 0.04375101 -0.02643230 -0.01812447
v 0.04500490 -0.01639099 -0.03066034
v 0.03595445 -0.02913565 0.05080511
v 0.03590532 -0.02968319 0.05023771
v 0.03595642 -0.02939224 0.05040616
v 0.03602717 -0.02897757 0.05065439
v 0.03625122 -0.02892717 0.04939549
v 0.03712777 -0.02831319 0.04506024
v 0.03723193 -0.02755717 0.04554784
v 0.03838363 -0.02338073 0.04263108
v 0.03842294 -0.02263388 0.04308322
v 0.03892607 -0.02267970 0.03813625
v 0.03964145 -0.02219401 0.03145163
v 0.03966897 -0.02138072 0.03186831
v 0.04470617 -0.02404053 -0.03200790
v 0.04470224 -0.02398784 -0.03301858
v 0.04466293 -0.02351361 -0.03564277
v 0.04463935 -0.02338761 -0.03658252
v 0.04389055 -0.02677595 -0.03779710
v 0.04394951 -0.02643001 -0.03779710
v 0.04459807 -0.02251933 -0.03779710
v 0.04463149 -0.02227878 -0.03779710
v 0.04500097 -0.01892480 -0.03189265
v 0.04486929 -0.02142654 -0.03063374
v 0.04481623 -0.02142654 -0.02938370
v 0.04480837 -0.02267741 -0.03063374
v 0.04469634 -0.02381373 -0.03063374
v 0.04462559 -0.02455371 -0.03251324
v 0.04347979 -0.02884241 -0.01938337
v 0.04330683 -0.02946326 -0.01938337
v 0.04243422 -0.03268207 -0.02688362
v 0.04239688 -0.03268207 -0.02564245
v 0.04267399 -0.03142662 -0.02063341
v 0.04306313 -0.03018033 -0.01938337
v 0.03840525 -0.03214598 0.02036084
v 0.03962573 -0.03330979 0.00379115
v 0.03750905 -0.03142891 0.03188604
v 0.03715725 -0.03339456 0.02813592
v 0.03722014 -0.03355264 0.02686815
v 0.03608416 -0.03499366 0.03188604
v 0.03601341 -0.03485620 0.03313609
v 0.03594266 -0.03471187 0.03439499
v 0.03589353 -0.03461106 0.03523722
v 0.03627481 -0.03392836 0.03438613
v 0.03712384 -0.03330979 0.02877424
v 0.03719852 -0.03225824 0.03188604
v 0.03715136 -0.03212995 0.03278146
v 0.03733413 -0.03152971 0.03317155
v 0.03623353 -0.03268207 0.03939516
v 0.03606451 -0.03276684 0.04063633
v 0.03602521 -0.03248963 0.04189524
v 0.03595642 -0.03100279 0.04689540
v 0.03589549 -0.03088137 0.04771990
v 0.03605469 -0.03024906 0.04814544
v 0.03597804 -0.02989625 0.04939549
v 0.03595642 -0.02983210 0.04966145
v 0.03589942 -0.03214369 0.04403184
v 0.03625712 -0.03142891 0.04314528
v 0.03595642 -0.03194438 0.04415596
v 0.04089535 -0.02102333 0.01899555
v 0.04214924 -0.02111267 0.00529829
v 0.04240670 -0.02017796 0.00314396
v 0.04365667 -0.02755717 -0.01812447
v 0.04371170 -0.02017796 -0.01186540
v 0.04242833 -0.02142883 0.00190279
v 0.04265041 -0.02142883 -0.00060616
v 0.04265434 -0.02267970 -0.00186507
v 0.04378638 -0.02643001 -0.01864753
v 0.04383355 -0.02643001 -0.01938337
v 0.04473761 -0.02267741 -0.02938370
v 0.03595642 -0.02957552 0.05011359
v 0.03736951 -0.02755717 0.04439532
v 0.03624729 -0.03018033 0.04689540
v 0.03602717 -0.03123647 0.04564537
v 0.03723193 -0.02986647 0.03939516
v 0.03752870 -0.03018033 0.03562730
v 0.04345620 -0.02861789 -0.01812447
v 0.03847993 -0.02623299 0.03689508
v 0.03841507 -0.02597640 0.03813625
v 0.03837773 -0.02582978 0.03881003
v 0.03840328 -0.02473699 0.04033490
v 0.03855658 -0.02518144 0.03813625
v 0.03847993 -0.02401533 0.04069839
v 0.03887103 -0.02393286 0.03689508
v 0.03963163 -0.02335095 0.03007747
v 0.04364488 -0.02768317 -0.01812447
v 0.04215318 -0.02235209 0.00409258
v 0.04140438 -0.02142883 0.01313543
v 0.04369008 -0.02768317 -0.01938337
v 0.04372349 -0.02717000 -0.01864753
v 0.04366453 -0.02755717 -0.01824858
v 0.04339528 -0.02897070 -0.01864753
v 0.03742650 -0.03268207 0.02813592
v 0.03729482 -0.03127541 0.03438613
v 0.03726338 -0.03243235 0.03063600
v 0.03728893 -0.03274164 0.02927071
v 0.03716708 -0.03093177 0.03665571
v 0.03595445 -0.03076224 0.04758691
v 0.04341297 -0.02841629 -0.01721132
v 0.03868040 -0.02518144 0.03689508
v 0.03964932 -0.02468200 0.02777243
v 0.03685390 -0.01639099 -0.04734430
v 0.03237505 0.00075145 -0.04734430
v 0.03931521 -0.01639099 -0.04734430
v 0.04376031 -0.01639099 -0.02817520
v 0.03477760 0.00075145 -0.04734430
v 0.03965146 0.00075145 -0.02817520
v 0.03929020 -0.01516940 -0.04734430
v 0.03932146 -0.01639099 -0.04734054
v 0.04486408 -0.01639099 -0.02817520
v 0.03482010 0.00066923 -0.04734430
v 0.03490761 0.00075145 -0.04724671
v 0.04107525 0.00075145 -0.02817520
v 0.03928645 -0.01509893 -0.04734430
v 0.03932395 -0.01516940 -0.04732178
v 0.04015022 -0.01639099 -0.04671940
v 0.04486408 -0.01636078 -0.02817520
v 0.04493658 -0.01639099 -0.02939685
v 0.03508386 0.00012891 -0.04734430
v 0.03542762 -0.00016138 -0.04718854
v 0.03601138 0.00075145 -0.04639100
v 0.04214027 -0.00199711 -0.02817520
v 0.04215527 -0.00195852 -0.02939685
v 0.04109399 0.00075145 -0.02939685
v 0.03922270 -0.01391930 -0.04734430
v 0.03929896 -0.01391930 -0.04729176
v 0.04017022 -0.01639099 -0.04670439
v 0.04484783 -0.01516940 -0.02817520
v 0.04500534 -0.01639099 -0.03064851
v 0.03563012 -0.00099703 -0.04734430
v 0.03657389 0.00075145 -0.04592749
v 0.03685390 -0.00016138 -0.04605322
v 0.03622888 -0.00016138 -0.04656177
v 0.03604888 -0.00186791 -0.04734430
v 0.03573262 -0.00121013 -0.04734430
v 0.04236528 -0.00264650 -0.02817520
v 0.04238903 -0.00266328 -0.02939685
v 0.04215402 -0.00196188 -0.03064851
v 0.04108400 0.00075145 -0.03064851
v 0.03920770 -0.01375485 -0.04734430
v 0.03906270 -0.01266919 -0.04734430
v 0.03923145 -0.01266919 -0.04721481
v 0.04004272 -0.01391930 -0.04666686
v 0.04011522 -0.01516940 -0.04669688
v 0.04078024 -0.01639099 -0.04620710
v 0.04476658 -0.01391930 -0.02817520
v 0.04491283 -0.01516940 -0.02939685
v 0.04506784 -0.01639099 -0.03189830
v 0.03737641 0.00075145 -0.04525943
v 0.03722516 -0.00179575 -0.04637224
v 0.03665639 -0.00266328 -0.04716227
v 0.03627764 -0.00235117 -0.04734430
v 0.04237027 -0.00266328 -0.02817520
v 0.04349655 -0.00660154 -0.02817520
v 0.04350405 -0.00657637 -0.02939685
v 0.04237278 -0.00266328 -0.03064851
v 0.04214152 -0.00199040 -0.03189830
v 0.04141150 -0.00016138 -0.03314997
v 0.04106525 0.00075145 -0.03189830
v 0.03899270 -0.01226814 -0.04734430
v 0.03882270 -0.01141740 -0.04734430
v 0.03911270 -0.01141740 -0.04710410
v 0.03984147 -0.01141740 -0.04647920
v 0.03994897 -0.01266919 -0.04658804
v 0.04066774 -0.01391930 -0.04608325
v 0.04074024 -0.01516940 -0.04614893
v 0.04079524 -0.01639099 -0.04619396
v 0.04503659 -0.01516940 -0.03189830
v 0.04509409 -0.01516940 -0.03314997
v 0.04482158 -0.01391930 -0.02939685
v 0.04466033 -0.01306184 -0.02817520
v 0.04512784 -0.01639099 -0.03314997
v 0.03754641 0.00075145 -0.04509805
v 0.03834143 -0.00084936 -0.04500047
v 0.03852393 -0.00168333 -0.04516748
v 0.03740891 -0.00266328 -0.04653550
v 0.03803517 -0.00266328 -0.04597816
v 0.03689640 -0.00371706 -0.04734430
v 0.04378406 -0.00766707 -0.02817520
v 0.04380406 -0.00766707 -0.02939685
v 0.04348280 -0.00665692 -0.03189830
v 0.04347155 -0.00669551 -0.03314997
v 0.04346030 -0.00673746 -0.03439976
v 0.04234402 -0.00266328 -0.03189830
v 0.04213027 -0.00202061 -0.03272962
v 0.04104400 0.00075145 -0.03314997
v 0.04137400 -0.00016138 -0.03439976
v 0.04101149 0.00075145 -0.03439976
v 0.03873769 -0.01101132 -0.04734430
v 0.03964771 -0.00941555 -0.04630468
v 0.04046648 -0.01141740 -0.04588996
v 0.04057398 -0.01266919 -0.04599317
v 0.04128400 -0.01391930 -0.04545835
v 0.04207277 -0.01639099 -0.04500610
v 0.04514534 -0.01639099 -0.03439976
v 0.04510283 -0.01516940 -0.03439976
v 0.04498034 -0.01391930 -0.03439976
v 0.04497033 -0.01391930 -0.03314997
v 0.04492158 -0.01391930 -0.03189830
v 0.04468783 -0.01285712 -0.02939685
v 0.04482408 -0.01266919 -0.03314997
v 0.04477158 -0.01266919 -0.03189830
v 0.04401656 -0.00891550 -0.02817520
v 0.04466033 -0.01181005 -0.03189830
v 0.04463908 -0.01195771 -0.03102007
v 0.03848018 0.00075145 -0.04399839
v 0.03956896 -0.00088796 -0.04370376
v 0.03974896 -0.00172192 -0.04393271
v 0.03904520 -0.00128564 -0.04446752
v 0.03935146 -0.00266328 -0.04475652
v 0.03872644 -0.00266328 -0.04535326
v 0.03823643 -0.00362477 -0.04615831
v 0.03952771 -0.00354255 -0.04492916
v 0.03840644 -0.00445874 -0.04631219
v 0.03779017 -0.00399058 -0.04667812
v 0.03698265 -0.00391674 -0.04734430
v 0.04468908 -0.01165400 -0.03314997
v 0.04469783 -0.01165400 -0.03439976
v 0.04378156 -0.00766707 -0.03064851
v 0.04375906 -0.00766707 -0.03189830
v 0.04371155 -0.00766707 -0.03439976
v 0.04344405 -0.00680122 -0.03565143
v 0.04264028 -0.00391339 -0.03439976
v 0.04373531 -0.00766707 -0.03314997
v 0.04227652 -0.00254918 -0.03314810
v 0.04228777 -0.00277067 -0.03439976
v 0.04209152 -0.00205752 -0.03356282
v 0.04126025 -0.00016138 -0.03565143
v 0.04095649 0.00066419 -0.03565143
v 0.04099900 0.00075145 -0.03457053
v 0.03799392 -0.00766707 -0.04734430
v 0.03806768 -0.00766707 -0.04728612
v 0.03883769 -0.00766707 -0.04666123
v 0.03869894 -0.00641528 -0.04654488
v 0.03946271 -0.00766707 -0.04613391
v 0.03996522 -0.00641528 -0.04539267
v 0.04034648 -0.01016729 -0.04577174
v 0.04090524 -0.00938870 -0.04506615
v 0.04097399 -0.01016729 -0.04514496
v 0.04108025 -0.01141740 -0.04526506
v 0.04118275 -0.01266919 -0.04536827
v 0.04201027 -0.01516940 -0.04489163
v 0.04208777 -0.01639099 -0.04498921
v 0.04511409 -0.01639099 -0.03565143
v 0.04506158 -0.01516940 -0.03565143
v 0.04493408 -0.01391930 -0.03565143
v 0.04484033 -0.01266919 -0.03439976
v 0.03850893 0.00075145 -0.04395898
v 0.03851769 0.00072460 -0.04397023
v 0.03941771 -0.00004392 -0.04323462
v 0.03960896 0.00044941 -0.04251590
v 0.03979522 -0.00038456 -0.04287057
v 0.04097150 -0.00304083 -0.04269605
v 0.04112525 -0.00391339 -0.04292311
v 0.04096899 -0.00551252 -0.04389893
v 0.03990397 -0.00266328 -0.04413162
v 0.03896644 -0.00400064 -0.04562349
v 0.03967521 -0.00437652 -0.04508867
v 0.03852519 -0.00516518 -0.04640789
v 0.03731766 -0.00483461 -0.04734430
v 0.03915020 -0.00516518 -0.04584680
v 0.04467158 -0.01181844 -0.03535869
v 0.04366905 -0.00766707 -0.03565143
v 0.04341530 -0.00690862 -0.03654843
v 0.04254778 -0.00391339 -0.03565143
v 0.04223402 -0.00296700 -0.03565143
v 0.04217152 -0.00315325 -0.03663850
v 0.04106899 -0.00008419 -0.03690122
v 0.04090274 0.00054505 -0.03648462
v 0.04091399 0.00075145 -0.03565143
v 0.04077899 0.00075145 -0.03666665
v 0.03795017 -0.00747578 -0.04734430
v 0.03792392 -0.00641528 -0.04717166
v 0.03932270 -0.00641528 -0.04601756
v 0.03761641 -0.00602767 -0.04734430
v 0.03979646 -0.00516518 -0.04522190
v 0.04059023 -0.00641528 -0.04468521
v 0.04071649 -0.00766707 -0.04485973
v 0.04125650 -0.00766707 -0.04423483
v 0.04191026 -0.01391930 -0.04475464
v 0.04196277 -0.00891550 -0.04358554
v 0.04236152 -0.01391930 -0.04412787
v 0.04241778 -0.01516940 -0.04426673
v 0.04248528 -0.01639099 -0.04436431
v 0.04511284 -0.01639099 -0.03568333
v 0.04506284 -0.01639099 -0.03690310
v 0.04500159 -0.01516940 -0.03690310
v 0.04474658 -0.01258193 -0.03572649
v 0.03853644 0.00075145 -0.04391769
v 0.03900020 0.00075145 -0.04320835
v 0.03924895 0.00075145 -0.04282178
v 0.03955146 0.00075145 -0.04231886
v 0.03980897 0.00075145 -0.04172587
v 0.04107150 -0.00263979 -0.04187599
v 0.04216527 -0.00566186 -0.04144813
v 0.04228152 -0.00642200 -0.04187975
v 0.04217902 -0.00684317 -0.04263412
v 0.04188276 -0.00766707 -0.04341665
v 0.04110900 -0.00641528 -0.04406031
v 0.04483158 -0.01391930 -0.03690310
v 0.04467908 -0.01299975 -0.03690310
v 0.04381281 -0.01016729 -0.03940268
v 0.04370781 -0.00891550 -0.03815101
v 0.04385656 -0.00891550 -0.03690310
v 0.04353405 -0.00758988 -0.03694063
v 0.04346780 -0.00795569 -0.03815101
v 0.04341030 -0.00818054 -0.03896919
v 0.04226402 -0.00411307 -0.03815101
v 0.04234402 -0.00380264 -0.03699317
v 0.04100149 -0.00043490 -0.03815101
v 0.04013897 0.00075145 -0.04033346
v 0.04239903 -0.00891550 -0.04295877
v 0.04250903 -0.01016729 -0.04308262
v 0.04321904 -0.01141740 -0.04219313
v 0.04325655 -0.01266919 -0.04236953
v 0.04311154 -0.01639099 -0.04329843
v 0.04309404 -0.01639099 -0.04332845
v 0.04488408 -0.01639099 -0.03815477
v 0.04478783 -0.01505698 -0.03826924
v 0.04469408 -0.01391930 -0.03786577
v 0.04006147 0.00075145 -0.04072753
v 0.04091524 -0.00192160 -0.04144250
v 0.04132525 -0.00266328 -0.04065247
v 0.04224152 -0.00542191 -0.04065247
v 0.04254903 -0.00641528 -0.04065247
v 0.04346155 -0.00925614 -0.04029780
v 0.04227402 -0.00766707 -0.04278988
v 0.04341280 -0.01061028 -0.04138996
v 0.04463408 -0.01325481 -0.03757491
v 0.04352905 -0.00887020 -0.03939142
v 0.04461282 -0.01456532 -0.03876653
v 0.04353405 -0.01018239 -0.04069000
v 0.04234152 -0.00507288 -0.03946836
v 0.04218152 -0.00436477 -0.03909492
v 0.04109524 -0.00133430 -0.03943458
v 0.04133900 -0.00141149 -0.03815101
v 0.04092274 -0.00065471 -0.03904051
v 0.04355530 -0.01266919 -0.04174463
v 0.04347280 -0.01141740 -0.04156823
v 0.04363280 -0.01391930 -0.04183471
v 0.04344655 -0.01639099 -0.04268854
v 0.04488033 -0.01639099 -0.03817541
v 0.04467033 -0.01539929 -0.03895043
v 0.04099524 -0.00169843 -0.04065247
v 0.04372780 -0.01141740 -0.04065247
v 0.04388406 -0.01266919 -0.04065247
v 0.04380031 -0.01639099 -0.04190602
v 0.04468283 -0.01639099 -0.03899922
v -0.02985268 -0.05477997 -0.03189273
v -0.02985268 -0.05476325 -0.03063854
v -0.03030817 -0.05444539 -0.03189273
v -0.03029359 -0.05444121 -0.03313756
v -0.02985268 -0.05475906 -0.03313756
v -0.02985268 -0.05472979 -0.02938434
v -0.03168372 -0.05332454 -0.02868237
v -0.03169101 -0.05332872 -0.02938434
v -0.03169647 -0.05333290 -0.03063854
v -0.03169647 -0.05333290 -0.03189273
v -0.03169101 -0.05332872 -0.03313756
v -0.03168372 -0.05332454 -0.03381146
v -0.03023164 -0.05441193 -0.03438240
v -0.02985268 -0.05470887 -0.03394249
v -0.02985268 -0.05467542 -0.02813015
v -0.02985268 -0.05464196 -0.02755921
v -0.03098774 -0.05373440 -0.02688532
v -0.03165639 -0.05328690 -0.02784936
v -0.03295906 -0.05209494 -0.02716610
v -0.03299186 -0.05212840 -0.02813015
v -0.03301737 -0.05214931 -0.02938434
v -0.03232322 -0.05277666 -0.03063854
v -0.03302648 -0.05215768 -0.03313756
v -0.03301737 -0.05214513 -0.03438240
v -0.03298275 -0.05211167 -0.03522477
v -0.03093855 -0.05373859 -0.03564595
v -0.03016241 -0.05436593 -0.03564595
v -0.02985268 -0.05463360 -0.03507501
v -0.02985268 -0.05459595 -0.02688532
v -0.03092215 -0.05369258 -0.02564048
v -0.03141772 -0.05310706 -0.02314145
v -0.03214102 -0.05248390 -0.02314145
v -0.03484112 -0.05024219 -0.02688532
v -0.03426539 -0.05089881 -0.02813015
v -0.03361860 -0.05152615 -0.02813015
v -0.03292081 -0.05205730 -0.02632373
v -0.03395019 -0.05060186 -0.02063306
v -0.03401032 -0.05065205 -0.02187790
v -0.03493403 -0.05033838 -0.02938434
v -0.03430911 -0.05093645 -0.02938434
v -0.03432915 -0.05095318 -0.03063854
v -0.03302101 -0.05215349 -0.03063854
v -0.03302648 -0.05215349 -0.03189273
v -0.03433280 -0.05096154 -0.03313756
v -0.03364411 -0.05157216 -0.03438240
v -0.03424535 -0.05088626 -0.03564595
v -0.03419797 -0.05083190 -0.03632921
v -0.03079826 -0.05362985 -0.03689079
v -0.03002212 -0.05425718 -0.03689079
v -0.02985268 -0.05451231 -0.03615137
v -0.02985268 -0.05458759 -0.03564595
v -0.02985268 -0.05454158 -0.02617398
v -0.02985268 -0.05440357 -0.02437693
v -0.03085839 -0.05364239 -0.02437693
v -0.03072539 -0.05354620 -0.02187790
v -0.03042659 -0.05331617 -0.01626210
v -0.03135031 -0.05304851 -0.02187790
v -0.03276777 -0.05191511 -0.02314145
v -0.03170194 -0.05208658 -0.01479264
v -0.03267485 -0.05058514 -0.00812856
v -0.03274044 -0.05064369 -0.00937340
v -0.03270035 -0.05186074 -0.02187790
v -0.03548061 -0.04961484 -0.02688532
v -0.03489031 -0.05028819 -0.02813015
v -0.03544782 -0.04958139 -0.02606166
v -0.03388461 -0.05054750 -0.01937887
v -0.03448402 -0.04986579 -0.01813404
v -0.03454232 -0.04992015 -0.01937887
v -0.03464617 -0.05002889 -0.02187790
v -0.03557535 -0.04971104 -0.02938434
v -0.03560815 -0.04974449 -0.03063854
v -0.03495225 -0.05036766 -0.03063854
v -0.03433280 -0.05095736 -0.03189273
v -0.03430547 -0.05094482 -0.03438240
v -0.03559539 -0.04973613 -0.03189273
v -0.03539862 -0.04953120 -0.03714349
v -0.03528384 -0.04941828 -0.03814498
v -0.03194426 -0.05229570 -0.03814498
v -0.03297000 -0.05085280 -0.04011987
v -0.03179304 -0.05216186 -0.03903414
v -0.03057417 -0.05344582 -0.03814498
v -0.02985268 -0.05438266 -0.03689079
v -0.02985268 -0.05433665 -0.03705926
v -0.02985268 -0.05430320 -0.02314145
v -0.02985268 -0.05367585 -0.01562565
v -0.02985268 -0.05357129 -0.01438081
v -0.02985268 -0.05335381 -0.01187243
v -0.02985268 -0.05324089 -0.01061823
v -0.02985268 -0.05312379 -0.00937340
v -0.03016788 -0.05310706 -0.01187243
v -0.03091305 -0.05247971 -0.01187243
v -0.02985268 -0.05419863 -0.02187790
v -0.03204992 -0.05113720 -0.00812856
v -0.03436195 -0.04974449 -0.01562565
v -0.03375342 -0.05043039 -0.01687984
v -0.03260561 -0.05052240 -0.00687437
v -0.03620027 -0.04902514 -0.02938434
v -0.03671223 -0.04834761 -0.02813015
v -0.03527109 -0.04939318 -0.02187790
v -0.03511076 -0.04920916 -0.01813404
v -0.03516541 -0.04927190 -0.01937887
v -0.03623489 -0.04905024 -0.03063854
v -0.03493039 -0.05027146 -0.03438240
v -0.03543506 -0.04956884 -0.03631985
v -0.03622031 -0.04903769 -0.03189273
v -0.03617476 -0.04900005 -0.03313756
v -0.03554984 -0.04969431 -0.03313756
v -0.03670312 -0.04833925 -0.03404545
v -0.03784364 -0.04699255 -0.03438240
v -0.03716407 -0.04764080 -0.03564595
v -0.03778899 -0.04690472 -0.03564595
v -0.03655919 -0.04818450 -0.03689079
v -0.03583042 -0.04879512 -0.03814498
v -0.03565187 -0.04857346 -0.03938982
v -0.03507432 -0.04919662 -0.03938982
v -0.03414696 -0.04953120 -0.04116815
v -0.03428725 -0.04966085 -0.04033514
v -0.03444940 -0.04979050 -0.03938982
v -0.03278963 -0.05070642 -0.04094351
v -0.03102783 -0.05267210 -0.03933366
v -0.03044117 -0.05332872 -0.03879080
v -0.02985268 -0.05396443 -0.03823857
v -0.02985268 -0.05299414 -0.00812856
v -0.03002577 -0.05298159 -0.00937340
v -0.03139221 -0.05182309 -0.00937340
v -0.03197887 -0.05107447 -0.00687437
v -0.03325968 -0.04989506 -0.00687437
v -0.03429636 -0.04967758 -0.01438081
v -0.03525105 -0.04811759 -0.00937340
v -0.03498687 -0.04907951 -0.01562565
v -0.03505063 -0.04914643 -0.01687984
v -0.03190782 -0.05100755 -0.00563890
v -0.03252363 -0.05046385 -0.00563890
v -0.03319227 -0.04982814 -0.00563890
v -0.03675414 -0.04839780 -0.02938434
v -0.03773251 -0.04683362 -0.02437693
v -0.03836107 -0.04632756 -0.02688532
v -0.03582678 -0.04876584 -0.02187790
v -0.03645352 -0.04805485 -0.02187790
v -0.03572110 -0.04864873 -0.01937887
v -0.03555349 -0.04845635 -0.01562565
v -0.03566827 -0.04858600 -0.01813404
v -0.03677236 -0.04842289 -0.03063854
v -0.03676689 -0.04841452 -0.03189273
v -0.03545875 -0.04959812 -0.03564595
v -0.03673409 -0.04837270 -0.03313756
v -0.03836836 -0.04636521 -0.03438240
v -0.03829002 -0.04628156 -0.03564595
v -0.03707115 -0.04755716 -0.03689079
v -0.03645534 -0.04802975 -0.03814498
v -0.03627861 -0.04782901 -0.03938982
v -0.03669948 -0.04708456 -0.04006371
v -0.03550612 -0.04840198 -0.04022282
v -0.03534761 -0.04822214 -0.04104647
v -0.03690900 -0.04607244 -0.04160805
v -0.03571200 -0.04738568 -0.04167357
v -0.03446215 -0.04863619 -0.04188884
v -0.03428178 -0.04842708 -0.04242234
v -0.03414150 -0.04857764 -0.04242234
v -0.03387367 -0.04925935 -0.04188884
v -0.03318863 -0.04952702 -0.04242234
v -0.03190964 -0.05076079 -0.04242234
v -0.03049400 -0.05200293 -0.04242234
v -0.03025169 -0.05318234 -0.03963317
v -0.03059421 -0.05219950 -0.04164549
v -0.02985268 -0.05331617 -0.04009179
v -0.02994925 -0.05291467 -0.00812856
v -0.02985268 -0.05286448 -0.00690245
v -0.03053773 -0.05216186 -0.00563890
v -0.03061607 -0.05222460 -0.00687437
v -0.03418886 -0.04957302 -0.01244337
v -0.03462613 -0.04877838 -0.00937340
v -0.03518546 -0.04805067 -0.00812856
v -0.03580856 -0.04749442 -0.00937340
v -0.03545510 -0.04833925 -0.01351973
v -0.03556624 -0.04721421 -0.00436598
v -0.03563001 -0.04728531 -0.00563890
v -0.03115354 -0.05164326 -0.00563890
v -0.03170012 -0.05083608 -0.00232558
v -0.03143412 -0.05060186 0.00188627
v -0.03195701 -0.04982814 0.00439466
v -0.03311575 -0.04975286 -0.00436598
v -0.03374249 -0.04911715 -0.00436598
v -0.03381719 -0.04919243 -0.00563890
v -0.03838111 -0.04637357 -0.02813015
v -0.03831188 -0.04626901 -0.02564048
v -0.03640250 -0.04799212 -0.02063306
v -0.03751752 -0.04658686 -0.01937887
v -0.03800033 -0.04589679 -0.01813404
v -0.03898599 -0.04554548 -0.02688532
v -0.03549701 -0.04838526 -0.01438081
v -0.03669583 -0.04707619 -0.01488624
v -0.03672863 -0.04711802 -0.01562565
v -0.03678329 -0.04718075 -0.01687984
v -0.03837747 -0.04639448 -0.02938434
v -0.03837747 -0.04639866 -0.03189273
v -0.03837747 -0.04639448 -0.03313756
v -0.03786915 -0.04702182 -0.03313756
v -0.03899510 -0.04555802 -0.03438240
v -0.03891858 -0.04542419 -0.03564595
v -0.03815519 -0.04612263 -0.03689079
v -0.03769243 -0.04674998 -0.03689079
v -0.03693451 -0.04740241 -0.03814498
v -0.03678875 -0.04720166 -0.03938982
v -0.03771429 -0.04555384 -0.04064401
v -0.03702014 -0.04646976 -0.04055041
v -0.03654280 -0.04690890 -0.04088736
v -0.03805681 -0.04474248 -0.04149574
v -0.03735901 -0.04524435 -0.04197308
v -0.03658834 -0.04582569 -0.04242234
v -0.03515266 -0.04775791 -0.04201988
v -0.03537311 -0.04719748 -0.04242234
v -0.04348068 -0.03378487 -0.04280609
v -0.03366597 -0.04905441 -0.04242234
v -0.03034096 -0.05212004 -0.04242234
v -0.02985268 -0.05311960 -0.04064401
v -0.03005674 -0.05176454 0.00188627
v -0.03047396 -0.05210749 -0.00461869
v -0.02985268 -0.05213258 -0.00001374
v -0.03088936 -0.05120412 0.00063207
v -0.03442572 -0.04856927 -0.00563890
v -0.03505063 -0.04791265 -0.00563890
v -0.03643530 -0.04677507 -0.00937340
v -0.03625493 -0.04654504 -0.00562018
v -0.03696366 -0.04615191 -0.00937340
v -0.03497958 -0.04784155 -0.00436598
v -0.03549883 -0.04713893 -0.00311179
v -0.03049400 -0.05087372 0.00686560
v -0.03044481 -0.05083190 0.00762374
v -0.03047214 -0.04960648 0.01783512
v -0.03266027 -0.04929699 0.00314046
v -0.03292992 -0.04956466 -0.00124922
v -0.03131751 -0.04923007 0.01437205
v -0.03181854 -0.04845635 0.01688044
v -0.03293903 -0.04832252 0.00882177
v -0.03427814 -0.04841452 -0.00311179
v -0.03900604 -0.04558311 -0.02813015
v -0.03893862 -0.04547856 -0.02564048
v -0.03792017 -0.04580896 -0.01632762
v -0.03938499 -0.04485540 -0.02564048
v -0.03941961 -0.04491813 -0.02688532
v -0.03944876 -0.04495577 -0.02813015
v -0.03709119 -0.04628992 -0.01187243
v -0.03900239 -0.04558730 -0.03313756
v -0.03943237 -0.04493068 -0.03438240
v -0.03945787 -0.04496414 -0.03313756
v -0.04044718 -0.04333722 -0.03509373
v -0.04175896 -0.04092405 -0.03661935
v -0.03818435 -0.04492649 -0.04064401
v -0.03802220 -0.04593861 -0.03814498
v -0.03755942 -0.04656177 -0.03814498
v -0.03794568 -0.04583405 -0.03882824
v -0.04054010 -0.04098260 -0.04147702
v -0.03925564 -0.04217873 -0.04242234
v -0.03786187 -0.04426988 -0.04242234
v -0.03780903 -0.04440789 -0.04233811
v -0.03914450 -0.04328704 -0.04117751
v -0.03769607 -0.04447899 -0.04242234
v -0.04357724 -0.03355903 -0.04280609
v -0.04184460 -0.03378487 -0.04280609
v -0.02985268 -0.05243789 -0.04242234
v -0.03940504 -0.04194871 -0.04242234
v -0.04019029 -0.04070656 -0.04242234
v -0.04028320 -0.04055182 -0.04242234
v -0.04037430 -0.04038034 -0.04242234
v -0.04161321 -0.03803826 -0.04242234
v -0.04287398 -0.03559580 -0.04242234
v -0.04314180 -0.03502283 -0.04242234
v -0.04338230 -0.03446658 -0.04242234
v -0.02985268 -0.05265119 -0.04195436
v -0.02985268 -0.05182727 0.00285967
v -0.03677053 -0.04592188 -0.00563890
v -0.03771793 -0.04553293 -0.01187243
v -0.03422166 -0.04710965 0.00784837
v -0.03545328 -0.04708874 -0.00232558
v -0.03707297 -0.04505197 -0.00186695
v -0.03628043 -0.04634011 -0.00427239
v -0.02985268 -0.05165999 0.00439466
v -0.02985268 -0.05090717 0.01118041
v -0.03015148 -0.05058514 0.01187302
v -0.02985268 -0.04967758 0.02188785
v -0.03020978 -0.04936391 0.02188785
v -0.03063247 -0.04851072 0.02563171
v -0.03169283 -0.04833088 0.01887404
v -0.03168736 -0.04707201 0.02881400
v -0.03275137 -0.04813013 0.01187302
v -0.03946152 -0.04495995 -0.02938434
v -0.03946152 -0.04496414 -0.03063854
v -0.03946152 -0.04496414 -0.03189273
v -0.03933398 -0.04478012 -0.02437693
v -0.03829002 -0.04506869 -0.01438081
v -0.03818435 -0.04490977 -0.01187243
v -0.03956901 -0.04386419 -0.01937887
v -0.04072593 -0.04250076 -0.02187790
v -0.04077330 -0.04257605 -0.02314145
v -0.04081156 -0.04263878 -0.02437693
v -0.04044171 -0.04332886 -0.02603358
v -0.04004453 -0.04398966 -0.02688532
v -0.04007550 -0.04403985 -0.02813015
v -0.04051823 -0.04344596 -0.02938434
v -0.04008644 -0.04406913 -0.02938434
v -0.04005728 -0.04401058 -0.03438240
v -0.04008462 -0.04405658 -0.03313756
v -0.04051095 -0.04343342 -0.03313756
v -0.04008644 -0.04408167 -0.03189273
v -0.04052734 -0.04345433 -0.03189273
v -0.04185188 -0.04106624 -0.03564595
v -0.04047451 -0.04337905 -0.03438240
v -0.04192294 -0.04118335 -0.03438240
v -0.04264078 -0.03907129 -0.03814498
v -0.04201585 -0.04005413 -0.03814498
v -0.04187010 -0.03983665 -0.03938982
v -0.04180815 -0.03858196 -0.04152381
v -0.04175714 -0.03967354 -0.04023218
v -0.04158406 -0.03941423 -0.04106519
v -0.04406188 -0.03236708 -0.04280609
v -0.04423131 -0.03219142 -0.04261890
v -0.04441533 -0.02449600 -0.04280609
v -0.04441169 -0.01206205 -0.04279673
v -0.02985268 -0.05043039 -0.04242234
v -0.04302885 -0.03601822 -0.04153318
v -0.04323655 -0.03523613 -0.04192628
v -0.04424042 -0.03343356 -0.04142086
v -0.04404912 -0.03302369 -0.04225387
v -0.03671769 -0.04585496 -0.00463741
v -0.03765417 -0.04545346 -0.01061823
v -0.03796389 -0.04460446 -0.00717388
v -0.03800944 -0.04466720 -0.00812856
v -0.03812787 -0.04483030 -0.01061823
v -0.03316494 -0.04606826 0.02437752
v -0.03419251 -0.04582987 0.01761049
v -0.03642619 -0.04550365 0.00063207
v -0.03769789 -0.04423223 -0.00186695
v -0.03686528 -0.04479266 0.00188627
v -0.02985268 -0.05082771 0.01187302
v -0.02985268 -0.04923426 0.02563171
v -0.03012779 -0.04928863 0.02313269
v -0.03043023 -0.04831834 0.02874848
v -0.03086932 -0.04749024 0.03188396
v -0.03149424 -0.04686708 0.03188396
v -0.03308660 -0.04598461 0.02563171
v -0.04008644 -0.04408167 -0.03063854
v -0.03881109 -0.04404403 -0.01187243
v -0.03883659 -0.04384328 -0.01052464
v -0.03921191 -0.04335814 -0.01086158
v -0.04019393 -0.04296919 -0.01937887
v -0.04062026 -0.04234602 -0.01937887
v -0.04139640 -0.04156812 -0.02314145
v -0.04143648 -0.04164340 -0.02437693
v -0.04146745 -0.04171031 -0.02564048
v -0.04194662 -0.04125863 -0.02938434
v -0.04076602 -0.04280607 -0.02563112
v -0.04049272 -0.04341251 -0.02813015
v -0.04197395 -0.04130045 -0.03063854
v -0.04052734 -0.04345015 -0.03063854
v -0.04195391 -0.04123772 -0.03313756
v -0.04197395 -0.04128790 -0.03189273
v -0.04316002 -0.03877017 -0.03564595
v -0.04273551 -0.03925113 -0.03689079
v -0.04319828 -0.03884544 -0.03438240
v -0.04300334 -0.03844813 -0.03814498
v -0.04294868 -0.03833939 -0.03880015
v -0.04196302 -0.03897509 -0.04064401
v -0.04433699 -0.03159335 -0.04280609
v -0.04436796 -0.03263474 -0.04186076
v -0.04549755 -0.02976569 -0.04145830
v -0.04532811 -0.02915508 -0.04230067
v -0.04591295 -0.02449600 -0.04280609
v -0.04587834 -0.01206205 -0.04279673
v -0.03758129 -0.01206205 0.00937399
v -0.03749930 -0.01206205 0.01000109
v -0.03742460 -0.01206205 0.01062819
v -0.03635149 -0.01206205 0.02186913
v -0.03623306 -0.01206205 0.02312333
v -0.03616565 -0.01206205 0.02437752
v -0.02985268 -0.03959408 0.01747946
v -0.04299058 -0.03718089 -0.04016666
v -0.04317278 -0.03643644 -0.04061593
v -0.04420763 -0.03461296 -0.04009179
v -0.04433334 -0.03378487 -0.04075632
v -0.04551577 -0.03232943 -0.03902479
v -0.03826997 -0.04379728 -0.00436598
v -0.03833375 -0.04388511 -0.00563890
v -0.03394109 -0.04553293 0.02188785
v -0.03546603 -0.04460864 0.01529865
v -0.03672316 -0.04461282 0.00439466
v -0.03819892 -0.04370527 -0.00311179
v -0.03545875 -0.04334559 0.02398442
v -0.03634056 -0.04283117 0.01937946
v -0.03691811 -0.04240039 0.01688044
v -0.02985268 -0.04908369 0.02687655
v -0.02985268 -0.04844381 0.03188396
v -0.03012051 -0.04803394 0.03313816
v -0.03061061 -0.04724349 0.03563718
v -0.03078551 -0.04740660 0.03313816
v -0.03141226 -0.04677507 0.03313816
v -0.03169101 -0.04582987 0.03760272
v -0.03173837 -0.04588006 0.03689138
v -0.03300644 -0.04589679 0.02687655
v -0.03393562 -0.04426988 0.03062977
v -0.03378986 -0.04534891 0.02437752
v -0.03386638 -0.04544092 0.02313269
v -0.03917183 -0.04331213 -0.01003793
v -0.04051095 -0.04218291 -0.01687984
v -0.04141644 -0.04135064 -0.02176558
v -0.04175350 -0.04094077 -0.02314145
v -0.04179722 -0.04101605 -0.02437693
v -0.04171524 -0.04087386 -0.02209317
v -0.04183548 -0.04108297 -0.02564048
v -0.04187374 -0.04114570 -0.02688532
v -0.04191200 -0.04120426 -0.02813015
v -0.04311630 -0.03865306 -0.02437693
v -0.04314180 -0.03871579 -0.02564048
v -0.04322015 -0.03889145 -0.03063854
v -0.04322379 -0.03889563 -0.03189273
v -0.04316002 -0.03877017 -0.02688532
v -0.04318189 -0.03881199 -0.02813015
v -0.04320011 -0.03885381 -0.02938434
v -0.04440440 -0.03626079 -0.03564595
v -0.04308897 -0.03862378 -0.03689079
v -0.04444630 -0.03633607 -0.03438240
v -0.04432423 -0.03609768 -0.03689079
v -0.04424771 -0.03594293 -0.03784547
v -0.04433516 -0.03488481 -0.03938982
v -0.04310172 -0.03763258 -0.03928686
v -0.04448092 -0.03529050 -0.03821986
v -0.04414022 -0.03577564 -0.03867848
v -0.04440804 -0.03136751 -0.04280609
v -0.04550666 -0.03104965 -0.04024154
v -0.04557589 -0.02881631 -0.04188884
v -0.04563602 -0.03018392 -0.04065337
v -0.04670549 -0.02837717 -0.03884695
v -0.04666359 -0.02701792 -0.04000755
v -0.04543743 -0.02832280 -0.04253466
v -0.04490178 -0.02972387 -0.04280609
v -0.04588380 -0.02471766 -0.04280609
v -0.04599676 -0.02391048 -0.04279673
v -0.04604413 -0.02353407 -0.04279673
v -0.04611701 -0.02267670 -0.04279673
v -0.04615345 -0.02222502 -0.04279673
v -0.04623907 -0.02091178 -0.04279673
v -0.04630467 -0.01960272 -0.04279673
v -0.04633017 -0.01892519 -0.04279673
v -0.04634292 -0.01833130 -0.04279673
v -0.04634839 -0.01767887 -0.04279673
v -0.04629738 -0.01642836 -0.04279673
v -0.04620810 -0.01517786 -0.04279673
v -0.04610243 -0.01390226 -0.04279673
v -0.04591659 -0.01232553 -0.04279673
v -0.04683485 -0.01206205 -0.04041937
v -0.03614561 -0.01206205 0.02501398
v -0.02985268 -0.03943096 0.01859325
v -0.04435885 -0.03388943 -0.04055977
v -0.04473963 -0.03393544 -0.03938982
v -0.04534451 -0.03316171 -0.03850065
v -0.04559229 -0.03271839 -0.03811690
v -0.04564877 -0.03145115 -0.03942725
v -0.03896959 -0.04297337 -0.00563890
v -0.03418886 -0.04332468 0.03506625
v -0.03419433 -0.04457937 0.02636177
v -0.03445669 -0.04490558 0.02188785
v -0.03550794 -0.04340832 0.02313269
v -0.03521461 -0.04302774 0.02814010
v -0.03566645 -0.04240039 0.02814010
v -0.03672498 -0.04212436 0.02037159
v -0.03684705 -0.04230420 0.01813463
v -0.03796389 -0.04211181 0.00903705
v -0.02985268 -0.04836016 0.03252042
v -0.03003306 -0.04795029 0.03439235
v -0.02985268 -0.04795029 0.03563718
v -0.02985268 -0.04778300 0.03687266
v -0.03046121 -0.04709711 0.03772439
v -0.03137399 -0.04549529 0.04188944
v -0.03196612 -0.04487213 0.04188944
v -0.03205175 -0.04496832 0.04064460
v -0.03267667 -0.04426151 0.04064460
v -0.03949249 -0.04255932 -0.00812856
v -0.03955079 -0.04264297 -0.00937340
v -0.04017754 -0.04165595 -0.00937340
v -0.04056925 -0.04103278 -0.00937340
v -0.04072775 -0.04130045 -0.01312662
v -0.04140551 -0.04032179 -0.01438081
v -0.04307440 -0.03857360 -0.02314145
v -0.04171524 -0.03962335 -0.01336061
v -0.04200128 -0.04031343 -0.02176558
v -0.04432788 -0.03614787 -0.02564048
v -0.04436978 -0.03622733 -0.02688532
v -0.04440986 -0.03629006 -0.02813015
v -0.04444084 -0.03633607 -0.02938434
v -0.04446270 -0.03637789 -0.03063854
v -0.04446816 -0.03638626 -0.03189273
v -0.04445906 -0.03636117 -0.03313756
v -0.04561962 -0.03378906 -0.03459767
v -0.04559047 -0.03369704 -0.03564595
v -0.04562327 -0.03380997 -0.03438240
v -0.04551395 -0.03349629 -0.03690015
v -0.04546111 -0.03337083 -0.03767700
v -0.04678019 -0.02768291 -0.03912774
v -0.04677290 -0.02862811 -0.03814498
v -0.04698060 -0.02768291 -0.03814498
v -0.04688586 -0.02653278 -0.03951149
v -0.04710996 -0.02517772 -0.03939917
v -0.04673282 -0.02618147 -0.04015731
v -0.04600222 -0.02643240 -0.04189820
v -0.04580910 -0.02768291 -0.04189820
v -0.04558136 -0.02677117 -0.04280609
v -0.04540646 -0.02768291 -0.04280609
v -0.04521516 -0.02859046 -0.04280609
v -0.04563602 -0.02643240 -0.04280609
v -0.04669638 -0.02339606 -0.04130854
v -0.04646682 -0.02267670 -0.04202924
v -0.04678748 -0.02142620 -0.04156125
v -0.04684396 -0.02017570 -0.04167357
v -0.04689861 -0.01892519 -0.04175781
v -0.04691684 -0.01767887 -0.04178588
v -0.04686582 -0.01642836 -0.04170165
v -0.04679112 -0.01517786 -0.04155189
v -0.04672735 -0.01420338 -0.04139278
v -0.04699517 -0.01206205 -0.03997011
v -0.03611464 -0.01206205 0.02626817
v -0.02985268 -0.03843558 0.02814010
v -0.04673828 -0.02973223 -0.03659128
v -0.03919734 -0.04209090 -0.00231622
v -0.03943237 -0.04246313 -0.00687437
v -0.03451499 -0.04254259 0.03689138
v -0.03551887 -0.04219128 0.03062977
v -0.03559357 -0.04229584 0.02938494
v -0.03318316 -0.04363417 0.04064460
v -0.03389736 -0.04294409 0.03939041
v -0.03428725 -0.04220382 0.04064460
v -0.03436559 -0.04231675 0.03939041
v -0.03636242 -0.04157230 0.02687655
v -0.03767056 -0.04041380 0.02188785
v -0.03761044 -0.04156812 0.01562624
v -0.03821896 -0.04125863 0.01187302
v -0.02985268 -0.04724349 0.04064460
v -0.02985268 -0.04687544 0.04315299
v -0.02985268 -0.04668724 0.04438847
v -0.02996200 -0.04657850 0.04438847
v -0.03065433 -0.04605153 0.04315299
v -0.03128107 -0.04539491 0.04315299
v -0.03187138 -0.04476757 0.04315299
v -0.03258922 -0.04415277 0.04188944
v -0.03309389 -0.04352961 0.04188944
v -0.04046722 -0.04086967 -0.00715516
v -0.04051277 -0.04094077 -0.00812856
v -0.04428962 -0.03605167 -0.02437693
v -0.04301973 -0.03847740 -0.02187790
v -0.04296872 -0.03837703 -0.02063306
v -0.04317278 -0.03777478 -0.01946311
v -0.04330396 -0.03768695 -0.02063306
v -0.04338958 -0.03768695 -0.02187790
v -0.04075144 -0.04030506 -0.00679013
v -0.04143102 -0.03909638 -0.00687437
v -0.04172070 -0.03838539 -0.00587289
v -0.04176261 -0.03846904 -0.00687437
v -0.04457201 -0.03518594 -0.02314145
v -0.04464671 -0.03518594 -0.02437693
v -0.04559229 -0.03378906 -0.03063854
v -0.04534087 -0.03446658 -0.03189273
v -0.04592753 -0.03268493 -0.03564595
v -0.04563055 -0.03378906 -0.03438240
v -0.04578906 -0.03268493 -0.03690015
v -0.04561780 -0.03382669 -0.03313756
v -0.04720470 -0.02643240 -0.03814498
v -0.04686946 -0.02902124 -0.03695630
v -0.04716826 -0.02768291 -0.03690015
v -0.04718465 -0.02449600 -0.03939917
v -0.04684396 -0.02386029 -0.04070016
v -0.04682209 -0.02449600 -0.04053169
v -0.04793893 -0.02208282 -0.03753660
v -0.04698789 -0.02267670 -0.04064401
v -0.04673100 -0.02267670 -0.04140214
v -0.04710267 -0.02142620 -0.04064401
v -0.04719741 -0.02017570 -0.04064401
v -0.04726482 -0.01892519 -0.04064401
v -0.04727757 -0.01767887 -0.04064401
v -0.04722109 -0.01642836 -0.04064401
v -0.04711360 -0.01517786 -0.04064401
v -0.04718283 -0.01206205 -0.03938982
v -0.03605998 -0.01206205 0.02876720
v -0.03603265 -0.01206205 0.03002139
v -0.02985268 -0.03834357 0.02938494
v -0.04678019 -0.02987443 -0.03564595
v -0.04703890 -0.02893341 -0.03564595
v -0.03924289 -0.04091150 0.00439466
v -0.03950160 -0.04132973 -0.00061276
v -0.03506703 -0.04153048 0.03814557
v -0.03579398 -0.04134645 0.03313816
v -0.03671041 -0.03960662 0.03526280
v -0.03380808 -0.04283117 0.04064460
v -0.03422348 -0.04212018 0.04156185
v -0.03449313 -0.04123353 0.04438847
v -0.03457147 -0.04135064 0.04315299
v -0.03795661 -0.03960662 0.02401249
v -0.03814973 -0.04115407 0.01313657
v -0.02985268 -0.04647395 0.04570818
v -0.03048307 -0.04587170 0.04537123
v -0.03170923 -0.04459609 0.04521211
v -0.03249447 -0.04403567 0.04315299
v -0.03300461 -0.04341251 0.04315299
v -0.04018847 -0.04041380 -0.00186695
v -0.04056013 -0.03978646 -0.00186695
v -0.04068767 -0.04000812 -0.00436598
v -0.04075144 -0.04011686 -0.00563890
v -0.04392705 -0.03649082 -0.02187790
v -0.04418394 -0.03581328 -0.02124144
v -0.04317825 -0.03754475 -0.01813404
v -0.04293957 -0.03707215 -0.01243400
v -0.04142920 -0.03887890 -0.00563890
v -0.04189561 -0.03749038 -0.00311179
v -0.04195938 -0.03761585 -0.00436598
v -0.04197395 -0.03780824 -0.00551722
v -0.04195573 -0.03786679 -0.00563890
v -0.04049455 -0.03967354 -0.00061276
v -0.04071135 -0.03903783 0.00062271
v -0.04057471 -0.03857778 0.00439466
v -0.04046175 -0.03836866 0.00654738
v -0.04545565 -0.03337083 -0.02588383
v -0.04555950 -0.03367195 -0.02939370
v -0.04438071 -0.03503956 -0.01937887
v -0.04589473 -0.03268493 -0.02939370
v -0.04676925 -0.02981588 -0.02813015
v -0.04594757 -0.03268493 -0.03063854
v -0.04560869 -0.03384342 -0.03189273
v -0.04598401 -0.03268493 -0.03439176
v -0.04796808 -0.02232121 -0.03689079
v -0.04728486 -0.02768291 -0.03564595
v -0.04724660 -0.02392721 -0.03938982
v -0.04823226 -0.02142620 -0.03439176
v -0.04813570 -0.02142620 -0.03564595
v -0.04803003 -0.02142620 -0.03689079
v -0.04809197 -0.02017570 -0.03689079
v -0.04795715 -0.02142620 -0.03761148
v -0.04798812 -0.02017570 -0.03775188
v -0.04801181 -0.01892519 -0.03787355
v -0.04800088 -0.01767887 -0.03782675
v -0.04724114 -0.01267266 -0.03938982
v -0.04730672 -0.01206205 -0.03878144
v -0.03601261 -0.01206205 0.03126623
v -0.03599621 -0.01206205 0.03252042
v -0.03598346 -0.01206205 0.03377462
v -0.03597253 -0.01206205 0.03501945
v -0.03596524 -0.01206205 0.03688202
v -0.02985268 -0.03833520 0.02998395
v -0.04680205 -0.02995389 -0.03439176
v -0.04709903 -0.02893341 -0.03439176
v -0.03519639 -0.04044308 0.04315299
v -0.03544782 -0.04083622 0.03890371
v -0.03696001 -0.03882453 0.03689138
v -0.03698188 -0.03904619 0.03566527
v -0.03575208 -0.04005831 0.04064460
v -0.03566827 -0.03994120 0.04188944
v -0.03558628 -0.03981574 0.04315299
v -0.03637700 -0.03903783 0.04064460
v -0.03669583 -0.03833520 0.04137465
v -0.03673956 -0.03841467 0.04064460
v -0.03330523 -0.04254677 0.04565202
v -0.03392833 -0.04173122 0.04565202
v -0.03439839 -0.04110806 0.04565202
v -0.03511805 -0.04030925 0.04438847
v -0.03820986 -0.03882872 0.02563171
v -0.03889307 -0.03902946 0.01813463
v -0.04045082 -0.03959826 0.00021089
v -0.03807321 -0.03857778 0.02814010
v -0.02997111 -0.04634847 0.04571754
v -0.02985268 -0.04626901 0.04684069
v -0.03035007 -0.04573786 0.04689685
v -0.03083835 -0.04499341 0.04814168
v -0.03146509 -0.04431588 0.04814168
v -0.03209729 -0.04381819 0.04689685
v -0.03272039 -0.04304865 0.04689685
v -0.04433699 -0.03493500 -0.01813404
v -0.04337865 -0.03643644 -0.01438081
v -0.04328027 -0.03643644 -0.01312662
v -0.04307804 -0.03615623 -0.00937340
v -0.04313270 -0.03628170 -0.01061823
v -0.04314180 -0.03652427 -0.01195666
v -0.04183184 -0.03736073 -0.00186695
v -0.04211788 -0.03643644 -0.00061276
v -0.04293410 -0.03581328 -0.00622855
v -0.04296508 -0.03588438 -0.00687437
v -0.04045264 -0.03710979 0.01273411
v -0.04044718 -0.03584256 0.01891148
v -0.04268632 -0.03651173 -0.00687437
v -0.03936131 -0.03864887 0.01562624
v -0.03922831 -0.03840212 0.01813463
v -0.03918822 -0.03707634 0.02507949
v -0.04574715 -0.03268493 -0.02688532
v -0.04463943 -0.03393544 -0.01687984
v -0.04554492 -0.03238799 -0.02187790
v -0.04701157 -0.02893341 -0.02813015
v -0.04705530 -0.02893341 -0.02939370
v -0.04678930 -0.02988698 -0.02939370
v -0.04673282 -0.02970295 -0.02688532
v -0.04596761 -0.03268493 -0.03188337
v -0.04597672 -0.03268493 -0.03314693
v -0.04680752 -0.02996226 -0.03314693
v -0.04801181 -0.02275199 -0.03565531
v -0.04832336 -0.02142620 -0.03312820
v -0.04795169 -0.02340024 -0.03524349
v -0.04733587 -0.02768291 -0.03439176
v -0.04793711 -0.02456292 -0.03253855
v -0.04794622 -0.02449182 -0.03259470
v -0.04839988 -0.02017570 -0.03312820
v -0.04829967 -0.02017570 -0.03439176
v -0.04819764 -0.02017570 -0.03564595
v -0.04814116 -0.01892519 -0.03689079
v -0.04812841 -0.01767887 -0.03689079
v -0.04796444 -0.01667093 -0.03764892
v -0.04791525 -0.01583447 -0.03749916
v -0.04796080 -0.01206205 -0.03519669
v -0.03596524 -0.01206205 0.03813622
v -0.02985268 -0.03821810 0.04188944
v -0.02985268 -0.03822228 0.04116875
v -0.04711542 -0.02893341 -0.03314693
v -0.04796444 -0.02473857 -0.03063854
v -0.03766146 -0.03779569 0.03563718
v -0.03813515 -0.03744020 0.03313816
v -0.03800580 -0.03844813 0.02938494
v -0.03545146 -0.03959826 0.04516532
v -0.03671769 -0.03712234 0.04654118
v -0.03320320 -0.04242130 0.04689685
v -0.03382995 -0.04159321 0.04689685
v -0.03429089 -0.04096587 0.04689685
v -0.03449313 -0.04003321 0.04939588
v -0.03890036 -0.03777060 0.02437752
v -0.02985268 -0.04618118 0.04731804
v -0.03023711 -0.04561657 0.04814168
v -0.02985268 -0.04572113 0.04939588
v -0.03010593 -0.04545346 0.04939588
v -0.03199162 -0.04369272 0.04814168
v -0.03067073 -0.04482612 0.04939588
v -0.03184587 -0.04351706 0.04917125
v -0.03261837 -0.04291063 0.04814168
v -0.04428962 -0.03481790 -0.01687984
v -0.04418941 -0.03332482 -0.00868078
v -0.04420034 -0.03460042 -0.01481136
v -0.04181726 -0.03485972 0.00937399
v -0.04312176 -0.03525704 -0.00574185
v -0.04294868 -0.03460042 -0.00108074
v -0.04017389 -0.03654937 0.01813463
v -0.03934127 -0.03613532 0.02814010
v -0.03922102 -0.03589693 0.03039578
v -0.03944512 -0.03530722 0.03073273
v -0.03941597 -0.03509811 0.03188396
v -0.04045628 -0.03336664 0.02900119
v -0.04170795 -0.03461715 0.01149863
v -0.04453740 -0.03393544 -0.01562565
v -0.04456837 -0.03268493 -0.01061823
v -0.04546294 -0.03214960 -0.01962222
v -0.04550120 -0.03226670 -0.02062370
v -0.04728304 -0.02768291 -0.02813015
v -0.04693687 -0.02893341 -0.02688532
v -0.04722292 -0.02768291 -0.02688532
v -0.04795715 -0.02468421 -0.02939370
v -0.04708080 -0.02893341 -0.03063854
v -0.04710085 -0.02893341 -0.03188337
v -0.04670184 -0.02960676 -0.02603358
v -0.04673100 -0.02846500 -0.02187790
v -0.04810290 -0.02267670 -0.03439176
v -0.04817396 -0.02267670 -0.03312820
v -0.04822680 -0.02267670 -0.03188337
v -0.04836709 -0.02142620 -0.03188337
v -0.04799905 -0.02396903 -0.03301589
v -0.04794804 -0.02463820 -0.03188337
v -0.04795169 -0.02449182 -0.03246367
v -0.04843814 -0.02017570 -0.03188337
v -0.04842357 -0.01892519 -0.03312820
v -0.04833429 -0.01892519 -0.03439176
v -0.04824137 -0.01892519 -0.03564595
v -0.04835615 -0.01767887 -0.03439176
v -0.04824684 -0.01767887 -0.03564595
v -0.04802638 -0.01631962 -0.03700310
v -0.04832518 -0.01642836 -0.03439176
v -0.04818307 -0.01392735 -0.03439176
v -0.04810837 -0.01267266 -0.03439176
v -0.04798448 -0.01267266 -0.03535580
v -0.04803367 -0.01206205 -0.03439176
v -0.03598893 -0.01206205 0.04689685
v -0.02985268 -0.03822647 0.04814168
v -0.02985268 -0.03821810 0.04315299
v -0.04799724 -0.02449600 -0.03063854
v -0.04805189 -0.02392721 -0.03188337
v -0.04796990 -0.02449182 -0.03188337
v -0.03806228 -0.03731054 0.03439235
v -0.03816613 -0.03626079 0.03814557
v -0.03569924 -0.03875761 0.04689685
v -0.03560268 -0.03859032 0.04814168
v -0.03693086 -0.03629425 0.04814168
v -0.03697459 -0.03654100 0.04693429
v -0.03309389 -0.04228747 0.04814168
v -0.03421984 -0.04086549 0.04773922
v -0.03517635 -0.03889145 0.04951755
v -0.03551158 -0.03844395 0.04918061
v -0.03404675 -0.04066056 0.04939588
v -0.03435466 -0.03982410 0.05065008
v -0.02985268 -0.04600971 0.04814168
v -0.02985268 -0.04528199 0.05065008
v -0.03300279 -0.04216200 0.04904021
v -0.03051769 -0.04467556 0.05023825
v -0.03287526 -0.04201144 0.04987322
v -0.04437889 -0.03378906 -0.01305174
v -0.04434609 -0.03275603 -0.00820344
v -0.04329485 -0.03393544 -0.00186695
v -0.04312176 -0.03378906 0.00054784
v -0.04295414 -0.03336246 0.00399219
v -0.04427140 -0.03230852 -0.00561082
v -0.04432970 -0.03247581 -0.00686501
v -0.04207234 -0.03393544 0.01062819
v -0.03818617 -0.03652009 0.03682586
v -0.03811329 -0.03491827 0.04438847
v -0.03918094 -0.03455860 0.03626429
v -0.04047451 -0.03218305 0.03293224
v -0.04059111 -0.03252182 0.03062977
v -0.04169155 -0.03208268 0.02133563
v -0.04172799 -0.03218305 0.02062430
v -0.04204865 -0.03268493 0.01561688
v -0.03941232 -0.03385597 0.03689138
v -0.03938682 -0.03378487 0.03740616
v -0.03934674 -0.03368868 0.03813622
v -0.03960909 -0.03268493 0.03938105
v -0.04466493 -0.03143442 -0.00686501
v -0.04575627 -0.03143442 -0.02062370
v -0.04545929 -0.02963186 -0.00965419
v -0.04794258 -0.02458801 -0.02868237
v -0.04714639 -0.02768291 -0.02563112
v -0.04821951 -0.02267670 -0.03063854
v -0.04807193 -0.02392721 -0.03063854
v -0.04804460 -0.02392721 -0.02937498
v -0.04670184 -0.02836044 -0.02104489
v -0.04833429 -0.02142620 -0.03063854
v -0.04845636 -0.01892519 -0.03188337
v -0.04844178 -0.01767887 -0.03312820
v -0.04839988 -0.02017570 -0.03063854
v -0.04843085 -0.01892519 -0.03063854
v -0.04842357 -0.01642836 -0.03312820
v -0.04835797 -0.01517786 -0.03312820
v -0.04827417 -0.01392735 -0.03312820
v -0.04817213 -0.01267266 -0.03312820
v -0.04809015 -0.01206205 -0.03312820
v -0.03604359 -0.01206205 0.04815105
v -0.02985268 -0.03825156 0.04939588
v -0.03799304 -0.03344611 0.04911509
v -0.03796025 -0.03462133 0.04643823
v -0.03802584 -0.03475098 0.04565202
v -0.03542778 -0.03831011 0.05002298
v -0.03678329 -0.03601403 0.04939588
v -0.03789466 -0.03327881 0.04994810
v -0.03387367 -0.04045144 0.05065008
v -0.03423988 -0.03964844 0.05138013
v -0.02985268 -0.04514397 0.05086534
v -0.03033185 -0.04445390 0.05107126
v -0.04294139 -0.03208268 0.00884049
v -0.04328391 -0.03268493 0.00313110
v -0.04422038 -0.03217051 -0.00458125
v -0.04455197 -0.03143442 -0.00561082
v -0.03919734 -0.03209104 0.04510916
v -0.03923924 -0.03219560 0.04439782
v -0.03922102 -0.03340010 0.04034510
v -0.03952346 -0.03143442 0.04439782
v -0.04044171 -0.03083217 0.03758400
v -0.04180269 -0.03117931 0.02312333
v -0.04295597 -0.03087818 0.01272475
v -0.04554310 -0.02877449 -0.00812856
v -0.04557589 -0.02904215 -0.00928916
v -0.04457384 -0.03018392 -0.00186695
v -0.04419487 -0.02959421 0.00387051
v -0.04706623 -0.02768291 -0.02437693
v -0.04698424 -0.02768291 -0.02314145
v -0.04721745 -0.02643240 -0.02314145
v -0.04686764 -0.02643240 -0.01812468
v -0.04671277 -0.02592635 -0.01468032
v -0.04795169 -0.02338769 -0.02606166
v -0.04817213 -0.02267670 -0.02937498
v -0.04669273 -0.02709321 -0.01742270
v -0.04672007 -0.02722286 -0.01812468
v -0.04676561 -0.02745288 -0.01938823
v -0.04689679 -0.02768291 -0.02187790
v -0.04811384 -0.02267670 -0.02813015
v -0.04826870 -0.02142620 -0.02937498
v -0.04846365 -0.01767887 -0.03188337
v -0.04844178 -0.01767887 -0.03063854
v -0.04833065 -0.02017570 -0.02937498
v -0.04838166 -0.01892519 -0.02937498
v -0.04840534 -0.01767887 -0.02937498
v -0.04844178 -0.01642836 -0.03188337
v -0.04836709 -0.01517786 -0.03188337
v -0.04826323 -0.01392735 -0.03188337
v -0.04814845 -0.01267266 -0.03188337
v -0.04808468 -0.01206205 -0.03245431
v -0.03616383 -0.01206205 0.04939588
v -0.02985268 -0.03869070 0.05062199
v -0.02985268 -0.03848577 0.05006042
v -0.03810601 -0.03378487 0.04762691
v -0.03820257 -0.03278949 0.04947076
v -0.03814609 -0.03399817 0.04686877
v -0.03836289 -0.03393544 0.04565202
v -0.03532393 -0.03812191 0.05065008
v -0.03565734 -0.03749456 0.05065008
v -0.03668672 -0.03581746 0.05003234
v -0.03810054 -0.03244235 0.05063136
v -0.03551523 -0.03722690 0.05142692
v -0.03066162 -0.04362162 0.05163284
v -0.03154889 -0.04194034 0.05240033
v -0.03273497 -0.04055182 0.05229737
v -0.03392468 -0.03893745 0.05226929
v -0.03414514 -0.03824738 0.05250328
v -0.03443300 -0.03893745 0.05165156
v -0.02985268 -0.04419460 0.05200722
v -0.04305982 -0.03119603 0.01061883
v -0.04308897 -0.03150134 0.00929912
v -0.04417848 -0.03205759 -0.00374825
v -0.04419306 -0.03083636 0.00010793
v -0.03930483 -0.03111239 0.04689685
v -0.03936131 -0.03148461 0.04556778
v -0.03961820 -0.03018392 0.04689685
v -0.03976760 -0.03018392 0.04565202
v -0.04044171 -0.02958585 0.04133722
v -0.04047815 -0.02970714 0.04063524
v -0.04071864 -0.03018392 0.03689138
v -0.04084800 -0.03018392 0.03563718
v -0.04174803 -0.02976569 0.02813074
v -0.04336954 -0.03018392 0.01061883
v -0.04295779 -0.02964022 0.01651541
v -0.04578906 -0.02768291 -0.00812856
v -0.04467404 -0.02893341 0.00064143
v -0.04548480 -0.02853191 -0.00686501
v -0.04567792 -0.02768291 -0.00686501
v -0.04428962 -0.02992462 0.00188627
v -0.04294321 -0.02834789 0.02010016
v -0.04455562 -0.02893341 0.00188627
v -0.04673464 -0.02491005 -0.01311726
v -0.04677837 -0.02526973 -0.01430594
v -0.04687493 -0.02519445 -0.01539166
v -0.04698971 -0.02517772 -0.01687048
v -0.04594939 -0.02643240 -0.00686501
v -0.04593481 -0.02517772 -0.00437534
v -0.04794987 -0.02224175 -0.02479811
v -0.04797537 -0.02266416 -0.02563112
v -0.04804825 -0.02267670 -0.02688532
v -0.04725571 -0.02392721 -0.01812468
v -0.04669820 -0.02216646 -0.00857783
v -0.04722656 -0.02142620 -0.01437145
v -0.04819582 -0.02142620 -0.02813015
v -0.04841081 -0.01642836 -0.03063854
v -0.04825595 -0.02017570 -0.02813015
v -0.04831243 -0.01892519 -0.02813015
v -0.04834704 -0.01767887 -0.02813015
v -0.04831789 -0.01642836 -0.02813015
v -0.04836890 -0.01642836 -0.02937498
v -0.04833065 -0.01517786 -0.03063854
v -0.04819764 -0.01392735 -0.02937498
v -0.04823226 -0.01392735 -0.03063854
v -0.04807193 -0.01206205 -0.03188337
v -0.04805189 -0.01267266 -0.02813015
v -0.04798812 -0.01206205 -0.02840158
v -0.03632781 -0.01206205 0.05065008
v -0.02985268 -0.03965263 0.05190427
v -0.03922649 -0.03092000 0.04777666
v -0.03685252 -0.03514830 0.05052840
v -0.03799851 -0.03218723 0.05135205
v -0.03845581 -0.03143442 0.05063136
v -0.03927568 -0.02984515 0.04939588
v -0.03540409 -0.03575891 0.05250328
v -0.03569924 -0.03643644 0.05169835
v -0.03032274 -0.04321594 0.05245649
v -0.03190053 -0.04110806 0.05263432
v -0.03304470 -0.03971954 0.05258752
v -0.03330159 -0.03893745 0.05266240
v -0.03432551 -0.03741510 0.05258752
v -0.03458058 -0.03643644 0.05267176
v -0.02985268 -0.04409004 0.05209146
v -0.03937771 -0.03025083 0.04816977
v -0.04043989 -0.02708066 0.04754267
v -0.04048179 -0.02725213 0.04689685
v -0.04055832 -0.02753653 0.04565202
v -0.04047451 -0.02844827 0.04414511
v -0.04084071 -0.02893341 0.03938105
v -0.04170430 -0.02838553 0.03272634
v -0.04420216 -0.02713085 0.01017892
v -0.04555039 -0.02774564 -0.00563890
v -0.04546476 -0.02719776 -0.00340194
v -0.04168062 -0.02705557 0.03627364
v -0.04670002 -0.02466748 -0.01232169
v -0.04671460 -0.02449182 -0.01220937
v -0.04571801 -0.02643240 -0.00437534
v -0.04547204 -0.02599744 -0.00083739
v -0.04596943 -0.02449182 -0.00367337
v -0.04555768 -0.02529900 -0.00050044
v -0.04546294 -0.02472185 0.00156804
v -0.04794258 -0.02093687 -0.02364687
v -0.04796808 -0.02138438 -0.02437693
v -0.04730308 -0.02017570 -0.01437145
v -0.04671642 -0.02133001 -0.00814728
v -0.04681299 -0.02142620 -0.00936404
v -0.04599494 -0.02392721 -0.00312115
v -0.04593117 -0.02267670 -0.00061276
v -0.04604049 -0.02142620 -0.00061276
v -0.04829056 -0.01517786 -0.02937498
v -0.04823591 -0.01892519 -0.02688532
v -0.04827235 -0.01767887 -0.02688532
v -0.04824866 -0.01642836 -0.02688532
v -0.04824319 -0.01517786 -0.02813015
v -0.04817943 -0.01517786 -0.02688532
v -0.04810837 -0.01392735 -0.02688532
v -0.04816120 -0.01392735 -0.02813015
v -0.04799724 -0.01258065 -0.02682916
v -0.04795351 -0.01206205 -0.02716610
v -0.03641161 -0.01206205 0.05105254
v -0.02985268 -0.04017541 0.05229737
v -0.03655554 -0.01206205 0.05152052
v -0.03756854 -0.03143442 0.05216634
v -0.03813698 -0.03143442 0.05153924
v -0.03921009 -0.02841481 0.05131461
v -0.03908438 -0.02924709 0.05091215
v -0.03920098 -0.02961513 0.05009785
v -0.03555531 -0.03492664 0.05259689
v -0.03694362 -0.03143442 0.05269984
v -0.03677782 -0.03228761 0.05258752
v -0.02985268 -0.04400639 0.05213826
v -0.02985268 -0.04278098 0.05268112
v -0.03071445 -0.04238366 0.05262496
v -0.03110070 -0.04148865 0.05268112
v -0.03605816 -0.03143442 0.05281216
v -0.04073322 -0.02517772 0.04814168
v -0.04086804 -0.02449182 0.04815105
v -0.04090448 -0.02517772 0.04689685
v -0.04065488 -0.02643240 0.04689685
v -0.04080974 -0.02643240 0.04565202
v -0.04045811 -0.02465911 0.05013529
v -0.04052916 -0.02511916 0.04931165
v -0.04065852 -0.02449182 0.04935844
v -0.04077512 -0.02392721 0.04939588
v -0.04095549 -0.02643240 0.04439782
v -0.04169337 -0.02585943 0.03887563
v -0.04079699 -0.02768291 0.04312491
v -0.04061662 -0.02780001 0.04451014
v -0.04420216 -0.02590125 0.01269667
v -0.04552124 -0.02623584 -0.00186695
v -0.04176989 -0.02645332 0.03675099
v -0.04172982 -0.02603090 0.03813622
v -0.04428233 -0.02523627 0.01311785
v -0.04419670 -0.02463402 0.01513954
v -0.04577266 -0.02392721 -0.00061276
v -0.04552671 -0.02400249 0.00194243
v -0.04793165 -0.01953162 -0.02251435
v -0.04795897 -0.02017570 -0.02337544
v -0.04709538 -0.02017570 -0.01186307
v -0.04669091 -0.01841077 -0.00618176
v -0.04713728 -0.01892519 -0.01186307
v -0.04723749 -0.01892519 -0.01311726
v -0.04794622 -0.01869516 -0.02237396
v -0.04668727 -0.02084486 -0.00746403
v -0.04547022 -0.02357172 0.00314982
v -0.04581457 -0.02267670 0.00064143
v -0.04545018 -0.02217065 0.00513407
v -0.04592571 -0.02142620 0.00064143
v -0.04598947 -0.02017570 0.00064143
v -0.04807375 -0.01892519 -0.02437693
v -0.04810837 -0.01767887 -0.02437693
v -0.04795533 -0.01664584 -0.02225228
v -0.04808651 -0.01642836 -0.02437693
v -0.04795897 -0.01517786 -0.02340352
v -0.04794075 -0.01448360 -0.02369367
v -0.04803549 -0.01392735 -0.02563112
v -0.04794622 -0.01320381 -0.02489171
v -0.04796990 -0.01295706 -0.02563112
v -0.04722109 -0.01206205 -0.01687048
v -0.02985268 -0.04101605 0.05263432
v -0.03687985 -0.01206205 0.05184811
v -0.03778899 -0.03018392 0.05240033
v -0.03790741 -0.02951057 0.05250328
v -0.03832828 -0.03018392 0.05176387
v -0.04044171 -0.02333751 0.05128653
v -0.04034515 -0.02416978 0.05097766
v -0.04041985 -0.02449600 0.05043480
v -0.04047268 -0.02449600 0.05023825
v -0.03956901 -0.02768291 0.05063136
v -0.03928479 -0.02887068 0.05055648
v -0.03930483 -0.02768291 0.05146436
v -0.03716225 -0.03018392 0.05272792
v -0.03831006 -0.02643240 0.05272792
v -0.03815519 -0.02768291 0.05267176
v -0.03803130 -0.02867829 0.05259689
v -0.02985268 -0.04264715 0.05268112
v -0.03105333 -0.04018796 0.05270920
v -0.03855966 -0.01767887 0.05276536
v -0.03855966 -0.01892519 0.05277472
v -0.03855966 -0.02142620 0.05278408
v -0.03953622 -0.01892519 0.05277472
v -0.03844853 -0.02517772 0.05275600
v -0.04097736 -0.02392721 0.04815105
v -0.04094639 -0.02449182 0.04757075
v -0.04051823 -0.02382265 0.05059392
v -0.04068585 -0.02267670 0.05065008
v -0.04095914 -0.02267670 0.04939588
v -0.04171341 -0.02476785 0.04031702
v -0.04175168 -0.02518190 0.03932489
v -0.04296872 -0.02473857 0.02784059
v -0.04345882 -0.02517772 0.02186913
v -0.04420763 -0.02449600 0.01522378
v -0.04471777 -0.02392721 0.01062819
v -0.04797901 -0.01903811 -0.02301042
v -0.04688222 -0.02017570 -0.00936404
v -0.04593299 -0.01892519 0.00188627
v -0.04352077 -0.01892519 0.02813074
v -0.04354991 -0.01767887 0.02813074
v -0.04669091 -0.01808873 -0.00618176
v -0.04725571 -0.01767887 -0.01311726
v -0.04795715 -0.01767887 -0.02222420
v -0.04802274 -0.01767887 -0.02312273
v -0.04543925 -0.02332914 0.00379564
v -0.04293957 -0.02335424 0.03007755
v -0.04295779 -0.02102470 0.03275441
v -0.04417301 -0.02076958 0.01997848
v -0.04424953 -0.02028025 0.01948242
v -0.04793165 -0.01581356 -0.02251435
v -0.04798995 -0.01630707 -0.02301042
v -0.04723385 -0.01642836 -0.01311726
v -0.04728669 -0.01517786 -0.01437145
v -0.04796262 -0.01401100 -0.02443308
v -0.04721745 -0.01392735 -0.01437145
v -0.04720470 -0.01267266 -0.01562565
v -0.04712817 -0.01206205 -0.01562565
v -0.03782907 -0.01206205 0.05255944
v -0.02985268 -0.04137155 0.05266240
v -0.03720415 -0.01206205 0.05215698
v -0.03752481 -0.01206205 0.05240033
v -0.03893498 -0.02643240 0.05230673
v -0.03878194 -0.02768291 0.05208210
v -0.03946516 -0.02643240 0.05167964
v -0.03961091 -0.02517772 0.05182003
v -0.03907527 -0.02517772 0.05244713
v -0.03995526 -0.02267670 0.05198850
v -0.04005364 -0.02142620 0.05211018
v -0.04048179 -0.02267670 0.05135205
v -0.04095914 -0.02017570 0.05065008
v -0.04082978 -0.02142620 0.05065008
v -0.03942872 -0.02142620 0.05269984
v -0.03933034 -0.02267670 0.05262496
v -0.03924653 -0.02360936 0.05256880
v -0.03950706 -0.02017570 0.05275600
v -0.03914814 -0.02449600 0.05250328
v -0.03855966 -0.01517786 0.05272792
v -0.03951617 -0.01767887 0.05275600
v -0.04014292 -0.01767887 0.05225058
v -0.04016113 -0.01892519 0.05225058
v -0.04170613 -0.02221247 0.04399536
v -0.04168791 -0.02333751 0.04257269
v -0.04105752 -0.02142620 0.04939588
v -0.04169337 -0.02095360 0.04512788
v -0.04174075 -0.02449182 0.04044805
v -0.04205776 -0.02392721 0.03813622
v -0.04197395 -0.02449182 0.03813622
v -0.04303066 -0.02401504 0.02820562
v -0.04211241 -0.02267670 0.03938105
v -0.04339869 -0.01892519 0.02937558
v -0.04296690 -0.01767887 0.03409284
v -0.04345153 -0.02017570 0.02813074
v -0.04333493 -0.02017570 0.02937558
v -0.04309443 -0.02017570 0.03188396
v -0.04354081 -0.01642836 0.02813074
v -0.04603502 -0.01642836 0.00064143
v -0.04671824 -0.01642836 -0.00710836
v -0.04672917 -0.01767468 -0.00677141
v -0.04351894 -0.01517786 0.02813074
v -0.04223449 -0.02267670 0.03813622
v -0.04297419 -0.02007114 0.03315688
v -0.04225635 -0.02142620 0.03938105
v -0.04212881 -0.02142620 0.04064460
v -0.04221080 -0.02017570 0.04064460
v -0.04691319 -0.01642836 -0.00936404
v -0.04718101 -0.01517786 -0.01311726
v -0.04701704 -0.01392735 -0.01186307
v -0.04701157 -0.01267266 -0.01311726
v -0.04710996 -0.01267266 -0.01437145
v -0.04669820 -0.01318709 -0.00860591
v -0.04668545 -0.01206205 -0.00997242
v -0.03818435 -0.01206205 0.05262496
v -0.03855966 -0.01206205 0.05267176
v -0.04013199 -0.02017570 0.05220378
v -0.04063119 -0.02017570 0.05157668
v -0.04103748 -0.01892519 0.05065008
v -0.04169155 -0.01846096 0.04634463
v -0.03944876 -0.01517786 0.05270920
v -0.04011194 -0.01642836 0.05222249
v -0.04065670 -0.01642836 0.05159540
v -0.04068585 -0.01767887 0.05162348
v -0.04068221 -0.01892519 0.05162348
v -0.04173710 -0.02139692 0.04439782
v -0.04171524 -0.02017570 0.04533379
v -0.04208144 -0.02017570 0.04188944
v -0.04293593 -0.01958599 0.03377462
v -0.04313816 -0.01892519 0.03199628
v -0.04295779 -0.01642836 0.03402733
v -0.04219076 -0.01767887 0.04188944
v -0.04217983 -0.01642836 0.04188944
v -0.04598765 -0.01517786 0.00064143
v -0.04680569 -0.01642836 -0.00810984
v -0.04223449 -0.01517786 0.04064460
v -0.04343513 -0.01392735 0.02813074
v -0.04226546 -0.01892519 0.04064460
v -0.04680387 -0.01392735 -0.00936404
v -0.04691137 -0.01267266 -0.01186307
v -0.04672189 -0.01273121 -0.00947635
v -0.04681116 -0.01267266 -0.01062759
v -0.04545018 -0.01206205 0.00376756
v -0.03896959 -0.01206205 0.05265304
v -0.03936131 -0.01267266 0.05265304
v -0.04104112 -0.01767887 0.05065008
v -0.04169337 -0.01767887 0.04635399
v -0.04205230 -0.01767887 0.04313427
v -0.04200675 -0.01892519 0.04313427
v -0.04007369 -0.01517786 0.05218506
v -0.04062572 -0.01517786 0.05155796
v -0.04099922 -0.01642836 0.05065008
v -0.04294686 -0.01892519 0.03390565
v -0.04210513 -0.01517786 0.04188944
v -0.04204136 -0.01642836 0.04313427
v -0.04197031 -0.01517786 0.04313427
v -0.04174803 -0.01390644 0.04445398
v -0.04188650 -0.01392735 0.04313427
v -0.04171524 -0.01309089 0.04407959
v -0.04339688 -0.01267266 0.02687655
v -0.04330031 -0.01206205 0.02687655
v -0.03933216 -0.01206205 0.05263432
v -0.04002995 -0.01392735 0.05213826
v -0.04168973 -0.01691769 0.04632591
v -0.04059293 -0.01392735 0.05151116
v -0.04093545 -0.01517786 0.05065008
v -0.04189378 -0.01642836 0.04439782
v -0.04172070 -0.01517786 0.04533379
v -0.04169702 -0.01431630 0.04514660
v -0.04092452 -0.01267266 0.04939588
v -0.04101197 -0.01206205 0.04815105
v -0.04170066 -0.01206205 0.04266629
v -0.04190472 -0.01206205 0.04067268
v -0.04298512 -0.01206205 0.03004011
v -0.04324019 -0.01206205 0.02748493
v -0.03965100 -0.01206205 0.05230673
v -0.04085893 -0.01392735 0.05065008
v -0.04104659 -0.01392735 0.04939588
v -0.04050730 -0.01267266 0.05138013
v -0.04070225 -0.01267266 0.05065008
v -0.04081520 -0.01206205 0.04939588
v -0.04021397 -0.01206205 0.05159540
v -0.04044353 -0.01206205 0.05128653
v -0.04059111 -0.01206205 0.05059392
v 0.00933187 -0.05690218 -0.04734337
v 0.00933187 -0.05454450 -0.04734337
v 0.00954737 -0.05684143 -0.04734337
v 0.01023224 -0.05674020 -0.04726759
v 0.00933187 -0.05707990 -0.04719181
v 0.00933187 -0.06080314 -0.01867436
v 0.03710474 -0.03979553 -0.01867436
v 0.02968920 -0.03979553 -0.04734337
v 0.01007578 -0.05668846 -0.04734337
v 0.01023224 -0.05746460 -0.04664173
v 0.01023224 -0.05664121 -0.04734337
v 0.01226325 -0.05599330 -0.04734337
v 0.01290385 -0.05578858 -0.04734337
v 0.01148096 -0.05654898 -0.04708516
v 0.00933187 -0.05766482 -0.04666979
v 0.00933187 -0.06220020 -0.01867436
v 0.03863095 -0.03979553 -0.01867436
v 0.03244641 -0.03979553 -0.04734337
v 0.01148096 -0.05726213 -0.04645929
v 0.01023224 -0.05809001 -0.04604954
v 0.00933187 -0.05821599 -0.04616741
v 0.01306031 -0.05573234 -0.04734337
v 0.01226030 -0.05713164 -0.04633581
v 0.00933187 -0.06222044 -0.01892976
v 0.00952966 -0.06216195 -0.01867436
v 0.03857191 -0.03993276 -0.01867436
v 0.03881103 -0.03979553 -0.02092522
v 0.03259106 -0.03979553 -0.04725075
v 0.03226633 -0.04227244 -0.04637791
v 0.03193570 -0.04054243 -0.04734337
v 0.01148096 -0.05788979 -0.04586150
v 0.01148096 -0.05851295 -0.04523564
v 0.01023224 -0.05866593 -0.04542368
v 0.00933187 -0.05829023 -0.04608603
v 0.01342636 -0.05558161 -0.04734337
v 0.01398135 -0.05618227 -0.04662208
v 0.01309278 -0.05697642 -0.04618426
v 0.01227506 -0.05839147 -0.04510092
v 0.00933187 -0.06231043 -0.02013938
v 0.00975106 -0.06211696 -0.01867436
v 0.03720807 -0.04220045 -0.01867436
v 0.03838298 -0.04083489 -0.02237340
v 0.03865162 -0.04008349 -0.02064176
v 0.03891730 -0.03979553 -0.02240147
v 0.03270324 -0.04132757 -0.04650981
v 0.03341763 -0.03979553 -0.04670627
v 0.03358590 -0.04019148 -0.04643123
v 0.03337631 -0.04083489 -0.04629090
v 0.03195342 -0.04310707 -0.04615619
v 0.03079326 -0.04447939 -0.04622636
v 0.03112094 -0.04364700 -0.04643684
v 0.02977481 -0.04347602 -0.04734337
v 0.03085821 -0.04202272 -0.04734337
v 0.03134825 -0.04136131 -0.04734337
v 0.03309586 -0.04166728 -0.04606918
v 0.01023224 -0.05929135 -0.04462381
v 0.00933187 -0.05936784 -0.04475572
v 0.00933187 -0.05867718 -0.04562014
v 0.01398135 -0.05532964 -0.04734337
v 0.01398135 -0.05546013 -0.04724794
v 0.01498504 -0.05598205 -0.04642562
v 0.01398135 -0.05680544 -0.04601586
v 0.01398135 -0.05741960 -0.04539280
v 0.01494962 -0.05721938 -0.04519073
v 0.01310754 -0.05822274 -0.04490165
v 0.01398135 -0.05849496 -0.04403723
v 0.01099978 -0.05962205 -0.04385481
v 0.00933187 -0.06239367 -0.02147811
v 0.01004331 -0.06218670 -0.02064176
v 0.00986324 -0.06214621 -0.01939003
v 0.01272968 -0.06125758 -0.01867436
v 0.03642577 -0.04335004 -0.01867436
v 0.03681249 -0.04286861 -0.01939003
v 0.03743832 -0.04253565 -0.02439413
v 0.03806121 -0.04159303 -0.02439413
v 0.03801397 -0.04151429 -0.02314240
v 0.03841545 -0.04088888 -0.02314240
v 0.03877265 -0.04018923 -0.02314240
v 0.03897044 -0.03979553 -0.02314240
v 0.03372760 -0.03979553 -0.04650140
v 0.03433867 -0.03979553 -0.04605234
v 0.03421174 -0.04019148 -0.04594289
v 0.03357704 -0.04234218 -0.04523564
v 0.02963016 -0.04584045 -0.04629371
v 0.03241689 -0.04367625 -0.04532264
v 0.02988698 -0.04519479 -0.04645088
v 0.02929362 -0.04405195 -0.04734337
v 0.03469292 -0.04092712 -0.04510092
v 0.01023224 -0.05972554 -0.04399794
v 0.00933187 -0.05982227 -0.04412985
v 0.01496438 -0.05486171 -0.04734337
v 0.01554888 -0.05458049 -0.04734337
v 0.01604778 -0.05433978 -0.04734337
v 0.01648468 -0.05423629 -0.04725917
v 0.01529205 -0.05522615 -0.04692799
v 0.01581752 -0.05579983 -0.04625722
v 0.01648468 -0.05625202 -0.04548822
v 0.01578505 -0.05703041 -0.04498866
v 0.01398135 -0.05804277 -0.04466310
v 0.01471050 -0.05836447 -0.04383516
v 0.01144258 -0.05983352 -0.04317562
v 0.01102044 -0.06087513 -0.04138223
v 0.00952670 -0.06076939 -0.04247398
v 0.00933187 -0.06066816 -0.04273780
v 0.01516807 -0.05857820 -0.04315598
v 0.01247580 -0.05969854 -0.04277148
v 0.00933187 -0.06247241 -0.02282245
v 0.01031490 -0.06220020 -0.02193558
v 0.01088465 -0.06208771 -0.02238183
v 0.01272968 -0.06131607 -0.01939003
v 0.01398135 -0.06111360 -0.02189348
v 0.01375994 -0.06097636 -0.01939003
v 0.01367433 -0.06094262 -0.01867436
v 0.03467520 -0.04589894 -0.01867436
v 0.03471063 -0.04593943 -0.01939003
v 0.03605972 -0.04485058 -0.02689758
v 0.03748555 -0.04260764 -0.02564585
v 0.03610695 -0.04492258 -0.02814650
v 0.03810843 -0.04166502 -0.02564585
v 0.03845973 -0.04096762 -0.02439413
v 0.03850401 -0.04103961 -0.02564585
v 0.03946933 -0.03979553 -0.03102884
v 0.03471949 -0.03979553 -0.04572398
v 0.03492908 -0.04019148 -0.04531703
v 0.03440952 -0.04176176 -0.04480623
v 0.03402575 -0.04273812 -0.04444138
v 0.03324936 -0.04317456 -0.04491008
v 0.03286560 -0.04409469 -0.04452839
v 0.03240213 -0.04519479 -0.04406250
v 0.03007887 -0.04625439 -0.04549104
v 0.02968920 -0.04715652 -0.04510653
v 0.02846410 -0.04843209 -0.04512338
v 0.02723604 -0.04967842 -0.04512899
v 0.02836373 -0.04707328 -0.04628248
v 0.02886262 -0.04633313 -0.04643123
v 0.02674896 -0.04670658 -0.04734337
v 0.02801538 -0.04544900 -0.04734337
v 0.02861760 -0.04482809 -0.04734337
v 0.02881539 -0.04460762 -0.04734337
v 0.03567890 -0.03979553 -0.04484553
v 0.03555491 -0.04019148 -0.04471923
v 0.03592983 -0.04090463 -0.04385200
v 0.00933187 -0.06044094 -0.04312791
v 0.01749428 -0.05363563 -0.04734337
v 0.01648468 -0.05501243 -0.04663611
v 0.01746771 -0.05476497 -0.04643684
v 0.01648468 -0.05564010 -0.04611409
v 0.01747952 -0.05602480 -0.04524686
v 0.01648468 -0.05687743 -0.04478659
v 0.01648468 -0.05736111 -0.04416073
v 0.01524777 -0.05770532 -0.04441331
v 0.01554298 -0.05819125 -0.04357415
v 0.01619538 -0.05844321 -0.04274061
v 0.01023224 -0.06127557 -0.04065252
v 0.01023224 -0.06096737 -0.04162640
v 0.00933187 -0.06107085 -0.04190986
v 0.01398135 -0.05976154 -0.04164324
v 0.01473707 -0.05962430 -0.04137943
v 0.01234886 -0.06089762 -0.04023435
v 0.01145439 -0.06099661 -0.04065252
v 0.00933187 -0.06090438 -0.04227752
v 0.00933187 -0.06249041 -0.02314240
v 0.01022929 -0.06235993 -0.02439413
v 0.01138354 -0.06222044 -0.02689758
v 0.01398135 -0.06129807 -0.02439413
v 0.01398135 -0.06121483 -0.02314240
v 0.01467508 -0.06085488 -0.02189348
v 0.01461013 -0.06082563 -0.02125920
v 0.01404924 -0.06099211 -0.02076244
v 0.01650535 -0.05981553 -0.01867436
v 0.03446266 -0.04616665 -0.01867436
v 0.03475786 -0.04601142 -0.02064176
v 0.03562282 -0.04547600 -0.02689758
v 0.03417631 -0.04652435 -0.01867436
v 0.03426487 -0.04663684 -0.02064176
v 0.03712836 -0.04332979 -0.02740837
v 0.03715493 -0.04337029 -0.02814650
v 0.03719921 -0.04343778 -0.02939822
v 0.03567005 -0.04554574 -0.02814650
v 0.03615123 -0.04497657 -0.02939822
v 0.03678001 -0.04406319 -0.02939822
v 0.03814977 -0.04172352 -0.02689758
v 0.03724349 -0.04350077 -0.03064714
v 0.03853944 -0.04109810 -0.02689758
v 0.03861915 -0.04124883 -0.03064714
v 0.03949000 -0.03979553 -0.03153121
v 0.03856600 -0.04115209 -0.02814650
v 0.03503831 -0.03979553 -0.04544051
v 0.03364199 -0.04367625 -0.04407653
v 0.03478443 -0.04229944 -0.04397269
v 0.03331726 -0.04450863 -0.04372571
v 0.03212759 -0.04583595 -0.04379026
v 0.03093201 -0.04714752 -0.04384639
v 0.03012905 -0.04757046 -0.04428983
v 0.02973643 -0.04844559 -0.04389972
v 0.02929953 -0.04799115 -0.04473607
v 0.02845819 -0.04965142 -0.04388007
v 0.02768476 -0.04993039 -0.04434034
v 0.02680505 -0.05058730 -0.04440489
v 0.02587515 -0.05083476 -0.04504199
v 0.02303528 -0.05180888 -0.04607761
v 0.02439027 -0.05064354 -0.04615339
v 0.02573640 -0.04946695 -0.04620390
v 0.02657774 -0.04901026 -0.04601586
v 0.02622054 -0.04863457 -0.04648175
v 0.02480946 -0.04851983 -0.04734337
v 0.02545005 -0.04792816 -0.04734337
v 0.03595639 -0.03979553 -0.04454803
v 0.03614238 -0.04019148 -0.04409337
v 0.03687743 -0.03979553 -0.04336647
v 0.03675640 -0.04018698 -0.04316159
v 0.03698371 -0.04059642 -0.04227472
v 0.03612466 -0.04118584 -0.04315598
v 0.03446561 -0.04434216 -0.04222700
v 0.03333202 -0.04578196 -0.04246556
v 0.03447742 -0.04313407 -0.04357977
v 0.01807583 -0.05334766 -0.04734337
v 0.01823525 -0.05326442 -0.04734337
v 0.01898802 -0.05372561 -0.04661927
v 0.01830019 -0.05454000 -0.04624600
v 0.01898802 -0.05434878 -0.04606638
v 0.02072678 -0.05324193 -0.04621232
v 0.01988249 -0.05472447 -0.04519915
v 0.01831495 -0.05578858 -0.04499708
v 0.01780720 -0.05648823 -0.04445542
v 0.01729945 -0.05717439 -0.04391375
v 0.01656439 -0.05802477 -0.04315598
v 0.01703081 -0.05827449 -0.04245714
v 0.01148096 -0.06130932 -0.03940361
v 0.00933187 -0.06216645 -0.03793577
v 0.00933187 -0.06143305 -0.04065252
v 0.00933187 -0.06114284 -0.04167692
v 0.01602711 -0.05964005 -0.04018102
v 0.01518578 -0.05977278 -0.04062165
v 0.01347654 -0.06086838 -0.03895736
v 0.01316658 -0.06092237 -0.03914259
v 0.01275329 -0.06098986 -0.03938676
v 0.00933187 -0.06255340 -0.02439413
v 0.01022929 -0.06256240 -0.02814650
v 0.01022929 -0.06249715 -0.02689758
v 0.01159314 -0.06222719 -0.02809037
v 0.01214517 -0.06209221 -0.02846925
v 0.01022929 -0.06262314 -0.02939822
v 0.01398135 -0.06135431 -0.02564585
v 0.01509132 -0.06101461 -0.02689758
v 0.01500276 -0.06098761 -0.02564585
v 0.01490238 -0.06095162 -0.02439413
v 0.01479316 -0.06090438 -0.02314240
v 0.01648468 -0.05998650 -0.02064176
v 0.01717841 -0.05960630 -0.01962859
v 0.01698358 -0.05961080 -0.01867436
v 0.03490546 -0.04620040 -0.02439413
v 0.03431506 -0.04669983 -0.02189348
v 0.03381616 -0.04696304 -0.01867436
v 0.03355047 -0.04728250 -0.01867436
v 0.03358295 -0.04732075 -0.01939003
v 0.03495565 -0.04624764 -0.02564585
v 0.03504717 -0.04633538 -0.02814650
v 0.03569956 -0.04560198 -0.02939822
v 0.03618961 -0.04501031 -0.03064714
v 0.03681249 -0.04412618 -0.03064714
v 0.03727891 -0.04355026 -0.03189606
v 0.03863390 -0.04128258 -0.03189606
v 0.03949000 -0.03979553 -0.03160979
v 0.03307519 -0.04529602 -0.04324579
v 0.03057186 -0.04798440 -0.04339453
v 0.03088772 -0.04834436 -0.04256099
v 0.03009953 -0.04881229 -0.04297355
v 0.02929362 -0.04928023 -0.04338331
v 0.02962720 -0.04958843 -0.04255256
v 0.02892166 -0.04984265 -0.04304371
v 0.02746040 -0.05110022 -0.04293987
v 0.02710615 -0.05081451 -0.04377342
v 0.02575116 -0.05198435 -0.04365554
v 0.02439617 -0.05315194 -0.04353486
v 0.02356369 -0.05348264 -0.04396427
v 0.02308841 -0.05311820 -0.04479782
v 0.02225298 -0.05341741 -0.04514021
v 0.02365521 -0.05228581 -0.04524406
v 0.02264266 -0.05262776 -0.04560891
v 0.02220280 -0.05213958 -0.04632739
v 0.02355779 -0.05097649 -0.04638632
v 0.02490392 -0.04980890 -0.04644246
v 0.02519027 -0.04890902 -0.04688028
v 0.02452901 -0.04875380 -0.04734337
v 0.03626931 -0.03979553 -0.04421124
v 0.03719921 -0.03979553 -0.04278270
v 0.03725234 -0.03979553 -0.04268167
v 0.03849811 -0.03980003 -0.04030171
v 0.03804645 -0.04020723 -0.04069182
v 0.03720511 -0.04093837 -0.04144117
v 0.03467225 -0.04464586 -0.04139065
v 0.03735862 -0.04139056 -0.04054307
v 0.03713131 -0.04208796 -0.04005192
v 0.03485233 -0.04486183 -0.04065252
v 0.03351800 -0.04600468 -0.04163202
v 0.03218073 -0.04838935 -0.04015296
v 0.03195342 -0.04814863 -0.04098650
v 0.03211283 -0.04706878 -0.04252731
v 0.01855112 -0.05308445 -0.04734337
v 0.01989430 -0.05347590 -0.04641159
v 0.02020426 -0.05267951 -0.04688870
v 0.02148840 -0.05237355 -0.04650420
v 0.02148840 -0.05299896 -0.04599902
v 0.02148840 -0.05364013 -0.04537316
v 0.01898802 -0.05295622 -0.04724513
v 0.02071497 -0.05448601 -0.04492972
v 0.02215557 -0.05459849 -0.04381271
v 0.01973489 -0.05588982 -0.04386603
v 0.01898802 -0.05609229 -0.04413266
v 0.01813192 -0.05694942 -0.04360783
v 0.01772749 -0.05745110 -0.04317843
v 0.01864853 -0.05723738 -0.04277429
v 0.01987954 -0.05721038 -0.04155624
v 0.01739096 -0.05846571 -0.04162359
v 0.01174074 -0.06130257 -0.03914259
v 0.00976287 -0.06211696 -0.03770283
v 0.00933187 -0.06237792 -0.03688051
v 0.01628985 -0.05975028 -0.03940361
v 0.01778063 -0.05864793 -0.04067779
v 0.01855702 -0.05842747 -0.04027925
v 0.01691568 -0.05947132 -0.03940361
v 0.01374223 -0.06096062 -0.03814907
v 0.01272968 -0.06126208 -0.03814907
v 0.00933187 -0.06260739 -0.02564585
v 0.01148096 -0.06231043 -0.02939822
v 0.01217764 -0.06210346 -0.02939822
v 0.01535700 -0.06100561 -0.02932806
v 0.01585590 -0.06082114 -0.02886498
v 0.01517988 -0.06103486 -0.02814650
v 0.01022929 -0.06264114 -0.03064714
v 0.00933187 -0.06274912 -0.02939822
v 0.00933187 -0.06277162 -0.03029351
v 0.00933187 -0.06277837 -0.03064714
v 0.01762417 -0.05979753 -0.02439413
v 0.01751200 -0.05974803 -0.02314240
v 0.01765074 -0.05935434 -0.01928338
v 0.01848322 -0.05889315 -0.01867436
v 0.03436229 -0.04676282 -0.02314240
v 0.03440952 -0.04682581 -0.02439413
v 0.03299844 -0.04790791 -0.01867436
v 0.03363904 -0.04737024 -0.02064176
v 0.03264420 -0.04830611 -0.01867436
v 0.03444495 -0.04687531 -0.02564585
v 0.03340583 -0.04836460 -0.02939822
v 0.03460731 -0.04706428 -0.03147788
v 0.03462502 -0.04707778 -0.03231424
v 0.03621322 -0.04503956 -0.03189606
v 0.03683906 -0.04417568 -0.03189606
v 0.03727300 -0.04353901 -0.03314779
v 0.03863390 -0.04128258 -0.03314779
v 0.03948409 -0.03979553 -0.03205884
v 0.03107075 -0.04852883 -0.04190425
v 0.03068994 -0.04940621 -0.04095564
v 0.02980728 -0.04975266 -0.04190425
v 0.02941170 -0.05063454 -0.04089389
v 0.02857627 -0.05102374 -0.04160676
v 0.02727442 -0.05220482 -0.04148608
v 0.02829583 -0.05076052 -0.04244030
v 0.02694084 -0.05193486 -0.04231962
v 0.02610836 -0.05226781 -0.04282200
v 0.02475337 -0.05343540 -0.04270132
v 0.02389137 -0.05387634 -0.04304371
v 0.02299100 -0.05431503 -0.04338612
v 0.02262199 -0.05386509 -0.04430667
v 0.02148840 -0.05426554 -0.04466590
v 0.01985002 -0.05229931 -0.04734337
v 0.02053785 -0.05183137 -0.04734337
v 0.02179837 -0.05090225 -0.04734337
v 0.02199320 -0.05075602 -0.04734337
v 0.02276664 -0.05016660 -0.04734337
v 0.02343085 -0.04965368 -0.04734337
v 0.02399174 -0.04919699 -0.04734337
v 0.03849516 -0.03979553 -0.04030732
v 0.03825604 -0.04063467 -0.03962813
v 0.03878151 -0.03979553 -0.03929976
v 0.03858076 -0.04020723 -0.03928854
v 0.03600363 -0.04351202 -0.04028767
v 0.03723168 -0.04223644 -0.03940361
v 0.03679773 -0.04285961 -0.03940361
v 0.03617484 -0.04374149 -0.03940361
v 0.03452465 -0.04571672 -0.03976004
v 0.03435048 -0.04548950 -0.04065252
v 0.03570252 -0.04436690 -0.03940361
v 0.03334974 -0.04705753 -0.03999298
v 0.03372465 -0.04626114 -0.04065252
v 0.03229290 -0.04850183 -0.03940361
v 0.03165231 -0.04912724 -0.03940361
v 0.03091134 -0.04961768 -0.04011928
v 0.03348553 -0.04721501 -0.03914259
v 0.03363313 -0.04737474 -0.03814907
v 0.01898802 -0.05282574 -0.04734337
v 0.02188693 -0.05569409 -0.04229436
v 0.02105445 -0.05593256 -0.04270412
v 0.02056736 -0.05566259 -0.04353767
v 0.02263675 -0.05476947 -0.04304371
v 0.01948396 -0.05698092 -0.04238979
v 0.02225889 -0.05592356 -0.04146082
v 0.02071202 -0.05697192 -0.04107351
v 0.01094664 -0.06209896 -0.03638094
v 0.01019977 -0.06218445 -0.03683841
v 0.00933187 -0.06242742 -0.03654372
v 0.01698653 -0.05950507 -0.03914259
v 0.01709576 -0.05955456 -0.03873846
v 0.01636070 -0.05977278 -0.03914259
v 0.01458651 -0.06079639 -0.03746708
v 0.02027216 -0.05737236 -0.04065533
v 0.02100427 -0.05714964 -0.04023715
v 0.01877842 -0.05854895 -0.03940361
v 0.01773340 -0.05907088 -0.03940361
v 0.01409352 -0.06107760 -0.03698996
v 0.01272968 -0.06148930 -0.03690016
v 0.01148096 -0.06231043 -0.03064714
v 0.01217469 -0.06210121 -0.03064714
v 0.01535700 -0.06100561 -0.03073414
v 0.01586770 -0.06083013 -0.03037210
v 0.01586770 -0.06083013 -0.02969572
v 0.01636365 -0.06058267 -0.02932806
v 0.01771273 -0.05987402 -0.02689758
v 0.01768912 -0.05984027 -0.02564585
v 0.01022929 -0.06260739 -0.03189606
v 0.00933187 -0.06277387 -0.03154244
v 0.01898802 -0.05871318 -0.01939003
v 0.02014522 -0.05860294 -0.02564585
v 0.02005076 -0.05856245 -0.02439413
v 0.01904115 -0.05862094 -0.01867436
v 0.03337925 -0.04833760 -0.02856748
v 0.03237556 -0.04859857 -0.01867436
v 0.03282132 -0.04899226 -0.02939822
v 0.03343239 -0.04839385 -0.03064714
v 0.03462502 -0.04707778 -0.03272119
v 0.03619846 -0.04502606 -0.03314779
v 0.03682725 -0.04416218 -0.03314779
v 0.03718150 -0.04340853 -0.03564843
v 0.03819995 -0.04185624 -0.03564843
v 0.03860733 -0.04123308 -0.03564843
v 0.03945162 -0.03979553 -0.03314779
v 0.02899251 -0.05118796 -0.04054868
v 0.02815708 -0.05189212 -0.04065252
v 0.02963016 -0.05083701 -0.04006034
v 0.02753125 -0.05243429 -0.04065252
v 0.02679324 -0.05305745 -0.04065252
v 0.02592533 -0.05337016 -0.04135697
v 0.02643308 -0.05265251 -0.04183970
v 0.02558880 -0.05310020 -0.04219333
v 0.02338362 -0.05458499 -0.04255256
v 0.03852173 -0.04038945 -0.03914259
v 0.03832689 -0.04074490 -0.03914259
v 0.03803759 -0.04117459 -0.03914259
v 0.03789294 -0.04132082 -0.03928854
v 0.03881397 -0.03979553 -0.03914259
v 0.03783390 -0.04147155 -0.03914259
v 0.03727300 -0.04228819 -0.03914259
v 0.03692762 -0.04278312 -0.03914259
v 0.03741766 -0.04248166 -0.03814907
v 0.03580879 -0.04451988 -0.03860935
v 0.03501469 -0.04525778 -0.03936712
v 0.03462797 -0.04583595 -0.03914259
v 0.03466635 -0.04587419 -0.03892368
v 0.03483462 -0.04557499 -0.03914259
v 0.03440066 -0.04611266 -0.03914259
v 0.03306929 -0.04800015 -0.03814907
v 0.03244641 -0.04865256 -0.03814907
v 0.03180877 -0.04927798 -0.03814907
v 0.03118884 -0.04988539 -0.03814907
v 0.03105895 -0.04975941 -0.03914259
v 0.03102352 -0.04972341 -0.03940361
v 0.03425601 -0.04663684 -0.03814907
v 0.03442723 -0.04684606 -0.03690016
v 0.02145003 -0.05673120 -0.04065533
v 0.02361978 -0.05475147 -0.04190425
v 0.02451425 -0.05449051 -0.04113525
v 0.02405669 -0.05502594 -0.04069182
v 0.02315631 -0.05567160 -0.04065252
v 0.02253048 -0.05609453 -0.04065252
v 0.01022929 -0.06234642 -0.03564843
v 0.00933187 -0.06254440 -0.03564843
v 0.01398135 -0.06130257 -0.03564843
v 0.01112081 -0.06214171 -0.03564843
v 0.01722860 -0.05962655 -0.03790490
v 0.01660276 -0.05984702 -0.03825292
v 0.01884337 -0.05856920 -0.03914259
v 0.01907953 -0.05863669 -0.03818275
v 0.02010980 -0.05859619 -0.03564843
v 0.02120206 -0.05725088 -0.03940361
v 0.02335705 -0.05581108 -0.04001263
v 0.02356665 -0.05595955 -0.03914259
v 0.02377919 -0.05610129 -0.03814907
v 0.02218213 -0.05710690 -0.03768319
v 0.01472526 -0.06087963 -0.03663353
v 0.01160495 -0.06222944 -0.03200832
v 0.01210384 -0.06207421 -0.03249666
v 0.01213927 -0.06208771 -0.03166312
v 0.01519464 -0.06102811 -0.03314779
v 0.01521825 -0.06103936 -0.03189606
v 0.01585590 -0.06082114 -0.03120565
v 0.01773340 -0.05993701 -0.03314779
v 0.01843008 -0.05961080 -0.03314779
v 0.01773340 -0.05992801 -0.03064714
v 0.01785443 -0.05982903 -0.02819982
v 0.02035777 -0.05857820 -0.02813527
v 0.02021017 -0.05862544 -0.02689758
v 0.01022929 -0.06254890 -0.03314779
v 0.01142487 -0.06222944 -0.03314779
v 0.00933187 -0.06276262 -0.03189606
v 0.00933187 -0.06273337 -0.03279416
v 0.01955186 -0.05835548 -0.01867436
v 0.01995924 -0.05851071 -0.02314240
v 0.02136737 -0.05806302 -0.02813527
v 0.02148840 -0.05793703 -0.02689758
v 0.02255704 -0.05735436 -0.02689758
v 0.02249505 -0.05731162 -0.02564585
v 0.02212014 -0.05707765 -0.01996257
v 0.02233859 -0.05720814 -0.02314240
v 0.03213054 -0.04958843 -0.02736347
v 0.03178220 -0.04922398 -0.01867436
v 0.03215711 -0.04961318 -0.02814650
v 0.03219548 -0.04964693 -0.02939822
v 0.03283608 -0.04902151 -0.03064714
v 0.03343239 -0.04838935 -0.03189606
v 0.03460731 -0.04705978 -0.03355193
v 0.03458369 -0.04704403 -0.03439670
v 0.03502060 -0.04636912 -0.03564843
v 0.03610695 -0.04489783 -0.03564843
v 0.03673278 -0.04403395 -0.03564843
v 0.03714902 -0.04335454 -0.03642304
v 0.03816453 -0.04175726 -0.03690016
v 0.03933649 -0.03979553 -0.03564843
v 0.03939848 -0.03979553 -0.03439670
v 0.03854829 -0.04113185 -0.03690016
v 0.02834011 -0.05204509 -0.03996492
v 0.03035341 -0.05034883 -0.03940361
v 0.03026189 -0.05050630 -0.03914259
v 0.02847886 -0.05215083 -0.03914259
v 0.02704121 -0.05325318 -0.03977969
v 0.02616740 -0.05354339 -0.04065252
v 0.03837412 -0.04082589 -0.03879178
v 0.03901472 -0.03979553 -0.03814907
v 0.03804350 -0.04156379 -0.03814907
v 0.03747375 -0.04277637 -0.03686367
v 0.03601839 -0.04477185 -0.03690016
v 0.03592392 -0.04464586 -0.03777580
v 0.03477262 -0.04601142 -0.03814907
v 0.03380140 -0.04753447 -0.03690016
v 0.03320803 -0.04816213 -0.03690016
v 0.03258220 -0.04878304 -0.03690016
v 0.03132463 -0.05002487 -0.03690016
v 0.03068699 -0.05064803 -0.03690016
v 0.03006411 -0.05125320 -0.03690016
v 0.02941170 -0.05187412 -0.03690016
v 0.03053053 -0.05051081 -0.03814907
v 0.03039178 -0.05038482 -0.03914259
v 0.03492613 -0.04622290 -0.03690016
v 0.03453941 -0.04699229 -0.03564843
v 0.02478584 -0.05469298 -0.04029890
v 0.01022929 -0.06246341 -0.03439670
v 0.00933187 -0.06257814 -0.03529200
v 0.01488762 -0.06094712 -0.03564843
v 0.01508246 -0.06100111 -0.03439670
v 0.01398135 -0.06137006 -0.03439670
v 0.01131269 -0.06219570 -0.03439670
v 0.01760351 -0.05978628 -0.03564843
v 0.01987954 -0.05847021 -0.03690016
v 0.02231793 -0.05719014 -0.03690016
v 0.02249210 -0.05728687 -0.03564843
v 0.02084191 -0.05829249 -0.03484295
v 0.02035187 -0.05860744 -0.03441635
v 0.01888765 -0.05932734 -0.03445284
v 0.01833857 -0.05954331 -0.03490469
v 0.02397993 -0.05554336 -0.03951868
v 0.02500429 -0.05485946 -0.03940361
v 0.02439912 -0.05565135 -0.03814907
v 0.02454673 -0.05575258 -0.03713310
v 0.02407735 -0.05614178 -0.03678789
v 0.02294376 -0.05684369 -0.03690016
v 0.01582047 -0.06077614 -0.03314779
v 0.01584409 -0.06080764 -0.03189606
v 0.01840647 -0.05959731 -0.03407114
v 0.01841827 -0.05960405 -0.03189606
v 0.01905592 -0.05930035 -0.03314779
v 0.02088323 -0.05833523 -0.02939822
v 0.02087143 -0.05832623 -0.02854503
v 0.00933187 -0.06271537 -0.03314779
v 0.00933187 -0.06266588 -0.03404308
v 0.01961681 -0.05832623 -0.01873610
v 0.02144412 -0.05733411 -0.01867436
v 0.02157992 -0.05732962 -0.01948265
v 0.02150907 -0.05800902 -0.02939822
v 0.02259247 -0.05737911 -0.02814650
v 0.02470023 -0.05588757 -0.02564585
v 0.02296443 -0.05681894 -0.02314240
v 0.02465005 -0.05585382 -0.02468320
v 0.02173933 -0.05715639 -0.01867436
v 0.02287882 -0.05676720 -0.02189348
v 0.02279616 -0.05671320 -0.02064176
v 0.02362569 -0.05599555 -0.01867436
v 0.02319764 -0.05626326 -0.01867436
v 0.03118293 -0.04990339 -0.01939003
v 0.03061909 -0.05057830 -0.02064176
v 0.03066337 -0.05062779 -0.02189348
v 0.03070765 -0.05067053 -0.02314240
v 0.03115341 -0.04986964 -0.01867436
v 0.03087887 -0.05083701 -0.02856467
v 0.03220729 -0.04966267 -0.03064714
v 0.03090249 -0.05085501 -0.02939822
v 0.03154013 -0.05028808 -0.03064714
v 0.03340583 -0.04836010 -0.03314779
v 0.03281542 -0.04901476 -0.03189606
v 0.03337925 -0.04833535 -0.03403746
v 0.03334974 -0.04831061 -0.03487102
v 0.03555197 -0.04539951 -0.03690016
v 0.03843907 -0.04093612 -0.03814907
v 0.03920660 -0.03979553 -0.03690016
v 0.02846410 -0.05216433 -0.03914259
v 0.02860579 -0.05229031 -0.03814907
v 0.02712977 -0.05333417 -0.03914259
v 0.02591057 -0.05461199 -0.03770564
v 0.02579840 -0.05449951 -0.03853919
v 0.03330545 -0.04826336 -0.03564843
v 0.03268553 -0.04888428 -0.03564843
v 0.03079916 -0.05075827 -0.03564843
v 0.02954455 -0.05200010 -0.03564843
v 0.02878587 -0.05244104 -0.03690016
v 0.00933187 -0.06264114 -0.03439670
v 0.01784853 -0.05982003 -0.03445284
v 0.02311794 -0.05689768 -0.03564843
v 0.02261609 -0.05735436 -0.03439670
v 0.02023674 -0.05869518 -0.03314779
v 0.02089209 -0.05833973 -0.03400940
v 0.02532016 -0.05496069 -0.03813224
v 0.02600208 -0.05467948 -0.03690016
v 0.02461167 -0.05582457 -0.03629955
v 0.02324192 -0.05696067 -0.03439670
v 0.02089799 -0.05834423 -0.03064714
v 0.02090685 -0.05834648 -0.03189606
v 0.02152383 -0.05800902 -0.03064714
v 0.02267513 -0.05738361 -0.03314779
v 0.02261313 -0.05738361 -0.02939822
v 0.02329506 -0.05699442 -0.03314779
v 0.02473271 -0.05591231 -0.02689758
v 0.02535854 -0.05544213 -0.02689758
v 0.02532607 -0.05541288 -0.02564585
v 0.02602275 -0.05469973 -0.02314240
v 0.02393270 -0.05619352 -0.02314240
v 0.02595781 -0.05465024 -0.02189348
v 0.02590172 -0.05460524 -0.02090838
v 0.02514304 -0.05494719 -0.01867436
v 0.02425152 -0.05557261 -0.01867436
v 0.02375853 -0.05608779 -0.02064176
v 0.02384414 -0.05614178 -0.02189348
v 0.03088772 -0.05013736 -0.01867436
v 0.03052462 -0.05049730 -0.01867436
v 0.02993717 -0.05111822 -0.01939003
v 0.02999326 -0.05116771 -0.02064176
v 0.03004049 -0.05121046 -0.02189348
v 0.03008182 -0.05125320 -0.02314240
v 0.02944417 -0.05191236 -0.02439413
v 0.02949141 -0.05194161 -0.02564585
v 0.02959768 -0.05205185 -0.02939822
v 0.03091134 -0.05086625 -0.03189606
v 0.03089954 -0.05085501 -0.03314779
v 0.03218663 -0.04964243 -0.03189606
v 0.02961244 -0.05206759 -0.03064714
v 0.03024123 -0.05148942 -0.03064714
v 0.03091134 -0.05087075 -0.03064714
v 0.03215416 -0.04961318 -0.03314779
v 0.03087887 -0.05083701 -0.03402905
v 0.03085230 -0.05080776 -0.03486259
v 0.02715634 -0.05335891 -0.03894614
v 0.02726261 -0.05344215 -0.03814907
v 0.02742793 -0.05356814 -0.03690016
v 0.02662792 -0.05419355 -0.03690016
v 0.02960064 -0.05205409 -0.03439670
v 0.02892166 -0.05253778 -0.03564843
v 0.02805081 -0.05306870 -0.03690016
v 0.02090390 -0.05834423 -0.03314779
v 0.02152973 -0.05800902 -0.03314779
v 0.02755487 -0.05366487 -0.03564843
v 0.02674010 -0.05429029 -0.03564843
v 0.02611722 -0.05476272 -0.03564843
v 0.02465595 -0.05585832 -0.03564843
v 0.02472680 -0.05591231 -0.03439670
v 0.02153268 -0.05800902 -0.03189606
v 0.02475927 -0.05594156 -0.03314779
v 0.02476518 -0.05594156 -0.03189606
v 0.02474451 -0.05592131 -0.02814650
v 0.02617330 -0.05481447 -0.02689758
v 0.02537035 -0.05545112 -0.02814650
v 0.02681685 -0.05434878 -0.02814650
v 0.02612902 -0.05478972 -0.02564585
v 0.02607589 -0.05474697 -0.02439413
v 0.02664858 -0.05419355 -0.02314240
v 0.02725376 -0.05343315 -0.01939003
v 0.02721833 -0.05340616 -0.01867436
v 0.02585449 -0.05455800 -0.02007764
v 0.02989584 -0.05108447 -0.01867436
v 0.02884196 -0.05202485 -0.01867436
v 0.02923753 -0.05173689 -0.01939003
v 0.02929067 -0.05178638 -0.02064176
v 0.02934381 -0.05183363 -0.02189348
v 0.02881834 -0.05246579 -0.02439413
v 0.02886262 -0.05250853 -0.02564585
v 0.02824564 -0.05319919 -0.02814650
v 0.02826926 -0.05321718 -0.02939822
v 0.02960949 -0.05206309 -0.03314779
v 0.02763162 -0.05372787 -0.03189606
v 0.02761981 -0.05371886 -0.03314779
v 0.02760800 -0.05370762 -0.03439670
v 0.02818070 -0.05316094 -0.03564843
v 0.02679619 -0.05433078 -0.03439670
v 0.02619102 -0.05483021 -0.03314779
v 0.02682866 -0.05435328 -0.03189606
v 0.02764343 -0.05373236 -0.03064714
v 0.02683456 -0.05435552 -0.03064714
v 0.02620873 -0.05483471 -0.03064714
v 0.02682866 -0.05435552 -0.02939822
v 0.02761981 -0.05372337 -0.02814650
v 0.02679619 -0.05431953 -0.02689758
v 0.02764343 -0.05373236 -0.02939822
v 0.02756667 -0.05369412 -0.02689758
v 0.02670172 -0.05423629 -0.02439413
v 0.02741021 -0.05356814 -0.02314240
v 0.02730689 -0.05348040 -0.02064176
v 0.02787959 -0.05291123 -0.01939003
v 0.02784121 -0.05288423 -0.01867436
v 0.02857627 -0.05225657 -0.01867436
v 0.02861170 -0.05228581 -0.01939003
v 0.02871797 -0.05237805 -0.02189348
v 0.02803900 -0.05304846 -0.02314240
v 0.02813937 -0.05313620 -0.02564585
v 0.02819251 -0.05316994 -0.02689758
v 0.02826926 -0.05321268 -0.03064714
v 0.02681685 -0.05434428 -0.03314779
v -0.00890361 -0.05681201 0.04933373
v -0.00980749 -0.05681201 0.04813016
v -0.00927000 -0.05709753 0.04769005
v -0.00890361 -0.05712998 0.04790562
v -0.00890361 -0.05681201 -0.00480879
v -0.01068002 -0.05681201 0.04690863
v -0.01039336 -0.05705146 0.04625296
v -0.01063164 -0.05712673 0.04541765
v -0.00954144 -0.05715074 0.04690863
v -0.00978689 -0.05742523 0.04440270
v -0.00890361 -0.05746027 0.04528292
v -0.00890361 -0.05994948 -0.04242472
v -0.01805528 -0.05746936 -0.04242472
v -0.00904694 -0.05681201 -0.00502435
v -0.01137607 -0.05681201 0.04573201
v -0.00990066 -0.05723316 0.04575896
v -0.01166363 -0.05707677 0.04377397
v -0.01104462 -0.05716307 0.04427695
v -0.00890361 -0.05761017 0.04403444
v -0.00890361 -0.05756929 0.04440270
v -0.00978689 -0.05756280 0.04315422
v -0.00890361 -0.06141796 -0.04242472
v -0.01805528 -0.05681201 0.00755920
v -0.01062896 -0.05681201 -0.00529381
v -0.01031184 -0.05681201 -0.00532973
v -0.00935242 -0.05681201 -0.00515010
v -0.00907919 -0.05681201 -0.00506926
v -0.01805528 -0.05910071 -0.04242472
v -0.01214199 -0.05681201 0.04425899
v -0.01298048 -0.05709624 0.04019920
v -0.01313008 -0.05714166 0.03939982
v -0.01228891 -0.05750764 0.03815134
v -0.01103835 -0.05754723 0.04064829
v -0.01103835 -0.05741615 0.04189677
v -0.01103835 -0.05728377 0.04315422
v -0.00921177 -0.05833760 0.03639988
v -0.00890361 -0.05835187 0.03659748
v -0.00912936 -0.06139395 -0.04242472
v -0.00890361 -0.06150103 -0.04222712
v -0.01805528 -0.05681201 0.02287324
v -0.01776951 -0.05921752 -0.04242472
v -0.01805528 -0.05930382 -0.04196664
v -0.01348482 -0.05681201 0.04063033
v -0.01390227 -0.05681201 0.03939982
v -0.01473449 -0.05681201 0.03687592
v -0.01420954 -0.05709104 0.03643581
v -0.01334149 -0.05721109 0.03815134
v -0.01055013 -0.05835771 0.03287900
v -0.01479003 -0.06125833 -0.01187749
v -0.01353857 -0.06142835 -0.01062902
v -0.01175948 -0.06209672 -0.01470677
v -0.01113688 -0.06218043 -0.01432953
v -0.01079916 -0.06214085 -0.01312597
v -0.00978689 -0.06240690 -0.01438342
v -0.00929867 -0.06210126 -0.00973981
v -0.00890361 -0.06212332 -0.00952425
v -0.00978689 -0.06129337 -0.04242472
v -0.00890361 -0.06221092 -0.04040381
v -0.01805528 -0.05700669 0.02143614
v -0.01730458 -0.05681201 0.02695997
v -0.01742014 -0.05935508 -0.04242472
v -0.01751779 -0.05943036 -0.04217323
v -0.01805528 -0.05953937 -0.04141875
v -0.01608448 -0.05681201 0.03194489
v -0.01362278 -0.05724289 0.03686694
v -0.01549414 -0.05710403 0.03157664
v -0.01565180 -0.06088780 -0.01062902
v -0.01353857 -0.05737851 0.03564541
v -0.01581394 -0.06094167 -0.01187749
v -0.01729115 -0.06126417 -0.02563767
v -0.01417818 -0.06208310 -0.02367963
v -0.01337464 -0.06219730 -0.02188326
v -0.01297241 -0.06209413 -0.01850609
v -0.00919475 -0.06333744 -0.02615861
v -0.00978689 -0.06249904 -0.01563190
v -0.00890361 -0.06260870 -0.01563190
v -0.00890361 -0.06251462 -0.01438342
v -0.00890361 -0.06244324 -0.01349422
v -0.01103835 -0.06110064 -0.04242472
v -0.00978689 -0.06213955 -0.04019722
v -0.00890361 -0.06253603 -0.03939784
v -0.00978689 -0.06241014 -0.03939784
v -0.01805528 -0.05708326 0.02063676
v -0.01792718 -0.05708066 0.02131039
v -0.01673753 -0.05710597 0.02659171
v -0.01695701 -0.05953418 -0.04242472
v -0.01717738 -0.05970355 -0.04181395
v -0.01797734 -0.05960297 -0.04133792
v -0.01805528 -0.05958674 -0.04130199
v -0.01805528 -0.06013118 -0.01139247
v -0.01729115 -0.06032909 -0.01062902
v -0.01805528 -0.06091960 -0.02438919
v -0.01805528 -0.06099033 -0.02563767
v -0.01729115 -0.06132582 -0.02688614
v -0.01457145 -0.06218951 -0.02814360
v -0.01446126 -0.06215966 -0.02688614
v -0.01353857 -0.06252629 -0.02939207
v -0.01353857 -0.06240495 -0.02688614
v -0.01362636 -0.06220184 -0.02321257
v -0.01228891 -0.06251397 -0.02314072
v -0.01353857 -0.06228166 -0.02438919
v -0.01228891 -0.06258015 -0.02438919
v -0.01228891 -0.06244129 -0.02188326
v -0.00928075 -0.06335495 -0.02688614
v -0.00890361 -0.06339518 -0.02688614
v -0.00890361 -0.06335041 -0.02596999
v -0.01161077 -0.06098709 -0.04242472
v -0.01103835 -0.06129272 -0.04190377
v -0.01042381 -0.06208180 -0.04003555
v -0.00890361 -0.06277742 -0.03814936
v -0.00978689 -0.06270669 -0.03814936
v -0.01103835 -0.06250164 -0.03814936
v -0.01091920 -0.06219146 -0.03935293
v -0.01676530 -0.05960362 -0.04242472
v -0.01555416 -0.06086120 -0.04011639
v -0.01729115 -0.06009679 -0.04064631
v -0.01805528 -0.05962114 -0.04121217
v -0.01805528 -0.06104679 -0.02688614
v -0.01805528 -0.06107145 -0.02782924
v -0.01729115 -0.06135178 -0.02814360
v -0.01463863 -0.06221936 -0.02939207
v -0.01353857 -0.06256848 -0.03064055
v -0.01228891 -0.06263726 -0.02563767
v -0.00937213 -0.06336793 -0.02814360
v -0.00890361 -0.06342633 -0.02814360
v -0.01194849 -0.06091246 -0.04242472
v -0.01363532 -0.06109416 -0.04075410
v -0.01226203 -0.06101629 -0.04191276
v -0.00890361 -0.06336598 -0.03405365
v -0.01103835 -0.06270994 -0.03690089
v -0.01226741 -0.06222001 -0.03813140
v -0.01183652 -0.06212203 -0.03890384
v -0.01228891 -0.06249774 -0.03690089
v -0.01656374 -0.05966332 -0.04242472
v -0.01638816 -0.06071325 -0.03972119
v -0.01328326 -0.06091506 -0.04150857
v -0.01479003 -0.06124860 -0.03939784
v -0.01599938 -0.06095464 -0.03934395
v -0.01805528 -0.05984566 -0.04058344
v -0.01805528 -0.06107793 -0.02814360
v -0.01805528 -0.06108378 -0.02906873
v -0.01805528 -0.06108507 -0.02939207
v -0.01729115 -0.06135502 -0.02939207
v -0.01464132 -0.06223234 -0.03064055
v -0.00936317 -0.06336339 -0.03188902
v -0.00937929 -0.06336468 -0.03064055
v -0.00938825 -0.06336663 -0.02939207
v -0.01353857 -0.06255809 -0.03188902
v -0.00890361 -0.06344061 -0.03064055
v -0.00890361 -0.06343672 -0.02939207
v -0.00890361 -0.06339518 -0.03353270
v -0.00918490 -0.06333418 -0.03383809
v -0.01228891 -0.06265868 -0.03564343
v -0.01309693 -0.06212398 -0.03770027
v -0.01353857 -0.06235888 -0.03564343
v -0.01352334 -0.06219860 -0.03680209
v -0.01673484 -0.06085341 -0.03888588
v -0.01805528 -0.05997479 -0.04016130
v -0.01805528 -0.06108702 -0.03031720
v -0.01805528 -0.06108896 -0.03155670
v -0.01729115 -0.06135567 -0.03064055
v -0.01729115 -0.06135502 -0.03188902
v -0.01729115 -0.06134788 -0.03314648
v -0.01461803 -0.06222261 -0.03188902
v -0.00890361 -0.06343736 -0.03188902
v -0.00927448 -0.06334976 -0.03314648
v -0.00890361 -0.06341206 -0.03314648
v -0.01455711 -0.06219860 -0.03314648
v -0.01353857 -0.06250358 -0.03314648
v -0.01228891 -0.06270864 -0.03439496
v -0.01353857 -0.06243934 -0.03439496
v -0.01430270 -0.06212138 -0.03564343
v -0.01419072 -0.06208828 -0.03632605
v -0.01445589 -0.06216615 -0.03439496
v -0.01729115 -0.06130441 -0.03439496
v -0.01604059 -0.06119668 -0.03814936
v -0.01690863 -0.06091376 -0.03814936
v -0.01795226 -0.06084238 -0.03635300
v -0.01805528 -0.06020191 -0.03937988
v -0.01805528 -0.06108896 -0.03188902
v -0.01805528 -0.06108378 -0.03314648
v -0.01729115 -0.06117203 -0.03564343
v -0.01805528 -0.06103965 -0.03439496
v -0.01805528 -0.06091571 -0.03558954
v -0.01805528 -0.06088391 -0.03582307
v -0.01805528 -0.06080993 -0.03625420
v -0.01805528 -0.06077554 -0.03645180
v -0.01805528 -0.06090987 -0.03564343
v -0.01528376 0.02429325 -0.04280610
v -0.01528376 0.02266547 -0.04280610
v -0.01528376 0.02300633 -0.04506641
v -0.01543961 0.02298778 -0.04504244
v -0.01593091 0.02320343 -0.04439400
v -0.01574601 0.02414021 -0.04280610
v -0.01528376 0.01675723 -0.04850148
v -0.04053580 0.00060464 -0.04280610
v -0.01528376 0.02286952 -0.04521862
v -0.01729389 0.02198839 -0.04531675
v -0.01809424 0.02180984 -0.04513276
v -0.01627430 0.02282547 -0.04480268
v -0.01528376 0.02178665 -0.04634097
v -0.01547659 0.02175187 -0.04630473
v -0.01587544 0.02228983 -0.04559441
v -0.01904779 0.02042785 -0.04623057
v -0.01691617 0.02308981 -0.04396859
v -0.01636939 0.02391297 -0.04280610
v -0.01528376 0.01908760 -0.04850148
v -0.03381865 0.00060464 -0.04850148
v -0.04226593 0.00060464 -0.04280610
v -0.01979532 0.02026322 -0.04604993
v -0.02064322 0.02058785 -0.04519185
v -0.01892629 0.02160811 -0.04484896
v -0.01528376 0.02152695 -0.04657347
v -0.01729389 0.02077103 -0.04655005
v -0.01821310 0.02059248 -0.04638725
v -0.01630864 0.02158724 -0.04614527
v -0.01729389 0.02139710 -0.04594177
v -0.01888403 0.01909919 -0.04743154
v -0.01979532 0.01963715 -0.04662588
v -0.02077001 0.01940991 -0.04642572
v -0.01854856 0.01985511 -0.04690912
v -0.01947306 0.02187245 -0.04401542
v -0.01830027 0.02315705 -0.04281947
v -0.01734672 0.02354661 -0.04280610
v -0.01528376 0.02038148 -0.04757372
v -0.01537357 0.01906209 -0.04850148
v -0.03656045 0.00060464 -0.04850148
v -0.04207839 0.00102433 -0.04280610
v -0.04216820 0.00060464 -0.04298563
v -0.02160205 0.01918963 -0.04624619
v -0.02112396 0.01988990 -0.04571874
v -0.02313672 0.01933571 -0.04516621
v -0.02147791 0.02037220 -0.04487628
v -0.02199034 0.02063886 -0.04404274
v -0.02083340 0.02192810 -0.04285850
v -0.01528376 0.02054611 -0.04744938
v -0.01604185 0.02031655 -0.04738805
v -0.01729389 0.02006149 -0.04717562
v -0.01804934 0.01928006 -0.04757985
v -0.01799387 0.01812994 -0.04850148
v -0.01868328 0.01778445 -0.04850148
v -0.01979532 0.01823197 -0.04772816
v -0.01979532 0.01885804 -0.04725145
v -0.02543212 0.01547958 -0.04753803
v -0.02084661 0.02195361 -0.04280610
v -0.01830555 0.02316169 -0.04280610
v -0.01604185 0.01886732 -0.04850148
v -0.01535244 0.02045568 -0.04750458
v -0.03693553 0.00060464 -0.04824334
v -0.03653404 0.00065797 -0.04850148
v -0.04180897 0.00160171 -0.04280610
v -0.04191726 0.00101042 -0.04311331
v -0.04210744 0.00060464 -0.04309713
v -0.02397141 0.01785401 -0.04617148
v -0.02229675 0.01898557 -0.04604268
v -0.02355407 0.01860993 -0.04566856
v -0.02479818 0.01823197 -0.04529389
v -0.02396877 0.01911079 -0.04486569
v -0.02330842 0.02068755 -0.04286743
v -0.02236279 0.02094726 -0.04323318
v -0.02233373 0.02122551 -0.04280610
v -0.01729389 0.01943542 -0.04770474
v -0.01749199 0.01833863 -0.04850148
v -0.02225713 0.01581349 -0.04850148
v -0.02282239 0.01548422 -0.04850148
v -0.02371519 0.01492540 -0.04850148
v -0.02377859 0.01488366 -0.04850148
v -0.02440989 0.01446396 -0.04850148
v -0.02495402 0.01407672 -0.04850148
v -0.02577287 0.01349239 -0.04850148
v -0.02599475 0.01332776 -0.04850148
v -0.02678982 0.01430628 -0.04758821
v -0.02762187 0.01396774 -0.04736129
v -0.02827165 0.01448483 -0.04652775
v -0.02687698 0.01562567 -0.04642572
v -0.02586796 0.01596884 -0.04678645
v -0.02546910 0.01675723 -0.04631309
v -0.01725427 0.01843139 -0.04850148
v -0.01734408 0.01854037 -0.04838942
v -0.03729213 0.00060464 -0.04799690
v -0.03688535 0.00234372 -0.04768244
v -0.03595293 0.00226256 -0.04833199
v -0.03629367 0.00111940 -0.04850148
v -0.04172180 0.00178489 -0.04280610
v -0.04151576 0.00137215 -0.04350192
v -0.04174557 0.00060464 -0.04372661
v -0.02479818 0.01759663 -0.04591890
v -0.02547967 0.01801633 -0.04507533
v -0.02482724 0.01886732 -0.04443191
v -0.02443102 0.01938208 -0.04403159
v -0.02332427 0.02071538 -0.04280610
v -0.02731546 0.01225880 -0.04850148
v -0.02724414 0.01357123 -0.04779172
v -0.02811053 0.01313530 -0.04762613
v -0.02894258 0.01275502 -0.04740757
v -0.02860712 0.01365007 -0.04696766
v -0.02910106 0.01416484 -0.04622556
v -0.02771167 0.01531959 -0.04612074
v -0.03784683 0.00060464 -0.04760215
v -0.03775438 0.00135592 -0.04740757
v -0.03671366 0.00301848 -0.04755811
v -0.03558576 0.00244574 -0.04850148
v -0.03577859 0.00209329 -0.04850148
v -0.04161086 0.00200518 -0.04280610
v -0.04127540 0.00230893 -0.04311331
v -0.04047504 0.00304167 -0.04383924
v -0.04162407 0.00060464 -0.04390168
v -0.02815279 0.01688244 -0.04399480
v -0.02898484 0.01659260 -0.04356771
v -0.02671850 0.01800705 -0.04382809
v -0.02595777 0.01820646 -0.04430981
v -0.02526571 0.01912238 -0.04361120
v -0.02867579 0.01494395 -0.04575610
v -0.02686378 0.01686853 -0.04518015
v -0.02907729 0.01540075 -0.04495490
v -0.02956331 0.01575784 -0.04412080
v -0.03039800 0.01544944 -0.04374836
v -0.02393708 0.02036525 -0.04280610
v -0.02482724 0.01963715 -0.04317910
v -0.02791242 0.01173476 -0.04850148
v -0.02856749 0.01111101 -0.04850148
v -0.02936257 0.01192258 -0.04764118
v -0.03019726 0.01148665 -0.04739697
v -0.02988029 0.01243503 -0.04698494
v -0.02956331 0.01333240 -0.04657347
v -0.03039800 0.01294284 -0.04625566
v -0.02998594 0.01377065 -0.04582356
v -0.03040857 0.01420658 -0.04501623
v -0.02957388 0.01456599 -0.04539202
v -0.03804493 0.00060464 -0.04745607
v -0.03854681 0.00107071 -0.04690689
v -0.03751136 0.00234372 -0.04721688
v -0.03831172 0.00234372 -0.04659131
v -0.03806871 0.00319935 -0.04640342
v -0.03726043 0.00352629 -0.04687343
v -0.03669252 0.00549030 -0.04629302
v -0.03643102 0.00385092 -0.04734345
v -0.03559897 0.00446772 -0.04765679
v -0.03602953 0.00349847 -0.04780064
v -0.03538238 0.00278892 -0.04850148
v -0.04055693 0.00400628 -0.04280610
v -0.04065995 0.00351238 -0.04308821
v -0.04013166 0.00234372 -0.04468504
v -0.04065202 0.00234372 -0.04406003
v -0.04043014 0.00422656 -0.04280610
v -0.04021354 0.00387643 -0.04345955
v -0.03980941 0.00485031 -0.04316293
v -0.03911735 0.00537668 -0.04370096
v -0.03937886 0.00454424 -0.04402323
v -0.03793664 0.00548102 -0.04504020
v -0.03903019 0.00397382 -0.04485733
v -0.03928905 0.00314138 -0.04515394
v -0.04114597 0.00060464 -0.04447540
v -0.04034033 0.00152751 -0.04492925
v -0.02931238 0.01682911 -0.04280610
v -0.02856221 0.01714447 -0.04315289
v -0.02756904 0.01805111 -0.04280610
v -0.02701962 0.01821574 -0.04315624
v -0.02624304 0.01896239 -0.04280610
v -0.02605814 0.01885572 -0.04317910
v -0.02563551 0.01936121 -0.04280610
v -0.02824524 0.01571842 -0.04528720
v -0.03165268 0.01419962 -0.04375282
v -0.03324282 0.01328602 -0.04291705
v -0.03265378 0.01395151 -0.04280610
v -0.03202512 0.01454512 -0.04280610
v -0.03072290 0.01573929 -0.04280610
v -0.02999915 0.01630971 -0.04280610
v -0.02941803 0.01675027 -0.04280610
v -0.03295491 0.01175099 -0.04505860
v -0.03421487 0.01051508 -0.04507087
v -0.02484837 0.01983424 -0.04280610
v -0.02919351 0.01047103 -0.04850148
v -0.03059611 0.01065189 -0.04763059
v -0.03142816 0.01021364 -0.04738471
v -0.03235266 0.00990061 -0.04696152
v -0.03112176 0.01117130 -0.04697379
v -0.03081271 0.01211272 -0.04656288
v -0.03164476 0.01169302 -0.04625399
v -0.03862077 0.00060464 -0.04701784
v -0.03920716 0.00060464 -0.04655730
v -0.03931546 0.00078550 -0.04640565
v -0.03913584 0.00162026 -0.04623615
v -0.03893774 0.00234372 -0.04602595
v -0.03780720 0.00403410 -0.04616646
v -0.03640989 0.00632274 -0.04603822
v -0.03557520 0.00691634 -0.04639505
v -0.03601632 0.00598188 -0.04654894
v -0.03418053 0.00672388 -0.04753469
v -0.03478806 0.00364919 -0.04850148
v -0.03950564 0.00234372 -0.04540094
v -0.04026109 0.00450018 -0.04280610
v -0.03940791 0.00580797 -0.04286687
v -0.03802380 0.00685142 -0.04389500
v -0.03820078 0.00597724 -0.04434995
v -0.03813474 0.00484336 -0.04526378
v -0.03766985 0.00631346 -0.04472909
v -0.03683780 0.00693489 -0.04520468
v -0.03854945 0.00358658 -0.04565964
v -0.04054108 0.00069507 -0.04515004
v -0.04055957 0.00060464 -0.04517067
v -0.02780148 0.01788879 -0.04280610
v -0.02713320 0.01835255 -0.04280610
v -0.03414883 0.01169534 -0.04374557
v -0.03390846 0.01269705 -0.04280610
v -0.03328244 0.01332544 -0.04280610
v -0.03445259 0.01079566 -0.04440738
v -0.03287830 0.01042233 -0.04623894
v -0.03362847 0.00994235 -0.04598860
v -0.03409864 0.00912846 -0.04621441
v -0.03527144 0.00774878 -0.04613468
v -0.03568878 0.00831225 -0.04530114
v -0.03536917 0.00914701 -0.04495992
v -0.03688271 0.00821022 -0.04402100
v -0.03652875 0.00904498 -0.04357161
v -0.03680610 0.00936961 -0.04280610
v -0.02972444 0.00987278 -0.04850148
v -0.03182437 0.00937888 -0.04761442
v -0.03265906 0.00890354 -0.04737244
v -0.03326395 0.00958989 -0.04653835
v -0.03204361 0.01085826 -0.04655061
v -0.03935244 0.00060464 -0.04643798
v -0.03995733 0.00060464 -0.04581074
v -0.04049882 0.00060464 -0.04523591
v -0.03443674 0.00829601 -0.04649374
v -0.03472466 0.00723633 -0.04686117
v -0.03384243 0.00755632 -0.04732784
v -0.03300773 0.00807109 -0.04757873
v -0.03320848 0.00575232 -0.04850148
v -0.03943168 0.00582420 -0.04280610
v -0.03808456 0.00778357 -0.04280610
v -0.03823512 0.00729894 -0.04309547
v -0.03771740 0.00768618 -0.04347237
v -0.03727628 0.00731053 -0.04437504
v -0.03652347 0.00776733 -0.04485510
v -0.03444203 0.01203388 -0.04291147
v -0.03448165 0.01206866 -0.04280610
v -0.03727363 0.00855572 -0.04310494
v -0.03691440 0.00923976 -0.04280610
v -0.03086025 0.00857195 -0.04850148
v -0.03226549 0.00853021 -0.04776942
v -0.03355451 0.00859977 -0.04693309
v -0.03196173 0.00726880 -0.04850148
v -0.03794192 0.00798762 -0.04280610
v -0.03773853 0.00824036 -0.04280610
v 0.04375977 -0.01639099 -0.02817520
v 0.03965216 0.00075145 -0.02817520
v 0.04486517 -0.01639099 -0.02817520
v 0.04338068 -0.01639099 -0.02628804
v 0.04107561 0.00075145 -0.02817520
v 0.03951517 0.00075145 -0.02682829
v 0.04484821 -0.01516940 -0.02817520
v 0.04484686 -0.01516940 -0.02813820
v 0.04486313 -0.01639099 -0.02813820
v 0.03793709 -0.01639099 0.03685401
v 0.04107561 0.00075145 -0.02813820
v 0.04214100 -0.00199711 -0.02817520
v 0.03949754 0.00075145 -0.02662107
v 0.04476616 -0.01391930 -0.02817520
v 0.04477430 -0.01516940 -0.02688750
v 0.04476480 -0.01391930 -0.02813820
v 0.04465766 -0.01425825 -0.02563679
v 0.04463392 -0.01447975 -0.02491153
v 0.04478922 -0.01639099 -0.02688750
v 0.03793709 -0.01639099 0.04742949
v 0.03793709 0.00075145 -0.00715745
v 0.03800355 0.00075145 -0.00812693
v 0.04107087 0.00075145 -0.02801239
v 0.04214033 -0.00199879 -0.02813820
v 0.04237090 -0.00266328 -0.02817520
v 0.04237022 -0.00266328 -0.02813820
v 0.04466037 -0.01306184 -0.02817520
v 0.04465969 -0.01306687 -0.02813820
v 0.04469766 -0.01516940 -0.02563679
v 0.04471394 -0.01639099 -0.02563679
v 0.04463867 -0.01321286 -0.02730193
v 0.04469021 -0.01385553 -0.02688750
v 0.04388523 -0.01141740 -0.01938327
v 0.04379978 -0.01141740 -0.01813256
v 0.04464206 -0.01516940 -0.02478572
v 0.04394423 -0.01266919 -0.01813256
v 0.04389337 -0.01391930 -0.01563116
v 0.04399577 -0.01516940 -0.01563116
v 0.04394287 -0.01639099 -0.01438045
v 0.03842401 -0.01639099 0.04541653
v 0.03793709 -0.01516940 0.04735548
v 0.03793709 0.00075145 0.00671870
v 0.04212541 -0.00203571 -0.02750915
v 0.04101458 0.00075145 -0.02685789
v 0.04349665 -0.00660322 -0.02813820
v 0.04349665 -0.00660154 -0.02817520
v 0.04228613 -0.00257938 -0.02701330
v 0.04262996 -0.00391339 -0.02563679
v 0.04268556 -0.00391339 -0.02688750
v 0.04401679 -0.00891550 -0.02817520
v 0.04401612 -0.00891550 -0.02813820
v 0.04396322 -0.00891550 -0.02688750
v 0.04465155 -0.01639099 -0.02463031
v 0.04393880 -0.01016729 -0.02313538
v 0.04370891 -0.01016729 -0.01938327
v 0.04363160 -0.01016729 -0.01813256
v 0.04354819 -0.01016729 -0.01688186
v 0.04371094 -0.01141740 -0.01688186
v 0.04403036 -0.01639099 -0.01563116
v 0.04385064 -0.01266919 -0.01688186
v 0.04361736 -0.01141740 -0.01563116
v 0.04351835 -0.01141740 -0.01438045
v 0.04379232 -0.01391930 -0.01438045
v 0.04338475 -0.01446464 -0.00864497
v 0.04389947 -0.01516940 -0.01438045
v 0.04384522 -0.01639099 -0.01315935
v 0.03854743 -0.01639099 0.04440264
v 0.03841044 -0.01516940 0.04532772
v 0.03793709 -0.01392769 0.04674124
v 0.03838671 -0.01444451 0.04515010
v 0.03793709 0.00049639 0.00813222
v 0.03826736 0.00075145 0.00423210
v 0.04228681 -0.00282269 -0.02563679
v 0.04129873 -0.00016138 -0.02563679
v 0.04121871 -0.00016138 -0.02438609
v 0.04097118 -0.00056746 -0.01813256
v 0.04136858 -0.00141149 -0.01938327
v 0.04128788 -0.00141149 -0.01813256
v 0.04099627 0.00075145 -0.02656187
v 0.04346816 -0.00670558 -0.02688750
v 0.04378350 -0.00766707 -0.02813820
v 0.04378418 -0.00766707 -0.02817520
v 0.04343493 -0.00682472 -0.02563679
v 0.04255807 -0.00391339 -0.02438609
v 0.04401137 -0.00888530 -0.02817520
v 0.04371433 -0.00766707 -0.02688750
v 0.04389066 -0.00891550 -0.02563679
v 0.04338814 -0.00948770 -0.01608999
v 0.04345188 -0.01011359 -0.01565336
v 0.04341323 -0.01053142 -0.01438045
v 0.04338407 -0.01073949 -0.01366259
v 0.04342408 -0.01143754 -0.01319635
v 0.04358888 -0.01391930 -0.01187904
v 0.04340713 -0.01301150 -0.01087256
v 0.04339560 -0.01186710 -0.01227128
v 0.04264013 -0.01391930 -0.00062271
v 0.04273507 -0.01516940 -0.00062271
v 0.04340374 -0.01516940 -0.00842296
v 0.04358752 -0.01516940 -0.01062834
v 0.04379572 -0.01516940 -0.01312975
v 0.04374281 -0.01639099 -0.01190865
v 0.03869392 -0.01639099 0.04312233
v 0.03851149 -0.01516940 0.04440264
v 0.03793709 -0.01291585 0.04564594
v 0.03841791 -0.01296619 0.04315194
v 0.03837925 -0.01324977 0.04383279
v 0.03793709 -0.01175132 0.04438044
v 0.03863898 -0.01516940 0.04315194
v 0.03889329 -0.01516940 0.04065053
v 0.03892042 -0.01391930 0.03939983
v 0.03879293 -0.01391930 0.04065053
v 0.03866475 -0.01391930 0.04190123
v 0.03878547 -0.01266919 0.03939983
v 0.03865187 -0.01266919 0.04065053
v 0.03793709 0.00023295 0.00942733
v 0.03840299 0.00052827 0.00405448
v 0.03838874 0.00075145 0.00312941
v 0.04224544 -0.00293847 -0.02438609
v 0.04240820 -0.00391339 -0.02188468
v 0.04248483 -0.00391339 -0.02313538
v 0.04096779 0.00067762 -0.02563679
v 0.04092574 0.00057861 -0.02438609
v 0.04028081 0.00075145 -0.01688186
v 0.04018722 0.00075145 -0.01564596
v 0.04092100 -0.00067821 -0.01688186
v 0.04118548 -0.00141149 -0.01688186
v 0.04228342 -0.00406776 -0.01938327
v 0.04229630 -0.00382110 -0.02067098
v 0.04213490 -0.00325897 -0.02111501
v 0.04216135 -0.00318346 -0.02188468
v 0.04220339 -0.00305929 -0.02313538
v 0.04092100 0.00075145 -0.02546657
v 0.04268760 -0.00516518 -0.02063397
v 0.04261233 -0.00516518 -0.01938327
v 0.04340306 -0.00693882 -0.02462291
v 0.04363770 -0.00766707 -0.02563679
v 0.04341594 -0.00936353 -0.01688186
v 0.04264352 -0.00641528 -0.01563116
v 0.04254925 -0.00641528 -0.01438045
v 0.04245364 -0.00641528 -0.01312975
v 0.04264284 -0.00766707 -0.01187904
v 0.04253840 -0.00766707 -0.01062834
v 0.04256689 -0.00891550 -0.00812693
v 0.04214711 -0.01068243 0.00025057
v 0.04338136 -0.00826779 -0.01993832
v 0.04265776 -0.01141740 -0.00437482
v 0.04259673 -0.01266919 -0.00187341
v 0.04248618 -0.01266919 -0.00062271
v 0.04212676 -0.01203323 0.00252255
v 0.03962571 -0.01328165 0.03128875
v 0.03963385 -0.01445961 0.03262826
v 0.04266115 -0.01639099 0.00059839
v 0.04341730 -0.01639099 -0.00807513
v 0.03965284 -0.01516940 0.03282808
v 0.04086877 -0.01582718 0.02000281
v 0.04212812 -0.01574831 0.00628947
v 0.04213897 -0.01639099 0.00640788
v 0.04243736 -0.01639099 0.00309980
v 0.04254993 -0.01639099 0.00184910
v 0.04353123 -0.01639099 -0.00940724
v 0.03882752 -0.01639099 0.04187163
v 0.03848979 -0.01255844 0.04200484
v 0.03841723 -0.01175803 0.04166441
v 0.03834670 -0.01206846 0.04249328
v 0.03793709 -0.01076801 0.04315194
v 0.03895162 -0.01639099 0.04065053
v 0.03891161 -0.01266919 0.03814912
v 0.03861186 -0.01141740 0.03939983
v 0.03873868 -0.01141740 0.03814912
v 0.03793709 -0.00217330 0.01942556
v 0.03850675 0.00075145 0.00201191
v 0.03840774 -0.00070170 0.00908690
v 0.03845792 -0.00058088 0.00813222
v 0.03852437 -0.00042651 0.00688152
v 0.03859084 -0.00027716 0.00563081
v 0.03861796 -0.00005231 0.00443191
v 0.03963656 -0.00075875 -0.00237665
v 0.04084368 0.00075145 -0.02438609
v 0.03984679 0.00075145 -0.01173103
v 0.03975388 0.00075145 -0.01068754
v 0.04088708 -0.00075707 -0.01612700
v 0.04089116 -0.00199376 -0.01106498
v 0.04128856 -0.00266328 -0.01312975
v 0.04222984 -0.00422214 -0.01813256
v 0.04216677 -0.00566186 -0.01187904
v 0.04213558 -0.00575751 -0.01113158
v 0.04352038 -0.00754626 -0.02427508
v 0.04340577 -0.00815872 -0.02063397
v 0.04344917 -0.00796575 -0.02188468
v 0.04235598 -0.00641528 -0.01187904
v 0.04224408 -0.00635152 -0.01068014
v 0.04221153 -0.00668041 -0.00937764
v 0.04216338 -0.00687673 -0.00834155
v 0.04242651 -0.00766707 -0.00937764
v 0.03963114 -0.00950951 0.02508703
v 0.04117530 -0.01141740 0.01187693
v 0.04220610 -0.01136370 0.00065020
v 0.03967318 -0.01639099 0.03305009
v 0.04093184 -0.01631548 0.01950697
v 0.04129534 -0.01639099 0.01559944
v 0.03846809 -0.01137209 0.04065793
v 0.03839621 -0.01066733 0.04024349
v 0.03793709 -0.00923600 0.04065053
v 0.03863830 -0.01016729 0.03689842
v 0.03849589 -0.01008171 0.03820093
v 0.03844096 -0.01043577 0.03939983
v 0.03793709 -0.00345026 0.02437657
v 0.03840163 -0.00321366 0.01908513
v 0.03964945 0.00051988 -0.00848216
v 0.03889126 0.00075145 -0.00188821
v 0.03978643 -0.00161117 -0.00062271
v 0.03981085 -0.00133263 -0.00192522
v 0.03995326 -0.00141149 -0.00312412
v 0.04006787 -0.00141149 -0.00437482
v 0.03967115 -0.00067821 -0.00312412
v 0.03969217 0.00061385 -0.00937764
v 0.04002243 -0.00016138 -0.00937764
v 0.04088573 -0.00325729 -0.00612877
v 0.04104713 -0.00257435 -0.01064314
v 0.04118209 -0.00266328 -0.01187904
v 0.04127296 -0.00391339 -0.00812693
v 0.04116581 -0.00391339 -0.00687623
v 0.04103696 -0.00383452 -0.00567733
v 0.04101255 -0.00411307 -0.00437482
v 0.04133738 -0.00516518 -0.00437482
v 0.03845520 -0.00673914 0.03064490
v 0.04131839 -0.00641528 -0.00062271
v 0.03840774 -0.00691197 0.03162917
v 0.04212201 -0.00704286 -0.00750528
v 0.04089929 -0.00694889 0.00526818
v 0.03868375 -0.00766707 0.03064490
v 0.03885735 -0.00891550 0.03189560
v 0.03840231 -0.00942058 0.03781609
v 0.04092981 -0.01639099 0.01954397
v 0.03793709 -0.00807818 0.03816392
v 0.03839078 -0.00448726 0.02394734
v 0.03793709 -0.00479937 0.02931278
v 0.03843011 -0.00437316 0.02314067
v 0.04005227 -0.00266328 0.00062800
v 0.04095219 -0.00429262 -0.00312412
v 0.04090608 -0.00443692 -0.00217684
v 0.03837315 -0.00578939 0.02876514
v 0.03793709 -0.00569207 0.03193260
v 0.03793709 -0.00703279 0.03562551
v 0.03838603 -0.00823759 0.03514447
v 0.03848233 -0.00782648 0.03314631
v 0.03852912 -0.00755465 0.03198441
v 0.03873800 -0.00891550 0.03314631
v 0.03844842 -0.00922929 0.03689842
v 0.03848979 -0.00886516 0.03559591
v 0.03861796 -0.00891550 0.03439701
v 0.02969063 -0.03979553 -0.04734617
v 0.03244993 -0.03979553 -0.04734617
v 0.03752830 -0.03979553 -0.03780597
v 0.04366322 -0.01639099 -0.03780597
v 0.03685526 -0.01639099 -0.04734617
v 0.03256484 -0.03962600 -0.04734617
v 0.03259618 -0.03979553 -0.04725185
v 0.03906837 -0.03979553 -0.03780597
v 0.04493319 -0.01639099 -0.03780597
v 0.03931461 -0.01639099 -0.04734617
v 0.03342143 -0.03979553 -0.04670835
v 0.03387211 -0.03764202 -0.04734617
v 0.03901614 -0.03979553 -0.03815243
v 0.03974439 -0.03854695 -0.03780597
v 0.04488394 -0.01639099 -0.03815523
v 0.04493468 -0.01640015 -0.03780597
v 0.03933699 -0.01639099 -0.04733029
v 0.03931610 -0.01642306 -0.04734617
v 0.03373034 -0.03979553 -0.04650384
v 0.03456753 -0.03644842 -0.04734617
v 0.03585988 -0.03703720 -0.04626944
v 0.03501970 -0.03768555 -0.04655707
v 0.03878483 -0.03979553 -0.03930013
v 0.03964292 -0.03834993 -0.03885748
v 0.03971156 -0.03848509 -0.03815243
v 0.04090840 -0.03587797 -0.03888643
v 0.04096660 -0.03600856 -0.03815243
v 0.04098600 -0.03606583 -0.03780597
v 0.04488693 -0.01642306 -0.03815243
v 0.04487946 -0.01639099 -0.03817670
v 0.04493617 -0.01642306 -0.03780597
v 0.04015030 -0.01639099 -0.04672049
v 0.04087856 -0.01823751 -0.04628719
v 0.03932654 -0.01763728 -0.04734617
v 0.04088601 -0.01892480 -0.04629185
v 0.03448546 -0.03935337 -0.04617792
v 0.03434219 -0.03979553 -0.04605559
v 0.03474810 -0.03851946 -0.04637403
v 0.03479884 -0.03598336 -0.04734617
v 0.03536443 -0.03654694 -0.04677372
v 0.03730445 -0.03643468 -0.04520859
v 0.03713134 -0.03707386 -0.04504050
v 0.03647919 -0.03756871 -0.04538415
v 0.03605090 -0.03860652 -0.04520672
v 0.03504358 -0.03979553 -0.04544112
v 0.03472273 -0.03979553 -0.04572501
v 0.03605985 -0.03620329 -0.04641512
v 0.03966977 -0.03216202 -0.04507692
v 0.03840876 -0.03462710 -0.04506758
v 0.03849681 -0.03979553 -0.04030775
v 0.03984736 -0.03770617 -0.03932627
v 0.03974141 -0.03730066 -0.04037685
v 0.03995779 -0.03652861 -0.04073825
v 0.04094421 -0.03473020 -0.04021250
v 0.04105913 -0.03516319 -0.03934402
v 0.04219926 -0.03227428 -0.03905733
v 0.04130237 -0.03518381 -0.03815243
v 0.04122776 -0.03546789 -0.03780597
v 0.04468248 -0.01642306 -0.03900223
v 0.04468248 -0.01639099 -0.03900036
v 0.04492871 -0.01676900 -0.03780597
v 0.04488842 -0.01801986 -0.03780597
v 0.04484066 -0.01767393 -0.03815243
v 0.04392140 -0.01892480 -0.04190556
v 0.04016970 -0.01639099 -0.04670555
v 0.04215598 -0.01790303 -0.04506291
v 0.04219777 -0.01892480 -0.04510400
v 0.04151130 -0.01892480 -0.04572968
v 0.04078006 -0.01639099 -0.04620688
v 0.04079499 -0.01639099 -0.04619380
v 0.04212166 -0.01706911 -0.04502929
v 0.03933550 -0.01889043 -0.04734617
v 0.04221119 -0.02017567 -0.04511894
v 0.04088452 -0.01971289 -0.04629092
v 0.03935340 -0.01892480 -0.04733403
v 0.03512865 -0.03529377 -0.04734617
v 0.03818790 -0.03546102 -0.04483505
v 0.03799390 -0.03652861 -0.04441295
v 0.03744025 -0.03756871 -0.04438587
v 0.03688511 -0.03790777 -0.04478836
v 0.03579571 -0.03944043 -0.04495832
v 0.03568379 -0.03979553 -0.04484532
v 0.03523758 -0.03530523 -0.04726773
v 0.03521222 -0.03511508 -0.04734617
v 0.03628967 -0.03518381 -0.04658042
v 0.04089199 -0.03085617 -0.04381062
v 0.03987273 -0.03262021 -0.04438867
v 0.03833564 -0.03700513 -0.04373124
v 0.03853412 -0.03617122 -0.04400112
v 0.03725520 -0.03361449 -0.04637777
v 0.03844607 -0.03098217 -0.04633575
v 0.03923700 -0.03018033 -0.04600703
v 0.03978468 -0.03143120 -0.04519458
v 0.04086960 -0.02829257 -0.04502836
v 0.04223358 -0.02643001 -0.04391521
v 0.04212763 -0.02706232 -0.04378447
v 0.03725669 -0.03979553 -0.04268159
v 0.03724177 -0.03976117 -0.04275070
v 0.03854158 -0.03860423 -0.04159833
v 0.03957278 -0.03700742 -0.04121078
v 0.04095466 -0.03350682 -0.04146199
v 0.04110539 -0.03392607 -0.04063927
v 0.04210673 -0.03078973 -0.04126215
v 0.03977872 -0.03617351 -0.04161234
v 0.04223209 -0.03111505 -0.04042822
v 0.04236491 -0.03149306 -0.03944581
v 0.04264098 -0.03143120 -0.03815243
v 0.04228581 -0.03250109 -0.03815243
v 0.04229029 -0.03257440 -0.03780597
v 0.04390349 -0.01767393 -0.04190556
v 0.04380051 -0.01639099 -0.04190837
v 0.04380499 -0.01642306 -0.04190556
v 0.04480336 -0.02017567 -0.03780597
v 0.04475113 -0.02017567 -0.03806464
v 0.04475710 -0.01898894 -0.03826636
v 0.04387066 -0.02017567 -0.04190556
v 0.04358264 -0.02017567 -0.04315506
v 0.04340057 -0.01941049 -0.04381622
v 0.04356026 -0.01896604 -0.04322136
v 0.04207241 -0.01639099 -0.04500595
v 0.04208883 -0.01642306 -0.04499287
v 0.03933550 -0.01892480 -0.04734617
v 0.04283648 -0.02017567 -0.04444097
v 0.04217389 -0.02114017 -0.04508252
v 0.04137997 -0.02014818 -0.04583614
v 0.04085617 -0.02054681 -0.04625731
v 0.04036221 -0.02014818 -0.04661684
v 0.03928177 -0.02017567 -0.04734617
v 0.03928625 -0.02010694 -0.04734617
v 0.03726565 -0.03855154 -0.04395443
v 0.03627326 -0.03979553 -0.04421404
v 0.03596136 -0.03979553 -0.04454929
v 0.03631355 -0.03264083 -0.04734617
v 0.03745667 -0.03268207 -0.04652252
v 0.04206793 -0.02947242 -0.04246027
v 0.04106957 -0.03133498 -0.04311117
v 0.04073231 -0.03169008 -0.04349871
v 0.04222314 -0.02863851 -0.04271241
v 0.03971902 -0.03352973 -0.04395910
v 0.03856397 -0.03738772 -0.04289731
v 0.03701195 -0.03938545 -0.04358463
v 0.03975633 -0.03487682 -0.04278432
v 0.03861172 -0.03018033 -0.04644314
v 0.03681795 -0.03143120 -0.04734617
v 0.03995332 -0.03018033 -0.04538229
v 0.03944742 -0.02892946 -0.04614617
v 0.04096809 -0.02746095 -0.04511614
v 0.04239624 -0.02517915 -0.04410665
v 0.04256338 -0.02643001 -0.04315506
v 0.03720297 -0.03979553 -0.04278339
v 0.03688212 -0.03979553 -0.04336797
v 0.04111434 -0.03265229 -0.04188969
v 0.04159337 -0.03143120 -0.04190556
v 0.04197541 -0.03029717 -0.04198774
v 0.04224403 -0.02995582 -0.04162635
v 0.04239475 -0.03029717 -0.04076907
v 0.04093974 -0.03221471 -0.04266478
v 0.04338565 -0.02834526 -0.03881546
v 0.04266486 -0.03143120 -0.03780597
v 0.04255145 -0.03178859 -0.03780597
v 0.04344236 -0.02859727 -0.03815243
v 0.04346176 -0.02871640 -0.03780597
v 0.04345281 -0.01639099 -0.04267506
v 0.04355578 -0.01767393 -0.04289731
v 0.04472426 -0.02142654 -0.03780597
v 0.04470934 -0.02142654 -0.03788721
v 0.04338267 -0.02084921 -0.04379101
v 0.04340057 -0.02017567 -0.04381528
v 0.04208734 -0.01639099 -0.04499007
v 0.04248429 -0.01639099 -0.04436439
v 0.04309465 -0.01639099 -0.04332875
v 0.04344684 -0.01639099 -0.04268813
v 0.04079947 -0.02142654 -0.04620501
v 0.04210823 -0.02197408 -0.04501715
v 0.04068754 -0.02267741 -0.04612190
v 0.04017418 -0.02142654 -0.04664952
v 0.03915492 -0.02124097 -0.04734617
v 0.04238281 -0.02900506 -0.04198774
v 0.03720446 -0.03037048 -0.04734617
v 0.03882214 -0.02892946 -0.04658042
v 0.03956233 -0.02804057 -0.04622275
v 0.03965187 -0.02720665 -0.04630587
v 0.04204405 -0.02267741 -0.04495552
v 0.04192169 -0.02392828 -0.04484813
v 0.04179484 -0.02517915 -0.04473233
v 0.04249921 -0.02392828 -0.04422245
v 0.04342445 -0.02484008 -0.04145638
v 0.04269172 -0.02768088 -0.04190556
v 0.04337670 -0.02706003 -0.04003226
v 0.04344684 -0.02755946 -0.03930106
v 0.04367964 -0.02643001 -0.03940379
v 0.04392140 -0.02643001 -0.03815243
v 0.04365278 -0.02768088 -0.03815243
v 0.04361248 -0.02806119 -0.03780597
v 0.04469143 -0.02182975 -0.03780597
v 0.04377962 -0.02392828 -0.04065420
v 0.03993541 -0.02392828 -0.04652065
v 0.04006226 -0.02267741 -0.04658788
v 0.03912956 -0.02142654 -0.04734617
v 0.03906539 -0.02392828 -0.04714633
v 0.03877737 -0.02392828 -0.04734617
v 0.04344535 -0.02643001 -0.04028254
v 0.03737310 -0.02985731 -0.04734617
v 0.03787153 -0.02892946 -0.04720609
v 0.03774916 -0.02859498 -0.04734617
v 0.03800733 -0.02758466 -0.04734617
v 0.03908628 -0.02764652 -0.04661403
v 0.03861769 -0.02486070 -0.04734617
v 0.04356026 -0.02522725 -0.04073078
v 0.04391095 -0.02517915 -0.03940379
v 0.04394975 -0.02643001 -0.03780597
v 0.04389155 -0.02677595 -0.03780597
v 0.04369755 -0.02768088 -0.03780597
v 0.04459891 -0.02251704 -0.03780597
v 0.04463323 -0.02227878 -0.03780597
v 0.03765664 -0.02892946 -0.04734617
v -0.02364714 0.00912814 0.03899755
v -0.02364714 0.00912980 0.03815056
v -0.01105724 0.01586714 0.02936021
v -0.01105724 0.01586714 0.03939815
v -0.02364714 0.00913311 0.04023942
v -0.02364838 0.01366554 -0.00138886
v -0.02364714 0.00913974 0.03689725
v -0.01105724 0.01587543 0.02814123
v -0.01105724 0.01588205 0.04061712
v -0.02364714 0.00920931 0.04690658
v -0.02364714 0.02022729 0.00563312
v -0.02364714 0.02074248 0.00053975
v -0.02364714 0.02135376 -0.00566386
v -0.02364714 0.01983467 -0.00566386
v -0.02364714 0.01366554 -0.00138886
v -0.02364714 0.01316028 -0.00062199
v -0.02364714 0.01181347 0.00563312
v -0.02364714 0.01157823 0.00688071
v -0.02364714 0.01141092 0.00803101
v -0.02364714 0.01036395 0.01524185
v -0.02364714 0.01031260 0.01563673
v -0.02364714 0.01018007 0.01672408
v -0.02364714 0.01004258 0.01813190
v -0.02364714 0.00994318 0.01939094
v -0.02364714 0.00985372 0.02064425
v -0.02364714 0.00968144 0.02316805
v -0.02364714 0.00960524 0.02438702
v -0.02364714 0.00931533 0.02939454
v -0.02364714 0.00924410 0.03064214
v -0.02364714 0.00919937 0.03189545
v -0.02364714 0.00918281 0.03314876
v -0.02364714 0.00925901 0.04758760
v -0.02364714 0.00930042 0.04815417
v -0.02364714 0.00949093 0.04940748
v -0.02364714 0.00952406 0.04960778
v -0.02364714 0.00969138 0.05059784
v -0.02364714 0.01005252 0.05151922
v -0.02364714 0.01014363 0.05165657
v -0.02364714 0.01068202 0.05222314
v -0.02364714 0.01073834 0.05228037
v -0.02364714 0.01127176 0.05262946
v -0.02364714 0.01136619 0.05265235
v -0.02364714 0.01223259 0.05278971
v -0.02364714 0.01235517 0.05278971
v -0.02364714 0.01347834 0.05268670
v -0.02364714 0.01354295 0.05267525
v -0.02364714 0.01410784 0.05240055
v -0.02364714 0.01439112 0.05206290
v -0.02364714 0.01463961 0.05173097
v -0.02364714 0.01518794 0.05072946
v -0.02364714 0.01521445 0.05066079
v -0.02364714 0.01553582 0.04940748
v -0.02364714 0.01574456 0.04798248
v -0.02364714 0.01636080 0.04318098
v -0.02364714 0.01636412 0.04315237
v -0.02364714 0.01648671 0.04205357
v -0.02364714 0.01650327 0.04190477
v -0.02364714 0.01703504 0.03685147
v -0.02364714 0.01767117 0.03066503
v -0.01105724 0.01615042 0.01939094
v -0.01105724 0.01593175 0.04312375
v -0.01105724 0.01613054 0.04940748
v -0.01105724 0.01621171 0.05063790
v -0.01105724 0.01621337 0.05066079
v -0.01105724 0.01596157 0.04440568
v -0.01105724 0.01599801 0.04563037
v -0.02297667 0.01926149 0.01911052
v -0.02363482 0.02074911 0.00055120
v -0.02296434 0.01800414 0.03154062
v -0.02331437 0.02154096 -0.00566386
v -0.01105724 0.02475971 -0.00566386
v -0.02279673 0.01412607 -0.00132018
v -0.01105724 0.01777388 0.00813402
v -0.01105724 0.01742268 0.00938734
v -0.01105724 0.01624816 0.01812046
v -0.01105724 0.01649499 0.05151922
v -0.01105724 0.01650162 0.05153639
v -0.01105724 0.01725039 0.05216018
v -0.01105724 0.01786499 0.05259513
v -0.01105724 0.01787493 0.05260085
v -0.02354608 0.01235020 0.05280115
v -0.02229510 0.01360093 0.05276681
v -0.02229510 0.01455015 0.05265235
v -0.02305801 0.01431658 0.05258368
v -0.02229510 0.01517469 0.05220597
v -0.02156300 0.01539998 0.05249211
v -0.02293353 0.01548613 0.05130176
v -0.02310855 0.01560375 0.05066079
v -0.02334025 0.01575946 0.04940748
v -0.02346720 0.01584561 0.04815417
v -0.02294093 0.01674016 0.04389634
v -0.02362989 0.01637571 0.04315237
v -0.02300378 0.01677992 0.04315237
v -0.02310978 0.01684453 0.04190477
v -0.02342406 0.01704001 0.03815056
v -0.02241096 0.02203462 -0.00554940
v -0.02258104 0.02195345 -0.00566386
v -0.02339941 0.02074745 0.00187891
v -0.02186743 0.01808532 0.03689725
v -0.02249353 0.01772749 0.03689725
v -0.01105724 0.02605019 -0.00566386
v -0.01105724 0.01862205 0.05260657
v -0.01228850 0.01771258 0.05266380
v -0.01479046 0.01735310 0.05270386
v -0.01979314 0.01581744 0.05266952
v -0.02072860 0.01561203 0.05260657
v -0.02229510 0.01567663 0.05158217
v -0.01899079 0.01663083 0.05248067
v -0.01729242 0.01823938 0.05164513
v -0.01810093 0.01806378 0.05141049
v -0.01979314 0.01700853 0.05165085
v -0.02055359 0.01680312 0.05141049
v -0.02079269 0.01693067 0.05066079
v -0.02161723 0.01665899 0.04986531
v -0.02221499 0.01641216 0.04943037
v -0.02174417 0.01676998 0.04902977
v -0.02248244 0.01647014 0.04815417
v -0.02214720 0.01699859 0.04565326
v -0.02238631 0.01700522 0.04434844
v -0.02168502 0.01798592 0.03885448
v -0.02175157 0.01802236 0.03815056
v -0.02221499 0.02202137 -0.00437621
v -0.02231235 0.02209426 -0.00566386
v -0.02240109 0.02204788 -0.00566386
v -0.01228850 0.02579177 -0.00566386
v -0.01105724 0.02594914 -0.00435331
v -0.01105724 0.01863862 0.05260657
v -0.01228850 0.01836859 0.05266380
v -0.01353948 0.01826588 0.05266380
v -0.01598598 0.01739783 0.05265808
v -0.01729242 0.01701019 0.05264091
v -0.01815639 0.01681968 0.05258368
v -0.01636682 0.01784345 0.05246922
v -0.01729242 0.01763307 0.05226892
v -0.01479046 0.01936089 0.05147344
v -0.01544491 0.01923830 0.05130747
v -0.01852737 0.01815324 0.05053489
v -0.01893533 0.01785836 0.05087254
v -0.01966989 0.01757012 0.05053489
v -0.01917073 0.01797929 0.05003700
v -0.02113779 0.01702841 0.04943037
v -0.01927056 0.01803065 0.04940748
v -0.01946037 0.01812342 0.04815417
v -0.02185757 0.01683459 0.04815417
v -0.02200793 0.01692073 0.04690658
v -0.02045499 0.01799586 0.04521833
v -0.02083460 0.02281322 -0.00566386
v -0.01919292 0.02049068 0.02640148
v -0.01323505 0.02556481 -0.00566386
v -0.01228850 0.02578845 -0.00562380
v -0.01105724 0.02583981 -0.00309428
v -0.01105724 0.01917369 0.05252645
v -0.01479046 0.01811182 0.05259513
v -0.01553242 0.01801242 0.05254934
v -0.01353948 0.01889042 0.05231470
v -0.01353948 0.01957459 0.05168519
v -0.01166979 0.02048074 0.05128459
v -0.01479046 0.01961766 0.05066079
v -0.01563964 0.01930953 0.05066079
v -0.01670945 0.01924493 0.04888097
v -0.01854216 0.01837687 0.04940748
v -0.01703236 0.01938574 0.04690658
v -0.01963538 0.01820127 0.04690658
v -0.01988928 0.01821950 0.04564182
v -0.02006059 0.02317436 -0.00566386
v -0.01797152 0.01925321 0.04403369
v -0.01837331 0.02066462 0.02814123
v -0.01862844 0.02068285 0.02684786
v -0.01919538 0.02299213 0.00012771
v -0.01969085 0.02321246 -0.00437621
v -0.01990530 0.02323399 -0.00556084
v -0.01304895 0.02551677 -0.00462801
v -0.01604144 0.02473818 -0.00566386
v -0.01604144 0.02473486 -0.00562380
v -0.01604144 0.02462884 -0.00437621
v -0.01479046 0.02467523 -0.00062199
v -0.01428514 0.02426771 0.00540421
v -0.01302430 0.02301532 0.02290479
v -0.01216525 0.02311306 0.02438702
v -0.01194710 0.02305508 0.02564033
v -0.01105724 0.02312134 0.02733430
v -0.01191136 0.02554328 -0.00187530
v -0.01175236 0.02550352 -0.00101115
v -0.01105724 0.02570562 -0.00156055
v -0.01105724 0.01973693 0.05209151
v -0.01105724 0.01975847 0.05207434
v -0.01105724 0.02054701 0.05137615
v -0.01105724 0.02070769 0.05067796
v -0.01105724 0.02071101 0.05066079
v -0.01186699 0.02052713 0.05066079
v -0.01295774 0.02049234 0.04889242
v -0.01604144 0.01959115 0.04815417
v -0.01607718 0.01939568 0.04934453
v -0.01684625 0.01930456 0.04815417
v -0.01604144 0.01973362 0.04690658
v -0.01547326 0.02049731 0.04145266
v -0.01558911 0.02053872 0.04065146
v -0.01669219 0.02173975 0.02387196
v -0.01989667 0.02324725 -0.00566386
v -0.01709029 0.02438201 -0.00562380
v -0.01709768 0.02438201 -0.00566386
v -0.01544738 0.02299213 0.01513884
v -0.01548805 0.02425776 0.00152409
v -0.01551886 0.02176625 0.02791804
v -0.01541287 0.02172318 0.02875358
v -0.01421488 0.02174638 0.03270810
v -0.01362329 0.02188553 0.03313159
v -0.01333735 0.02185240 0.03439635
v -0.01313769 0.02179442 0.03564966
v -0.01299595 0.02175300 0.03649665
v -0.01228850 0.02214064 0.03439635
v -0.01177825 0.02301035 0.02658461
v -0.01105724 0.02559960 -0.00037019
v -0.01111886 0.02560789 -0.00060483
v -0.01105724 0.02217874 0.03689725
v -0.01105724 0.02088661 0.04940748
v -0.01232178 0.02059339 0.04935025
v -0.01228850 0.02074580 0.04815417
v -0.01228850 0.02088826 0.04690658
v -0.01309701 0.02053541 0.04815417
v -0.01332626 0.02060830 0.04690658
v -0.01423214 0.02050062 0.04523549
v -0.01436894 0.02054369 0.04440568
v -0.01486934 0.02064640 0.04188188
v -0.01479046 0.02079881 0.04065146
v -0.01479046 0.02092305 0.03939815
v -0.01353948 0.02092968 0.04315237
v -0.01228850 0.02201640 0.03564966
v -0.01353948 0.02080378 0.04440568
v -0.01105724 0.02102245 0.04817706
v -0.01362452 0.02064971 0.04565326
v 0.03864157 0.00075145 -0.04048787
v 0.02675137 0.01580668 -0.04048787
v 0.04010853 0.00075145 -0.04048787
v 0.03022164 0.00075145 0.00687580
v 0.02295255 0.01027651 0.00439114
v 0.02295255 0.01196158 -0.00321810
v 0.02295255 0.01216654 -0.00413158
v 0.02675137 0.01760212 -0.04048787
v 0.02295255 0.01223947 -0.00441475
v 0.02295255 0.01927339 -0.01862842
v 0.04005525 0.00091503 -0.04048787
v 0.04013872 0.00075145 -0.04033259
v 0.03004405 0.00075145 0.00788062
v 0.02295255 0.01002030 0.00563347
v 0.02675137 0.01792928 -0.03964748
v 0.02740671 0.01713306 -0.04048787
v 0.02295255 0.02088553 -0.01862842
v 0.03996113 0.00118700 -0.04048787
v 0.04077807 0.00075145 -0.03666042
v 0.03000142 0.00075145 0.00815466
v 0.02295255 0.00932657 0.00937872
v 0.02675137 0.01802191 -0.03940085
v 0.02813309 0.01652604 -0.04048787
v 0.02696982 0.01785439 -0.03940085
v 0.02675137 0.01872746 -0.03564646
v 0.02675137 0.01869002 -0.03591137
v 0.02675137 0.01854024 -0.03687052
v 0.02675137 0.01846731 -0.03730899
v 0.02675137 0.01831950 -0.03814025
v 0.02675137 0.01827220 -0.03837775
v 0.02675137 0.01812636 -0.03902632
v 0.02295255 0.02076137 -0.01682888
v 0.02349955 0.02057020 -0.01862842
v 0.02675137 0.01899550 -0.02938916
v 0.02675137 0.01902900 -0.03064062
v 0.02675137 0.01903097 -0.03073196
v 0.02675137 0.01902309 -0.03189208
v 0.02675137 0.01902112 -0.03197429
v 0.02675137 0.01896791 -0.03314354
v 0.02675137 0.01895411 -0.03333537
v 0.02675137 0.01886937 -0.03439500
v 0.02675137 0.01885951 -0.03448635
v 0.03973913 0.00175658 -0.04048787
v 0.03979951 0.00210739 -0.03940085
v 0.04091305 0.00075145 -0.03564646
v 0.03988653 0.00242666 -0.03816765
v 0.04010853 0.00234389 -0.03689792
v 0.02887545 0.00075145 0.01688748
v 0.02295255 0.00829779 0.01535284
v 0.02295255 0.00889101 0.01188164
v 0.02295255 0.00910583 0.01063018
v 0.02873337 0.01601559 -0.04048787
v 0.02709769 0.01794898 -0.03870660
v 0.02781164 0.01715276 -0.03935517
v 0.02744045 0.01821702 -0.03564646
v 0.02731969 0.01812833 -0.03689792
v 0.02720958 0.01804555 -0.03787534
v 0.02295255 0.02074955 -0.01668272
v 0.02341075 0.02050910 -0.01712119
v 0.02387428 0.02031990 -0.01862842
v 0.02675137 0.01893243 -0.02815597
v 0.02759674 0.01835104 -0.02938916
v 0.02764292 0.01837074 -0.03064062
v 0.02679755 0.01899550 -0.03064062
v 0.02764292 0.01836680 -0.03189208
v 0.02679577 0.01899353 -0.03189208
v 0.02676381 0.01896003 -0.03314354
v 0.02752748 0.01828797 -0.03439500
v 0.02806560 0.01774993 -0.03564646
v 0.03963790 0.00197140 -0.04048787
v 0.03970006 0.00188665 -0.04041480
v 0.03967164 0.00305930 -0.03777486
v 0.03979596 0.00329777 -0.03564646
v 0.04100540 0.00076722 -0.03439500
v 0.04099830 0.00075145 -0.03455943
v 0.03973558 0.00317558 -0.03689792
v 0.02295255 0.00816180 0.01624805
v 0.02872449 0.00075145 0.01812981
v 0.02886124 0.01590522 -0.04048787
v 0.02827694 0.01663444 -0.03974796
v 0.03090895 0.01425760 -0.04011336
v 0.02853446 0.01687094 -0.03814938
v 0.02841547 0.01676648 -0.03891670
v 0.02872627 0.01702072 -0.03689792
v 0.02794661 0.01764547 -0.03689792
v 0.02335925 0.02046969 -0.01628993
v 0.02295255 0.02022136 -0.01062638
v 0.02393467 0.01960252 -0.01062638
v 0.02466104 0.01926156 -0.01213362
v 0.02471965 0.01930492 -0.01312017
v 0.02505709 0.01952565 -0.01862842
v 0.02675137 0.01879250 -0.02579920
v 0.02675137 0.01872155 -0.02461169
v 0.02754701 0.01831359 -0.02813770
v 0.02812421 0.01777752 -0.02689537
v 0.02889499 0.01715080 -0.02689537
v 0.02826806 0.01786621 -0.03064062
v 0.02826806 0.01786621 -0.03189208
v 0.02758786 0.01833330 -0.03314354
v 0.02815085 0.01779920 -0.03439500
v 0.02886657 0.01712320 -0.03564646
v 0.03859895 0.00397377 -0.04048787
v 0.03847640 0.00440735 -0.04025951
v 0.03858297 0.00460050 -0.03940085
v 0.03862559 0.00491189 -0.03805804
v 0.03838050 0.00548934 -0.03759217
v 0.03848706 0.00566278 -0.03564646
v 0.03982615 0.00339434 -0.03439500
v 0.03842490 0.00556029 -0.03689792
v 0.04101073 0.00075145 -0.03439500
v 0.03984569 0.00346332 -0.03314354
v 0.04102139 0.00080466 -0.03314354
v 0.04104448 0.00075145 -0.03307960
v 0.02295255 0.00801596 0.01734422
v 0.02861083 0.00075145 0.01938127
v 0.02295255 0.00763756 0.02063273
v 0.02295255 0.00775975 0.01956396
v 0.03041167 0.01455323 -0.04048787
v 0.03101550 0.01436206 -0.03940085
v 0.03214503 0.01300218 -0.04008595
v 0.03139379 0.01360329 -0.04048787
v 0.02973147 0.01557215 -0.03911767
v 0.02916138 0.01632896 -0.03814938
v 0.02935141 0.01649056 -0.03689792
v 0.02949172 0.01660290 -0.03564646
v 0.02295255 0.02010311 -0.00937492
v 0.02375885 0.01948624 -0.00812346
v 0.02384765 0.01954536 -0.00937492
v 0.02638552 0.01838848 -0.01688369
v 0.02557212 0.01901324 -0.01688369
v 0.02460776 0.01921623 -0.01129322
v 0.02512990 0.01837271 -0.00687200
v 0.02559166 0.01776570 -0.00436908
v 0.02543182 0.01925762 -0.01862842
v 0.02675137 0.01862892 -0.02314099
v 0.02675137 0.01864863 -0.02343330
v 0.02744756 0.01823870 -0.02564391
v 0.02802298 0.01769869 -0.02439245
v 0.02885059 0.01711335 -0.02564391
v 0.02951835 0.01661867 -0.02689537
v 0.02947573 0.01659108 -0.02564391
v 0.02959650 0.01669947 -0.03064062
v 0.02960183 0.01670341 -0.03189208
v 0.02957696 0.01667385 -0.03314354
v 0.02954854 0.01664429 -0.03439500
v 0.02892340 0.01717445 -0.03439500
v 0.02821478 0.01783074 -0.03314354
v 0.03823309 0.00464385 -0.04048787
v 0.03710357 0.00671126 -0.03999460
v 0.03819403 0.00522525 -0.03940085
v 0.03751737 0.00581650 -0.04048787
v 0.03733445 0.00611016 -0.04048787
v 0.03721724 0.00687287 -0.03916334
v 0.03732557 0.00702660 -0.03814938
v 0.03804484 0.00618702 -0.03689792
v 0.03809990 0.00628950 -0.03564646
v 0.03853324 0.00572782 -0.03439500
v 0.03949582 0.00409005 -0.03314354
v 0.03985812 0.00347515 -0.03189208
v 0.04104448 0.00085787 -0.03064062
v 0.04103382 0.00083225 -0.03189208
v 0.04106579 0.00075145 -0.03189208
v 0.02819169 0.00075145 0.02461548
v 0.02295255 0.00749763 0.02188419
v 0.03164065 0.01372154 -0.03940085
v 0.02987355 0.01570223 -0.03814938
v 0.03049870 0.01513660 -0.03814938
v 0.03115403 0.01450987 -0.03814938
v 0.03222673 0.01309481 -0.03940085
v 0.03462963 0.01048542 -0.03881622
v 0.03452129 0.01036717 -0.03965661
v 0.03379314 0.01095645 -0.04048787
v 0.03366705 0.01110229 -0.04048787
v 0.03244695 0.01248582 -0.04048787
v 0.03149680 0.01349489 -0.04048787
v 0.03002095 0.01586581 -0.03689792
v 0.03090362 0.01550711 -0.03288777
v 0.03086277 0.01546770 -0.03371903
v 0.03011686 0.01597617 -0.03564646
v 0.03064610 0.01525288 -0.03689792
v 0.02295255 0.01949215 -0.00316329
v 0.02366472 0.01942514 -0.00687200
v 0.02428986 0.01899944 -0.00687200
v 0.02716518 0.01795293 -0.01862842
v 0.02708881 0.01801205 -0.01863756
v 0.02716873 0.01801796 -0.01938661
v 0.02565204 0.01905857 -0.01813515
v 0.02504998 0.01830374 -0.00562054
v 0.02550286 0.01770657 -0.00311762
v 0.02622036 0.01701678 -0.00186616
v 0.02630027 0.01708182 -0.00311762
v 0.02653648 0.01752328 -0.00937492
v 0.02675137 0.01853629 -0.02187126
v 0.02729305 0.01811847 -0.02188953
v 0.02734633 0.01815986 -0.02314099
v 0.02879553 0.01707196 -0.02439245
v 0.02942245 0.01655560 -0.02439245
v 0.03086810 0.01547361 -0.02877713
v 0.03089296 0.01549529 -0.02961753
v 0.03009377 0.01592887 -0.02439245
v 0.03091427 0.01551697 -0.03064062
v 0.03092316 0.01552485 -0.03189208
v 0.03599536 0.00815392 -0.04035086
v 0.03614987 0.00837859 -0.03940085
v 0.03611257 0.00790756 -0.04048787
v 0.03689933 0.00765135 -0.03814938
v 0.03741970 0.00715470 -0.03689792
v 0.03747475 0.00724536 -0.03564646
v 0.03713021 0.00798640 -0.03389259
v 0.03813719 0.00635454 -0.03439500
v 0.03855810 0.00576526 -0.03314354
v 0.03950292 0.00410187 -0.03189208
v 0.03985990 0.00344361 -0.03064062
v 0.04104625 0.00087561 -0.02938916
v 0.04109420 0.00075145 -0.02938916
v 0.04108354 0.00075145 -0.03051273
v 0.02811710 0.00075145 0.02562943
v 0.02295255 0.00748777 0.02198467
v 0.03178095 0.01386344 -0.03814938
v 0.03126059 0.01462615 -0.03689792
v 0.03188574 0.01398169 -0.03689792
v 0.03235815 0.01323868 -0.03814938
v 0.03298507 0.01253115 -0.03814938
v 0.03469534 0.01056425 -0.03814938
v 0.03580533 0.00916496 -0.03838689
v 0.03498838 0.00990796 -0.03930036
v 0.03569699 0.00900532 -0.03940085
v 0.03440941 0.01020556 -0.04048787
v 0.03389082 0.01084214 -0.04048787
v 0.03213793 0.01424381 -0.03279642
v 0.03210241 0.01420833 -0.03362768
v 0.03205623 0.01416300 -0.03439500
v 0.03074378 0.01534551 -0.03564646
v 0.02295255 0.01573770 0.03296464
v 0.02340187 0.01925171 -0.00349215
v 0.02337523 0.01548544 0.03259925
v 0.02342851 0.01552288 0.03188674
v 0.02351731 0.01559186 0.03063528
v 0.02496651 0.01823673 -0.00436908
v 0.02724865 0.01683546 -0.00812346
v 0.02838173 0.01673495 -0.01613464
v 0.02842612 0.01677437 -0.01688369
v 0.02849361 0.01683152 -0.01813515
v 0.02851848 0.01685320 -0.01862842
v 0.02723266 0.01807117 -0.02063807
v 0.02684550 0.01649451 -0.00186616
v 0.02712433 0.01673298 -0.00618690
v 0.02463263 0.01423592 0.03513871
v 0.02867831 0.01698130 -0.02188953
v 0.02873692 0.01702860 -0.02314099
v 0.02936384 0.01650633 -0.02314099
v 0.03004227 0.01587960 -0.02314099
v 0.03213082 0.01423395 -0.02980936
v 0.03071892 0.01532186 -0.02439245
v 0.03259968 0.01347124 -0.02564391
v 0.03153942 0.01487251 -0.03064062
v 0.03155008 0.01487645 -0.03189208
v 0.03583730 0.00830173 -0.04048787
v 0.03498305 0.00947635 -0.04048787
v 0.03619427 0.00868801 -0.03803977
v 0.03587282 0.00922605 -0.03755562
v 0.03603976 0.00944679 -0.03439500
v 0.03608593 0.00950000 -0.03314354
v 0.03671108 0.00863086 -0.03314354
v 0.03714087 0.00800413 -0.03314354
v 0.03714087 0.00800413 -0.03189208
v 0.03713376 0.00799428 -0.02938916
v 0.03712844 0.00798245 -0.02853963
v 0.03854745 0.00574949 -0.03189208
v 0.03811766 0.00628359 -0.02689537
v 0.03847996 0.00565884 -0.02689537
v 0.03985279 0.00339828 -0.02938916
v 0.04103560 0.00085590 -0.02813770
v 0.04107289 0.00075145 -0.02813770
v 0.02803008 0.00075145 0.02689003
v 0.02295255 0.00740303 0.02313565
v 0.03247891 0.01335693 -0.03689792
v 0.03197987 0.01408220 -0.03564646
v 0.03258725 0.01345547 -0.03564646
v 0.03321062 0.01280707 -0.03564646
v 0.03310584 0.01267305 -0.03689792
v 0.03365284 0.01204829 -0.03689792
v 0.03427621 0.01131908 -0.03689792
v 0.03479835 0.01069630 -0.03689792
v 0.03328699 0.01290364 -0.03314354
v 0.03327633 0.01288984 -0.03439500
v 0.03214503 0.01425366 -0.03189208
v 0.02295255 0.01533368 0.03666421
v 0.02295255 0.01516616 0.03816231
v 0.02295255 0.01504200 0.03926761
v 0.02387606 0.01461236 0.03689258
v 0.02803008 0.01644326 -0.01062638
v 0.02905127 0.01621268 -0.01688369
v 0.02844566 0.01554456 -0.00562054
v 0.02859662 0.01568252 -0.00812346
v 0.02911876 0.01627377 -0.01813515
v 0.02914362 0.01629939 -0.01862842
v 0.02924308 0.01639202 -0.02063807
v 0.02758253 0.01587172 -0.00186616
v 0.02787379 0.01630531 -0.00812346
v 0.02530572 0.01373730 0.03438966
v 0.02812776 0.01526470 -0.00061470
v 0.02358657 0.01439950 0.04064696
v 0.02421350 0.01389694 0.04064696
v 0.02487416 0.01319138 0.04189843
v 0.02496474 0.01327021 0.04064696
v 0.02505353 0.01334905 0.03939550
v 0.02588470 0.01299035 0.03641757
v 0.02593797 0.01303766 0.03564112
v 0.02998721 0.01582639 -0.02188953
v 0.03066919 0.01527062 -0.02314099
v 0.03322483 0.01282283 -0.02564391
v 0.03325680 0.01286816 -0.02689537
v 0.03327100 0.01288787 -0.02813770
v 0.03213793 0.01424578 -0.03064062
v 0.03195145 0.01405067 -0.02439245
v 0.03438277 0.01142748 -0.03564646
v 0.03487294 0.01080272 -0.03564646
v 0.03556379 0.01006957 -0.03439500
v 0.03493687 0.01087565 -0.03439500
v 0.03559399 0.01012278 -0.03314354
v 0.03609126 0.00950394 -0.03189208
v 0.03671641 0.00863086 -0.03189208
v 0.03606995 0.00948423 -0.03064062
v 0.03604509 0.00945664 -0.02938916
v 0.03602200 0.00942511 -0.02813770
v 0.03599536 0.00938963 -0.02689537
v 0.03710357 0.00796078 -0.02769923
v 0.03749251 0.00730843 -0.02689537
v 0.03808924 0.00623826 -0.02564391
v 0.03845332 0.00561154 -0.02564391
v 0.03981905 0.00332339 -0.02689537
v 0.03984036 0.00335887 -0.02813770
v 0.04100540 0.00077904 -0.02689537
v 0.04106934 0.00075145 -0.02801895
v 0.02799101 0.00075145 0.02759341
v 0.02796259 0.00075145 0.02814149
v 0.02793062 0.00075145 0.02887227
v 0.02295255 0.00711332 0.03064441
v 0.03375940 0.01218231 -0.03564646
v 0.03382511 0.01227888 -0.03314354
v 0.03381445 0.01226312 -0.03439500
v 0.03381268 0.01226312 -0.02813770
v 0.03381978 0.01226706 -0.02938916
v 0.02295255 0.01487251 0.04069264
v 0.02973680 0.01558792 -0.01688369
v 0.02966576 0.01552091 -0.01563223
v 0.02839416 0.01549726 -0.00478014
v 0.02880796 0.01463798 -0.00061470
v 0.02914717 0.01503017 -0.00687200
v 0.02929636 0.01517010 -0.00937492
v 0.02982560 0.01567267 -0.01862842
v 0.02992683 0.01576727 -0.02063807
v 0.02980074 0.01564902 -0.01813515
v 0.02601967 0.01311255 0.03438966
v 0.02873159 0.01456505 0.00062763
v 0.02349067 0.01432264 0.04189843
v 0.02341608 0.01426549 0.04284844
v 0.02295255 0.01412753 0.04690426
v 0.02386718 0.01338255 0.04690426
v 0.02463085 0.01298641 0.04512299
v 0.02549931 0.01263955 0.04189843
v 0.02558988 0.01272035 0.04064696
v 0.02567868 0.01279918 0.03939550
v 0.02586871 0.01172508 0.04631051
v 0.02607650 0.01193399 0.04314988
v 0.02615997 0.01201479 0.04189843
v 0.02664481 0.01250356 0.03438966
v 0.02672296 0.01258633 0.03313820
v 0.03020033 0.01531594 -0.01862842
v 0.03048982 0.01510703 -0.01938661
v 0.03055197 0.01516222 -0.02063807
v 0.03061058 0.01521740 -0.02188953
v 0.03109365 0.01444680 -0.01862842
v 0.03117535 0.01453746 -0.02063807
v 0.03122685 0.01459265 -0.02188953
v 0.03255351 0.01342394 -0.02439245
v 0.03318043 0.01276765 -0.02439245
v 0.03371855 0.01214092 -0.02439245
v 0.03376117 0.01219611 -0.02564391
v 0.03379492 0.01224144 -0.02689537
v 0.03180049 0.01389103 -0.02063807
v 0.03443960 0.01150237 -0.03439500
v 0.03496706 0.01090324 -0.03314354
v 0.03559043 0.01012673 -0.03189208
v 0.03495996 0.01089141 -0.03064062
v 0.03494575 0.01088550 -0.02938916
v 0.03492267 0.01086776 -0.02813770
v 0.03442006 0.01146098 -0.02689537
v 0.03489603 0.01083623 -0.02689537
v 0.03438632 0.01141368 -0.02564391
v 0.03485873 0.01079090 -0.02564391
v 0.03595806 0.00934036 -0.02564391
v 0.03588525 0.00924182 -0.02356119
v 0.03706628 0.00793515 -0.02689537
v 0.03746410 0.00725127 -0.02564391
v 0.03804307 0.00617323 -0.02439245
v 0.03838938 0.00549920 -0.02353379
v 0.03841602 0.00554847 -0.02439245
v 0.03867709 0.00495525 -0.02312272
v 0.03977820 0.00326427 -0.02564391
v 0.04091838 0.00075145 -0.02547035
v 0.04099475 0.00075145 -0.02656652
v 0.04101428 0.00075145 -0.02689537
v 0.02790399 0.00075145 0.03013287
v 0.02295255 0.00700886 0.03385071
v 0.02295255 0.00703054 0.03313820
v 0.03445026 0.01152799 -0.03314354
v 0.03443605 0.01149449 -0.02813770
v 0.03444315 0.01151025 -0.02938916
v 0.03496706 0.01089732 -0.03189208
v 0.03094802 0.01430096 -0.01563223
v 0.03036194 0.01499076 -0.01688369
v 0.03089829 0.01425169 -0.01474616
v 0.02943311 0.01404278 -0.00061470
v 0.02965688 0.01425957 -0.00436908
v 0.02980606 0.01440345 -0.00687200
v 0.02988065 0.01447440 -0.00812346
v 0.02935674 0.01396986 0.00062763
v 0.02295255 0.01394621 0.04815573
v 0.02375885 0.01329386 0.04815573
v 0.02438577 0.01277553 0.04815573
v 0.02531283 0.01247794 0.04440134
v 0.02710124 0.01045980 0.04621002
v 0.02716340 0.01052089 0.04536963
v 0.02722734 0.01058987 0.04440134
v 0.02730903 0.01067462 0.04314988
v 0.02686681 0.01146296 0.04064696
v 0.02509083 0.01215078 0.04815573
v 0.02580477 0.01166004 0.04714177
v 0.02713854 0.01174479 0.03644498
v 0.02718827 0.01179800 0.03564112
v 0.02726463 0.01187880 0.03438966
v 0.02734278 0.01195764 0.03313820
v 0.02963379 0.01298641 0.00638252
v 0.03101373 0.01436600 -0.01688369
v 0.03171702 0.01380234 -0.01862842
v 0.03175076 0.01383584 -0.01938661
v 0.03239367 0.01326627 -0.02063807
v 0.03233861 0.01321109 -0.01938661
v 0.03312715 0.01270853 -0.02314099
v 0.03357470 0.01195961 -0.02063807
v 0.03362443 0.01202070 -0.02188953
v 0.03367237 0.01208180 -0.02314099
v 0.03424957 0.01124222 -0.02188953
v 0.03434370 0.01135653 -0.02439245
v 0.03477171 0.01067659 -0.02314099
v 0.03472908 0.01061746 -0.02188953
v 0.03468468 0.01056031 -0.02063807
v 0.03464739 0.01051104 -0.01966065
v 0.03622801 0.00846334 -0.02063807
v 0.03627596 0.00853035 -0.02188953
v 0.03741615 0.00718032 -0.02439245
v 0.03690289 0.00765332 -0.02188953
v 0.03736642 0.00710543 -0.02314099
v 0.03726696 0.00695171 -0.02063807
v 0.03718704 0.00682754 -0.01863756
v 0.03716751 0.00679404 -0.01813515
v 0.03870018 0.00476802 -0.02188953
v 0.03936617 0.00371362 -0.02314099
v 0.03972847 0.00318149 -0.02439245
v 0.04002506 0.00234389 -0.02314099
v 0.04084202 0.00075145 -0.02439245
v 0.02295255 0.00699506 0.03438966
v 0.02772106 0.00075145 0.04139601
v 0.03164065 0.01371759 -0.01688369
v 0.03125881 0.01338452 -0.01062638
v 0.03157317 0.01364467 -0.01563223
v 0.03065498 0.01401125 -0.01062638
v 0.03104392 0.01315985 -0.00687200
v 0.02998011 0.01334313 0.00062763
v 0.02295255 0.01373139 0.04939805
v 0.02351554 0.01309481 0.05064951
v 0.02363985 0.01319729 0.04939805
v 0.02426500 0.01267305 0.04939805
v 0.02839238 0.00924970 0.04517780
v 0.02693785 0.01029228 0.04815573
v 0.02752748 0.00966358 0.04815573
v 0.02785248 0.00993161 0.04440134
v 0.02801587 0.01009914 0.04189843
v 0.02738895 0.01075937 0.04189843
v 0.02571598 0.01157135 0.04815573
v 0.02496119 0.01204829 0.04939805
v 0.02817216 0.01026469 0.03939550
v 0.02841725 0.01052681 0.03543102
v 0.02812421 0.01146296 0.03063528
v 0.02855577 0.01067856 0.03313820
v 0.03067985 0.01276371 -0.00061470
v 0.03091427 0.01301992 -0.00460658
v 0.03230487 0.01317561 -0.01863756
v 0.03296376 0.01252327 -0.01938661
v 0.03301881 0.01258436 -0.02063807
v 0.03352319 0.01189654 -0.01938661
v 0.03419806 0.01118310 -0.02063807
v 0.03423359 0.01099390 -0.01929526
v 0.03460654 0.01046571 -0.01882025
v 0.03561174 0.00887722 -0.01688369
v 0.03607528 0.00824852 -0.01688369
v 0.03614809 0.00835297 -0.01863756
v 0.03685493 0.00757646 -0.02063807
v 0.03694018 0.00720200 -0.01862842
v 0.03713376 0.00674280 -0.01735869
v 0.03864868 0.00468327 -0.02063807
v 0.03964500 0.00301594 -0.02222751
v 0.03974623 0.00196746 -0.01688369
v 0.03979063 0.00207191 -0.01813515
v 0.04004460 0.00109240 -0.01563223
v 0.04027903 0.00075145 -0.01688369
v 0.02295255 0.00698915 0.03508390
v 0.02771396 0.00075145 0.04189843
v 0.03215924 0.01302189 -0.01563223
v 0.03222318 0.01308890 -0.01688369
v 0.03228001 0.01315393 -0.01813515
v 0.03212194 0.01298050 -0.01494712
v 0.03188219 0.01270853 -0.01062638
v 0.02295255 0.01351657 0.05058557
v 0.02342141 0.01301992 0.05135289
v 0.02414068 0.01254298 0.05064951
v 0.02963912 0.00799822 0.04390807
v 0.02969418 0.00805932 0.04314988
v 0.02978120 0.00815589 0.04189843
v 0.02844211 0.00930489 0.04440134
v 0.02815262 0.00898167 0.04815573
v 0.02869607 0.00835691 0.04815573
v 0.02932300 0.00762376 0.04815573
v 0.02682952 0.01017600 0.04939805
v 0.02742447 0.00954927 0.04939805
v 0.02852025 0.00938963 0.04314988
v 0.02558633 0.01144128 0.04939805
v 0.02620260 0.01081849 0.04939805
v 0.02481378 0.01191822 0.05064951
v 0.02859484 0.00947438 0.04189843
v 0.02962669 0.00923197 0.03509303
v 0.03123751 0.01213895 -0.00061470
v 0.03211839 0.01172508 -0.00498111
v 0.03159803 0.01238925 -0.00562054
v 0.03293002 0.01248385 -0.01862842
v 0.03348945 0.01185909 -0.01863756
v 0.03346458 0.01183347 -0.01813515
v 0.03340242 0.01175858 -0.01688369
v 0.03358890 0.01074754 -0.01062638
v 0.03337223 0.01047754 -0.00621430
v 0.03439697 0.01017994 -0.01437163
v 0.03498660 0.00972073 -0.01688369
v 0.03555137 0.00879444 -0.01563223
v 0.03601312 0.00816771 -0.01563223
v 0.03675193 0.00741880 -0.01813515
v 0.03677324 0.00745230 -0.01863756
v 0.03680343 0.00749960 -0.01938661
v 0.03594918 0.00808297 -0.01437163
v 0.03618716 0.00718032 -0.01062638
v 0.03606284 0.00699506 -0.00812346
v 0.03356759 0.00328003 0.04189843
v 0.03855455 0.00453152 -0.01863756
v 0.03859007 0.00459064 -0.01938661
v 0.03936972 0.00248184 -0.01563223
v 0.03969295 0.00185709 -0.01563223
v 0.03965033 0.00177431 -0.01468221
v 0.03986523 0.00100372 -0.01312017
v 0.04018490 0.00075145 -0.01564136
v 0.02295255 0.00691426 0.04440134
v 0.02771928 0.00075145 0.04268401
v 0.03336868 0.01172311 -0.01625339
v 0.03284832 0.01238728 -0.01688369
v 0.03229954 0.01192413 -0.00812346
v 0.02295255 0.01317758 0.05151732
v 0.02295255 0.01252130 0.05212021
v 0.02389915 0.01227100 0.05163606
v 0.02470012 0.01180391 0.05138943
v 0.02984158 0.00699704 0.04815573
v 0.03102261 0.00690244 0.04064696
v 0.03048271 0.00752719 0.04064696
v 0.03055375 0.00761785 0.03939550
v 0.02985756 0.00823866 0.04064696
v 0.02804962 0.00886736 0.04939805
v 0.02859839 0.00824063 0.04939805
v 0.02730903 0.00942314 0.05064951
v 0.02544070 0.01129740 0.05064951
v 0.02606940 0.01067462 0.05064951
v 0.02669454 0.01004986 0.05064951
v 0.03463674 0.00924773 -0.00983166
v 0.03467758 0.00930489 -0.01062638
v 0.03427621 0.01001439 -0.01187784
v 0.03433837 0.01009519 -0.01312017
v 0.03109720 0.00699112 0.03939550
v 0.03172945 0.00599585 0.04071090
v 0.03214681 0.00551299 0.04033638
v 0.03252332 0.00477196 0.04189843
v 0.03314846 0.00390479 0.04189843
v 0.03306854 0.00373530 0.04314988
v 0.03345393 0.00310857 0.04314988
v 0.03381801 0.00234192 0.04314988
v 0.03467048 0.00075145 0.04189843
v 0.03472731 0.00075145 0.04135947
v 0.03476460 0.00083817 0.04064696
v 0.03975156 0.00075145 -0.01069033
v 0.03980662 0.00087758 -0.01187784
v 0.03859895 0.00218425 -0.00562054
v 0.03860783 0.00243060 -0.00694508
v 0.03837873 0.00298244 -0.00741095
v 0.03847108 0.00314405 -0.00937492
v 0.03858652 0.00334901 -0.01187784
v 0.03864335 0.00345150 -0.01312017
v 0.03984391 0.00075145 -0.01172255
v 0.02295255 0.00693988 0.04502251
v 0.02775125 0.00075145 0.04318642
v 0.02295255 0.00696944 0.04565281
v 0.02295255 0.01240107 0.05222069
v 0.02334504 0.01170537 0.05252213
v 0.02398972 0.01141565 0.05229377
v 0.02547444 0.01011687 0.05222983
v 0.02595218 0.01056031 0.05138943
v 0.02675670 0.00886342 0.05222983
v 0.02848651 0.00811253 0.05064951
v 0.02972082 0.00684922 0.04939805
v 0.03087165 0.00547358 0.04879516
v 0.03244339 0.00464385 0.04314988
v 0.03203847 0.00539869 0.04189843
v 0.03209530 0.00545584 0.04117678
v 0.02793418 0.00874123 0.05064951
v 0.02720425 0.00931080 0.05138943
v 0.02840481 0.00801990 0.05133462
v 0.03116647 0.00489021 0.04927930
v 0.03186087 0.00378063 0.04939805
v 0.03351786 0.00075145 0.04926103
v 0.03221785 0.00315587 0.04939805
v 0.03349300 0.00075145 0.04939805
v 0.03451952 0.00075145 0.04293065
v 0.03366882 0.00075145 0.04836583
v 0.03389259 0.00075145 0.04694994
v 0.02818637 0.00075145 0.04784514
v 0.02295255 0.00712120 0.04675811
v 0.02295255 0.01227494 0.05232117
v 0.02463973 0.01049921 0.05254041
v 0.02295255 0.01130923 0.05270483
v 0.02398972 0.01079484 0.05265916
v 0.02592377 0.00928124 0.05255868
v 0.02717228 0.00802975 0.05255868
v 0.02800699 0.00757055 0.05217502
v 0.02963557 0.00674477 0.05010143
v 0.03109010 0.00453152 0.05064951
v 0.02837995 0.00673491 0.05253127
v 0.02954854 0.00536715 0.05246733
v 0.02983093 0.00576920 0.05163606
v 0.03095868 0.00435020 0.05148077
v 0.03214681 0.00302185 0.05012883
v 0.03347169 0.00075145 0.04950767
v 0.02851492 0.00075145 0.05053989
v 0.02852913 0.00075145 0.05064951
v 0.02295255 0.00720200 0.04724225
v 0.02295255 0.01117324 0.05274137
v 0.02398972 0.00985081 0.05280531
v 0.02524001 0.00859933 0.05282358
v 0.02640150 0.00850867 0.05266829
v 0.02512990 0.00976015 0.05265003
v 0.02765002 0.00722959 0.05265003
v 0.03172945 0.00350077 0.05058557
v 0.02863747 0.00609439 0.05265003
v 0.02983803 0.00453349 0.05262262
v 0.03092848 0.00309083 0.05256781
v 0.03067274 0.00392450 0.05231204
v 0.03200828 0.00157920 0.05243079
v 0.03225869 0.00196746 0.05159039
v 0.03200828 0.00280112 0.05096009
v 0.03237058 0.00236754 0.05058557
v 0.03317865 0.00075145 0.05085961
v 0.03328521 0.00075145 0.05043028
v 0.02902641 0.00075145 0.05196492
v 0.02823432 0.00151219 0.05154472
v 0.02320652 0.00778931 0.05149905
v 0.02295255 0.00780311 0.05064951
v 0.02295255 0.00990796 0.05268656
v 0.02774237 0.00484488 0.05279618
v 0.02899266 0.00359340 0.05281445
v 0.02649208 0.00734587 0.05283272
v 0.02774237 0.00609439 0.05282358
v 0.02907613 0.00490795 0.05274137
v 0.03025183 0.00354216 0.05267743
v 0.03223383 0.00075145 0.05261349
v 0.03225159 0.00075145 0.05260435
v 0.03269559 0.00075145 0.05198318
v 0.02929103 0.00075145 0.05227550
v 0.02295255 0.00842195 0.05175481
v 0.02295255 0.00970694 0.05265003
v 0.02937805 0.00133088 0.05260435
v 0.03020743 0.00075145 0.05267743
v 0.03024473 0.00234192 0.05278704
v 0.03155363 0.00113379 0.05268656
v 0.03153587 0.00075145 0.05270483
v 0.02990729 0.00075145 0.05260435
v 0.02295255 0.00881218 0.05204713
v 0.02295255 0.00865254 0.05193752
v -0.01095099 0.02338007 0.02437654
v 0.00730229 0.02338007 0.02437654
v -0.00930937 0.02338007 0.03189565
v -0.00842714 0.04237051 0.03064570
v -0.00846808 0.04487114 0.02939413
v -0.00837316 0.04611804 0.02939413
v -0.00844947 0.04737177 0.02814581
v -0.00840852 0.04987240 0.02689586
v -0.00845878 0.05112271 0.02564591
v -0.00847739 0.05237645 0.02439435
v -0.00859093 0.05362334 0.02189284
v -0.00860954 0.05362334 0.02068660
v -0.00820937 0.05228421 0.02068660
v -0.00815539 0.05217831 0.02068660
v -0.00758213 0.05118762 0.02068660
v -0.00691394 0.05011836 0.02068660
v -0.00688230 0.05007395 0.02068660
v -0.00619177 0.04950687 0.02068660
v -0.00605776 0.04941122 0.02068660
v -0.00475117 0.04863917 0.02068660
v -0.00472325 0.04862550 0.02068660
v -0.00353019 0.04805159 0.02068660
v -0.00253069 0.04758016 0.02068660
v -0.00226640 0.04746059 0.02068660
v -0.00103053 0.04720096 0.02068660
v 0.00803749 0.02338007 0.02937632
v 0.00021837 0.04727953 0.02068660
v 0.00029282 0.04728637 0.02068660
v 0.00178182 0.04747426 0.02068660
v 0.00266592 0.04764507 0.02068660
v 0.00397065 0.04797643 0.02068660
v 0.00428707 0.04809941 0.02068660
v 0.00523258 0.04866991 0.02068660
v 0.00583935 0.04924041 0.02068660
v 0.00623952 0.04976992 0.02068660
v 0.00691515 0.05067861 0.02068660
v 0.00737860 0.05132427 0.02068660
v 0.00772293 0.05232179 0.02068660
v 0.00773782 0.05237645 0.02068660
v 0.00780669 0.05357552 0.02068660
v -0.00895759 0.02338007 0.03329455
v -0.00813678 0.04112020 0.03178231
v -0.00808280 0.04237051 0.03162040
v -0.00830801 0.04361741 0.03064570
v -0.00808094 0.04611804 0.03030569
v -0.00816656 0.04736494 0.02944433
v -0.00834338 0.04862209 0.02814581
v -0.00811072 0.05111588 0.02690557
v -0.00812561 0.05236278 0.02562001
v -0.00812747 0.05337738 0.02439435
v -0.00828754 0.05373608 0.02324479
v -0.00846808 0.05487708 0.02068660
v 0.00806354 0.02338007 0.03037531
v 0.00782158 0.05237645 0.02189284
v 0.00780297 0.05362334 0.02068660
v 0.00780669 0.05237645 0.02314278
v -0.00838619 0.02338007 0.03435344
v -0.00789110 0.03986988 0.03249633
v -0.00782037 0.04112020 0.03240728
v -0.00798974 0.04361741 0.03140992
v -0.00812747 0.04476866 0.03068294
v -0.00791901 0.04428356 0.03128686
v -0.00798044 0.04694475 0.03012921
v -0.00805302 0.04862209 0.02902174
v -0.00806978 0.04979383 0.02810371
v -0.00782037 0.05152924 0.02732816
v -0.00798602 0.05193918 0.02649594
v -0.00796741 0.05069569 0.02765684
v -0.00797485 0.05311092 0.02518447
v -0.00805861 0.05449447 0.02289506
v -0.00818889 0.05489757 0.02185722
v -0.00810514 0.05581994 0.02068660
v 0.00806354 0.02338007 0.03043845
v 0.00772666 0.05362334 0.02189284
v 0.00756659 0.05482925 0.02068660
v 0.00762801 0.05237645 0.02439435
v 0.00763545 0.05112271 0.02564591
v 0.00779738 0.05112271 0.02439435
v -0.00785015 0.02338007 0.03517757
v -0.00719313 0.04112020 0.03290597
v -0.00703120 0.04237051 0.03277158
v -0.00765658 0.04237051 0.03224699
v -0.00704423 0.04611804 0.03169326
v -0.00766961 0.04611804 0.03093066
v -0.00686741 0.04713947 0.03149896
v -0.00781665 0.04777829 0.02989444
v -0.00793763 0.04932581 0.02881773
v -0.00775150 0.05015936 0.02849068
v -0.00736808 0.05120470 0.02819762
v -0.00691208 0.05237645 0.02782037
v -0.00754490 0.05236278 0.02690557
v -0.00779617 0.05277272 0.02601831
v -0.00774033 0.05400254 0.02439435
v -0.00788179 0.05422459 0.02372890
v -0.00779617 0.05532801 0.02225066
v -0.00796927 0.05559447 0.02141682
v -0.00761935 0.05640751 0.02068660
v 0.00776946 0.02986395 0.03189727
v 0.00775830 0.02861363 0.03189727
v 0.00774527 0.02782791 0.03189727
v 0.00773596 0.02735990 0.03189565
v 0.00747166 0.02338007 0.03216765
v 0.00778249 0.04987240 0.02564591
v 0.00778249 0.03736925 0.03064570
v 0.00780669 0.03611894 0.03064570
v 0.00771921 0.03736925 0.03189727
v 0.00776946 0.03111426 0.03189727
v 0.00745305 0.05373950 0.02324802
v 0.00755170 0.05487708 0.02068660
v 0.00728926 0.05334322 0.02439435
v 0.00728368 0.05231837 0.02556658
v 0.00729485 0.05108172 0.02685214
v 0.00728926 0.04983824 0.02810695
v 0.00728182 0.04859134 0.02935690
v 0.00761498 0.04987240 0.02689586
v -0.00554592 0.02338007 0.03638541
v -0.00586047 0.03986988 0.03405067
v -0.00660125 0.03892702 0.03371066
v -0.00667384 0.03809348 0.03378514
v -0.00628856 0.04112020 0.03353094
v -0.00648585 0.03986988 0.03363780
v -0.00669617 0.04436897 0.03254976
v -0.00655472 0.04520251 0.03244128
v -0.00602612 0.04736152 0.03191184
v -0.00663289 0.04796960 0.03125124
v -0.00699397 0.04862209 0.03040931
v -0.00726758 0.04979383 0.02933909
v -0.00761935 0.04862209 0.02964833
v -0.00627553 0.04611804 0.03231823
v -0.00691766 0.05088017 0.02902660
v -0.00662358 0.05171371 0.02874002
v -0.00667012 0.05301185 0.02753217
v -0.00689533 0.05325782 0.02689586
v -0.00733644 0.05364043 0.02567668
v -0.00709076 0.05490099 0.02437006
v -0.00764169 0.05489757 0.02324479
v -0.00676876 0.05559447 0.02393938
v -0.00758399 0.05644851 0.02068660
v 0.00740280 0.02986395 0.03301283
v 0.00740280 0.03111426 0.03302740
v 0.00739349 0.02861363 0.03298045
v 0.00737302 0.02735990 0.03294645
v 0.00738046 0.02782791 0.03296102
v 0.00724459 0.02338007 0.03269548
v 0.00757590 0.04862209 0.02814581
v 0.00753122 0.04737177 0.02939413
v 0.00773410 0.04862209 0.02689586
v 0.00762801 0.04361741 0.03064570
v 0.00767640 0.03862298 0.03189727
v 0.00735813 0.03862298 0.03281044
v 0.00738046 0.03736925 0.03286387
v 0.00733021 0.05490099 0.02181512
v 0.00723342 0.05450130 0.02290316
v 0.00721854 0.05563205 0.02068660
v 0.00708080 0.05422800 0.02373699
v 0.00713478 0.05306309 0.02509866
v 0.00715525 0.05186402 0.02640527
v 0.00716084 0.05063762 0.02766655
v 0.00716456 0.04939755 0.02891812
v 0.00716642 0.04814724 0.03013083
v -0.00261817 0.02338007 0.03719335
v -0.00416859 0.03678850 0.03502699
v -0.00478095 0.03986988 0.03445545
v -0.00478095 0.04112020 0.03427897
v -0.00566318 0.04112020 0.03392438
v -0.00550311 0.04201523 0.03383047
v -0.00609685 0.04481990 0.03282177
v -0.00541749 0.04675345 0.03252548
v -0.00580091 0.04838296 0.03148925
v -0.00537282 0.04921991 0.03124153
v -0.00519600 0.05153949 0.02987825
v -0.00559990 0.05070253 0.03015673
v -0.00611174 0.05121154 0.02945242
v -0.00643374 0.05025843 0.02986044
v -0.00678365 0.04942830 0.03014054
v -0.00565015 0.04611804 0.03266796
v -0.00578974 0.05205533 0.02904279
v -0.00522951 0.05289229 0.02866230
v -0.00603171 0.05323390 0.02776208
v -0.00520159 0.05413577 0.02738159
v -0.00608941 0.05388980 0.02693796
v -0.00654727 0.05416993 0.02616888
v -0.00687857 0.05449788 0.02533505
v -0.00571157 0.05445005 0.02654937
v -0.00624575 0.05533143 0.02477322
v -0.00541191 0.05550224 0.02502256
v -0.00591072 0.05567304 0.02437006
v -0.00603171 0.05735721 0.02068660
v -0.00672409 0.05679013 0.02135529
v -0.00695489 0.05693702 0.02068660
v -0.00754118 0.05648267 0.02068660
v 0.00697285 0.02986395 0.03363780
v 0.00697099 0.03111426 0.03365237
v 0.00695424 0.02861363 0.03360542
v 0.00692260 0.02735990 0.03357304
v 0.00624324 0.02338007 0.03418020
v 0.00671041 0.02338007 0.03352770
v 0.00693562 0.02782791 0.03358599
v 0.00726134 0.04737177 0.03036560
v 0.00734324 0.04617612 0.03072989
v 0.00754612 0.04487114 0.03064570
v 0.00762801 0.04611804 0.02939413
v 0.00759637 0.03986988 0.03189727
v 0.00730229 0.03986988 0.03273272
v 0.00669180 0.03736925 0.03348884
v 0.00676997 0.03611894 0.03352446
v 0.00683698 0.03486862 0.03356008
v 0.00689468 0.03361830 0.03359732
v 0.00694121 0.03236799 0.03363457
v 0.00711989 0.05552956 0.02134720
v 0.00697471 0.05533484 0.02218104
v 0.00720737 0.05565255 0.02068660
v 0.00607945 0.05321341 0.02657366
v 0.00588774 0.05178545 0.02880964
v 0.00691329 0.05269757 0.02593249
v 0.00660991 0.05500006 0.02333384
v 0.00584493 0.05549540 0.02376452
v 0.00623766 0.05463111 0.02439435
v 0.00696354 0.05147117 0.02724073
v 0.00696540 0.05023110 0.02849877
v 0.00695238 0.04898420 0.02975034
v 0.00687793 0.04737177 0.03099057
v 0.00705102 0.04663046 0.03120429
v 0.00648520 0.04859817 0.03062789
v -0.00227943 0.02338007 0.03722735
v -0.00294761 0.03929938 0.03503023
v -0.00353019 0.04237051 0.03435992
v -0.00449617 0.04361741 0.03390333
v -0.00486284 0.04240809 0.03401667
v -0.00512342 0.04361741 0.03361999
v -0.00472139 0.04482331 0.03347589
v -0.00478095 0.04704040 0.03265177
v -0.00478095 0.04766556 0.03234414
v -0.00488518 0.04873140 0.03173859
v -0.00478095 0.04611804 0.03300635
v -0.00454084 0.04956836 0.03145201
v -0.00436216 0.05189135 0.03014054
v -0.00426724 0.04437922 0.03381266
v -0.00439567 0.05313142 0.02890678
v -0.00479956 0.05363359 0.02814743
v -0.00436775 0.05434757 0.02763417
v -0.00293086 0.05550906 0.02627898
v -0.00486470 0.05770224 0.02068660
v -0.00498754 0.05766808 0.02068660
v -0.00607638 0.05734013 0.02068660
v 0.00634375 0.03111426 0.03408144
v 0.00634561 0.02986395 0.03411058
v 0.00528656 0.02338007 0.03497032
v 0.00718689 0.04579692 0.03137268
v 0.00728182 0.04487114 0.03151354
v 0.00734510 0.04361741 0.03170459
v 0.00749958 0.04112020 0.03189727
v 0.00660246 0.03862298 0.03343541
v 0.00722412 0.04112020 0.03264529
v 0.00606642 0.03736925 0.03391790
v 0.00614273 0.03611894 0.03396000
v 0.00621160 0.03486862 0.03399076
v 0.00626930 0.03361830 0.03401991
v 0.00631583 0.03236799 0.03405067
v 0.00648706 0.05637677 0.02068660
v 0.00639028 0.05646901 0.02068660
v 0.00597150 0.05685503 0.02068660
v 0.00652429 0.05589509 0.02181512
v 0.00614087 0.05573112 0.02293068
v 0.00455136 0.05547832 0.02499827
v 0.00332294 0.05423484 0.02750950
v 0.00430940 0.05284788 0.02858135
v 0.00347556 0.05306993 0.02883878
v 0.00522327 0.05197334 0.02899583
v 0.00430382 0.05158048 0.02986691
v 0.00494036 0.05074352 0.03022797
v 0.00577420 0.05043948 0.02996568
v 0.00611854 0.04960252 0.03029274
v 0.00671227 0.05108172 0.02810695
v 0.00524003 0.05616497 0.02316221
v 0.00501109 0.05576527 0.02416444
v 0.00601617 0.04821556 0.03139858
v 0.00625068 0.04737177 0.03157831
v 0.00645728 0.04608046 0.03187946
v -0.00103053 0.02338007 0.03714154
v 0.00110247 0.03944628 0.03505452
v 0.00021837 0.03862298 0.03519376
v 0.00021837 0.03956243 0.03507394
v -0.00103053 0.03954193 0.03507394
v -0.00227943 0.03941895 0.03505128
v -0.00103053 0.04361741 0.03435506
v -0.00227943 0.04361741 0.03427087
v -0.00353019 0.04361741 0.03411382
v -0.00362325 0.04747426 0.03282177
v -0.00410159 0.04795935 0.03248338
v -0.00362325 0.04862892 0.03228585
v -0.00388755 0.05040191 0.03119296
v -0.00353019 0.05200750 0.03022635
v -0.00353019 0.05263266 0.02966129
v -0.00349482 0.04994072 0.03157668
v -0.00305371 0.05053855 0.03130144
v -0.00353019 0.04457393 0.03387257
v -0.00353019 0.05325098 0.02903631
v -0.00353019 0.05441931 0.02773456
v -0.00353019 0.05387956 0.02835791
v -0.00227943 0.05554664 0.02633079
v -0.00103053 0.05654075 0.02462102
v -0.00103053 0.05685162 0.02399605
v -0.00190904 0.05680379 0.02389081
v -0.00214914 0.05818392 0.02068660
v 0.00387759 0.02338007 0.03585597
v 0.00663038 0.04487114 0.03214013
v 0.00704916 0.04282828 0.03246072
v 0.00715525 0.04199132 0.03257567
v 0.00637911 0.03990063 0.03341598
v 0.00590077 0.03950435 0.03380781
v 0.00597522 0.03862298 0.03385962
v 0.00522327 0.03862298 0.03427411
v 0.00582818 0.05673205 0.02124196
v 0.00533123 0.05715565 0.02068660
v 0.00554899 0.05659540 0.02189284
v 0.00406930 0.05592583 0.02450606
v 0.00371752 0.05562180 0.02522171
v 0.00248910 0.05437490 0.02770379
v 0.00283157 0.05390347 0.02812962
v 0.00346998 0.05181620 0.03007901
v 0.00389062 0.05233204 0.02935204
v 0.00271989 0.05320316 0.02895698
v 0.00392040 0.05114663 0.03039312
v 0.00397065 0.05020377 0.03106667
v 0.00473190 0.04934973 0.03132734
v 0.00556761 0.04904911 0.03112496
v 0.00463512 0.05676963 0.02256152
v 0.00397065 0.05656807 0.02339536
v 0.00515441 0.04729320 0.03217575
v 0.00552480 0.04636400 0.03238623
v 0.00586354 0.04553046 0.03253357
v 0.00517860 0.04862892 0.03153944
v 0.00600500 0.04487114 0.03264691
v 0.00367471 0.03486862 0.03512575
v 0.00352768 0.03611894 0.03507232
v 0.00339925 0.03686366 0.03503508
v 0.00225458 0.03820280 0.03504156
v 0.00397065 0.04112020 0.03441335
v 0.00271989 0.04237051 0.03441659
v 0.00147099 0.04361741 0.03427897
v 0.00021837 0.04361741 0.03434373
v -0.00103053 0.04487114 0.03403286
v -0.00223476 0.04492922 0.03392762
v -0.00326775 0.04821556 0.03261453
v -0.00227943 0.05209974 0.03027654
v -0.00227943 0.05272831 0.02978110
v -0.00227943 0.05121837 0.03090314
v -0.00227943 0.05335005 0.02915613
v -0.00227943 0.04897736 0.03235709
v -0.00227943 0.04987240 0.03179850
v -0.00227943 0.05059321 0.03133706
v -0.00178806 0.04553729 0.03379000
v -0.00227943 0.05397521 0.02843077
v -0.00227943 0.05446713 0.02780580
v -0.00227943 0.05509229 0.02695739
v -0.00103053 0.05557739 0.02637451
v -0.00103053 0.05599074 0.02564591
v 0.00021837 0.05688919 0.02403329
v -0.00103053 0.05801995 0.02130348
v -0.00165963 0.05800286 0.02126948
v -0.00107706 0.05826249 0.02068660
v 0.00626930 0.04361741 0.03284606
v 0.00656896 0.04239101 0.03290759
v 0.00532750 0.03990063 0.03408467
v 0.00554155 0.04237051 0.03358923
v 0.00509485 0.04112020 0.03403934
v 0.00492361 0.05689602 0.02189284
v 0.00395204 0.05764758 0.02068660
v 0.00226761 0.05679013 0.02383414
v 0.00271989 0.05575161 0.02544191
v 0.00147099 0.05446031 0.02781065
v 0.00147099 0.05396496 0.02843401
v 0.00138724 0.05579261 0.02573496
v 0.00271989 0.05253017 0.02958033
v 0.00271989 0.05190843 0.03015511
v 0.00227692 0.05053855 0.03130144
v 0.00311076 0.05042240 0.03120753
v 0.00147099 0.05333980 0.02908650
v 0.00397065 0.04958203 0.03144392
v 0.00397065 0.04706773 0.03268091
v 0.00397065 0.05685162 0.02277039
v 0.00254307 0.05813268 0.02068660
v 0.00212243 0.05801311 0.02128729
v 0.00269942 0.05698143 0.02319297
v 0.00469282 0.04682519 0.03255624
v 0.00515441 0.04601556 0.03267120
v 0.00474307 0.04323480 0.03383533
v 0.00518605 0.04363791 0.03347427
v 0.00491803 0.04237051 0.03392438
v 0.00397065 0.04237051 0.03422391
v 0.00271989 0.04361741 0.03415105
v 0.00271989 0.04462518 0.03387581
v 0.00141329 0.04495655 0.03391305
v 0.00021837 0.04487114 0.03401344
v 0.00021837 0.04554754 0.03379323
v -0.00103053 0.04556804 0.03380133
v -0.00227943 0.04835221 0.03266796
v -0.00103053 0.05216464 0.03032026
v -0.00103053 0.05278639 0.02984263
v -0.00103053 0.05065470 0.03138077
v -0.00103053 0.05127986 0.03094523
v -0.00103053 0.05339446 0.02921765
v -0.00103053 0.04901153 0.03236680
v -0.00103053 0.04838637 0.03268091
v -0.00103053 0.05401962 0.02846315
v -0.00103053 0.05448763 0.02783980
v -0.00103053 0.05511621 0.02699948
v 0.00021837 0.05448763 0.02783656
v 0.00021837 0.05553981 0.02632917
v 0.00021837 0.05595658 0.02564591
v 0.00021837 0.05654075 0.02465826
v 0.00147099 0.05685503 0.02394585
v 0.00147099 0.05802336 0.02131967
v 0.00021837 0.05726839 0.02314278
v 0.00021837 0.05803019 0.02133910
v 0.00021837 0.05827957 0.02068660
v 0.00147099 0.05648267 0.02457245
v 0.00021837 0.05401279 0.02846153
v 0.00091634 0.05550906 0.02628222
v 0.00021837 0.05338763 0.02918041
v 0.00147099 0.05264291 0.02971148
v 0.00021837 0.05274881 0.02980539
v 0.00147099 0.05201775 0.03024093
v 0.00147099 0.05123203 0.03086590
v 0.00147099 0.05060346 0.03135163
v 0.00147099 0.04987240 0.03178069
v 0.00147099 0.04889879 0.03232633
v 0.00270500 0.04995097 0.03155078
v 0.00236439 0.04811308 0.03258053
v 0.00275712 0.04745717 0.03281044
v 0.00397065 0.04611804 0.03305168
v 0.00147099 0.05826591 0.02068660
v 0.00138538 0.05826933 0.02068660
v 0.00438013 0.04407176 0.03367666
v 0.00396693 0.04363791 0.03392924
v 0.00354629 0.04439971 0.03381428
v 0.00271989 0.04611804 0.03331884
v 0.00179299 0.04543139 0.03370257
v 0.00096101 0.04551338 0.03377866
v 0.00021837 0.04838637 0.03267605
v 0.00021837 0.05212365 0.03030893
v 0.00021837 0.05066837 0.03139373
v 0.00021837 0.05129352 0.03093390
v 0.00021837 0.04901153 0.03236357
v 0.00021837 0.04987240 0.03186003
v 0.00147099 0.04827364 0.03264043
v 0.00147099 0.04737177 0.03301121
v 0.03524052 -0.02755534 0.00310624
v 0.03570797 -0.02619763 0.00241636
v 0.03597923 -0.02619763 0.00241636
v 0.03539867 -0.02755534 0.00317166
v 0.03450882 -0.02755534 0.00328466
v 0.03319757 0.00075145 -0.00784861
v 0.03345382 0.00075145 -0.00789024
v 0.03707026 -0.01730881 -0.00130662
v 0.03769186 -0.01892143 0.00063218
v 0.03718938 -0.02231847 0.00240447
v 0.03603528 -0.02653844 0.00304082
v 0.03590415 -0.02718959 0.00339171
v 0.03738957 -0.01730881 -0.00130662
v 0.03759777 -0.01770227 -0.00069405
v 0.03567894 -0.02755534 0.00432543
v 0.03429462 -0.02755534 0.00438491
v 0.03066716 0.00075145 0.00456927
v 0.03194138 0.00075145 -0.00188351
v 0.03246187 0.00075145 -0.00450625
v 0.03280620 0.00075145 -0.00614769
v 0.03296035 0.00075145 -0.00687920
v 0.03304043 0.00075145 -0.00721820
v 0.03399834 0.00075145 -0.00786645
v 0.03719839 -0.01090820 -0.00380447
v 0.03704724 -0.01090820 -0.00380447
v 0.03792308 -0.01642215 -0.00061674
v 0.03787203 -0.01767179 0.00063218
v 0.03793409 -0.02755534 0.02442122
v 0.03754472 -0.01642215 -0.00139583
v 0.03732251 -0.01016839 -0.00396505
v 0.03793709 0.00075145 -0.00715873
v 0.03427560 -0.02755534 0.00449196
v 0.03022274 0.00075145 0.00687681
v 0.03033385 0.00075145 0.00629398
v 0.03423857 0.00075145 -0.00783671
v 0.03793709 -0.01638890 0.03685099
v 0.03793409 -0.02755534 0.03777282
v 0.03793709 0.00075145 0.00671623
v 0.03004457 0.00075145 0.00788784
v 0.03326164 -0.02755534 0.01078416
v 0.03793709 -0.01638890 0.04741927
v 0.03793409 -0.02751932 0.03790960
v 0.03774291 -0.02755534 0.04052045
v 0.03793709 0.00049376 0.00813168
v 0.03770387 0.00075145 0.00940439
v 0.03000253 0.00075145 0.00814952
v 0.03312951 -0.02755534 0.01189035
v 0.02872231 0.00075145 0.01814091
v 0.02887646 0.00075145 0.01689199
v 0.03793409 -0.02017385 0.04754416
v 0.03793409 -0.02068091 0.04741332
v 0.03793409 -0.02233510 0.04656286
v 0.03793409 -0.02355980 0.04528420
v 0.03793409 -0.02465705 0.04388660
v 0.03793409 -0.02601198 0.04150770
v 0.03793409 -0.02689588 0.03987814
v 0.03793409 -0.02723946 0.03889090
v 0.03793709 -0.01516696 0.04735385
v 0.03782098 -0.01892143 0.04940565
v 0.03762479 -0.02755534 0.04190021
v 0.03793709 0.00023053 0.00942818
v 0.03479710 0.00075145 0.04064535
v 0.03298037 -0.02755534 0.01313927
v 0.03286326 -0.02755534 0.01439414
v 0.02861521 0.00075145 0.01934226
v 0.03779496 -0.02017385 0.04940565
v 0.03784500 -0.02142349 0.04815078
v 0.03778595 -0.02392555 0.04690186
v 0.03775992 -0.02267314 0.04815078
v 0.03772689 -0.02517519 0.04565293
v 0.03773190 -0.02642761 0.04314914
v 0.03782999 -0.01391732 0.04815673
v 0.03776193 -0.01516696 0.04939971
v 0.03779095 -0.01642215 0.04940565
v 0.03781097 -0.01767179 0.04940565
v 0.03793709 -0.01392563 0.04674128
v 0.03770487 -0.01892143 0.05065458
v 0.03761979 -0.02642761 0.04439807
v 0.03749767 -0.02755534 0.04314914
v 0.03478709 0.00075145 0.04075239
v 0.03713833 -0.00200275 0.02769816
v 0.03755172 -0.00141257 0.02065066
v 0.03757875 -0.00266498 0.02563446
v 0.03793709 -0.00217455 0.01943147
v 0.03285325 -0.02755534 0.01451309
v 0.02819181 0.00075145 0.02462343
v 0.03763881 -0.02017385 0.05065458
v 0.03769987 -0.02142349 0.04940565
v 0.03758876 -0.02517519 0.04690186
v 0.03762179 -0.02392555 0.04815078
v 0.03775392 -0.01267044 0.04815673
v 0.03770787 -0.01391732 0.04939971
v 0.03758375 -0.01516696 0.05066053
v 0.03763180 -0.01638890 0.05066053
v 0.03767885 -0.01767179 0.05065458
v 0.03793709 -0.01291705 0.04564699
v 0.03775392 -0.01141803 0.04690186
v 0.03734753 -0.01767179 0.05165967
v 0.03736455 -0.01892143 0.05166561
v 0.03732551 -0.02017385 0.05161804
v 0.03747265 -0.02642761 0.04565293
v 0.03736755 -0.02755534 0.04439807
v 0.03472903 0.00075145 0.04136496
v 0.03728647 -0.00283123 0.02938718
v 0.03731250 -0.00257355 0.02812042
v 0.03746264 -0.00266498 0.02688933
v 0.03470301 0.00068495 0.04190021
v 0.03594319 -0.00186144 0.03940237
v 0.03793709 -0.00345190 0.02437364
v 0.03754272 -0.00391463 0.03063611
v 0.03206850 -0.02755534 0.02439148
v 0.02811574 0.00075145 0.02563446
v 0.03748066 -0.02142349 0.05065458
v 0.03724143 -0.02142349 0.05150504
v 0.03717236 -0.02242653 0.05138609
v 0.03711531 -0.02325778 0.05125525
v 0.03716435 -0.02722838 0.04655097
v 0.03719739 -0.02755534 0.04578972
v 0.03723042 -0.02755534 0.04555183
v 0.03739157 -0.02517519 0.04815078
v 0.03713132 -0.02584296 0.04884066
v 0.03727646 -0.02649411 0.04694349
v 0.03738457 -0.02392555 0.04940565
v 0.03714033 -0.02465705 0.05012527
v 0.03719939 -0.02511424 0.04931645
v 0.03762379 -0.01141803 0.04815673
v 0.03759477 -0.01267044 0.04939971
v 0.03751869 -0.01391732 0.05066053
v 0.03726845 -0.01391732 0.05158235
v 0.03729848 -0.01516696 0.05160614
v 0.03732251 -0.01638890 0.05163588
v 0.03793709 -0.01175330 0.04438022
v 0.03759977 -0.01016839 0.04690186
v 0.03793709 -0.01076966 0.04315509
v 0.03780597 -0.01016839 0.04439807
v 0.03771588 -0.01016839 0.04564699
v 0.03679300 -0.01391732 0.05220681
v 0.03680702 -0.01516696 0.05223655
v 0.03681703 -0.01638890 0.05224844
v 0.03680401 -0.01767179 0.05228413
v 0.03679400 -0.01892143 0.05229007
v 0.03675096 -0.02017385 0.05224250
v 0.03668190 -0.02142349 0.05212950
v 0.03580206 -0.02517519 0.05249228
v 0.03467098 0.00075145 0.04190021
v 0.03716135 -0.00317759 0.03189693
v 0.03589715 -0.00196950 0.04028256
v 0.03596722 -0.00303627 0.04315509
v 0.03463494 0.00075145 0.04215595
v 0.03464896 0.00054087 0.04275067
v 0.03465697 -0.00194734 0.05029774
v 0.03471502 -0.00179771 0.04939971
v 0.03597522 -0.00426652 0.04690186
v 0.03793709 -0.00480129 0.02930987
v 0.03716035 -0.00567964 0.04064535
v 0.03747866 -0.00516704 0.03564965
v 0.03759777 -0.00516704 0.03439477
v 0.03197641 -0.02755534 0.02564636
v 0.02802865 0.00075145 0.02688933
v 0.03568194 -0.02642761 0.05240307
v 0.03621045 -0.02642761 0.05177861
v 0.03608232 -0.02755534 0.05161804
v 0.03612336 -0.02755534 0.05150504
v 0.03705825 -0.02392555 0.05102331
v 0.03719138 -0.02392555 0.05039290
v 0.03638662 -0.02755534 0.05065458
v 0.03662684 -0.02642761 0.05065458
v 0.03745864 -0.01016839 0.04815673
v 0.03725845 -0.01006864 0.04951271
v 0.03744663 -0.01141803 0.04939971
v 0.03740058 -0.01267044 0.05066053
v 0.03721240 -0.01267044 0.05146935
v 0.03761178 -0.00891597 0.04439807
v 0.03735654 -0.00891597 0.04690186
v 0.03722641 -0.00889103 0.04807347
v 0.03718237 -0.00929003 0.04916182
v 0.03793709 -0.00923739 0.04064535
v 0.03771388 -0.00891597 0.04315509
v 0.03673194 -0.01267044 0.05209976
v 0.03589715 -0.00939810 0.05255770
v 0.03594319 -0.01016839 0.05258744
v 0.03610635 -0.01267044 0.05265880
v 0.03616640 -0.01391732 0.05269449
v 0.03680601 -0.01642215 0.05226034
v 0.03618042 -0.01516696 0.05269449
v 0.03618042 -0.01639167 0.05270043
v 0.03618042 -0.01642215 0.05270043
v 0.03617842 -0.01767179 0.05269449
v 0.03616841 -0.01892143 0.05268259
v 0.03612637 -0.02017385 0.05265880
v 0.03605730 -0.02142349 0.05262907
v 0.03598022 -0.02267314 0.05258744
v 0.03585911 -0.02448248 0.05252796
v 0.03491722 -0.02755534 0.05268259
v 0.03623247 -0.00266498 0.03940237
v 0.03607031 -0.00256800 0.04067508
v 0.03603528 -0.00283677 0.04190021
v 0.03628852 -0.00391463 0.04315509
v 0.03605330 -0.00406702 0.04564699
v 0.03609834 -0.00381211 0.04446943
v 0.03451984 0.00075145 0.04293504
v 0.03389524 0.00075145 0.04695538
v 0.03437770 -0.00148461 0.05069621
v 0.03458991 -0.00209973 0.05113631
v 0.03591316 -0.00442723 0.04781774
v 0.03630454 -0.00516704 0.04690186
v 0.03761378 -0.00641668 0.03814155
v 0.03793709 -0.00569350 0.03192666
v 0.03712532 -0.00577662 0.04132928
v 0.03193337 -0.02755534 0.02677634
v 0.02793056 0.00075145 0.02888166
v 0.02796159 0.00075145 0.02813826
v 0.02798961 0.00075145 0.02759111
v 0.03554281 -0.02755534 0.05224250
v 0.03497928 -0.02755534 0.05264691
v 0.03710129 -0.00958374 0.05000038
v 0.03717336 -0.01041776 0.05031558
v 0.03723342 -0.01139586 0.05070216
v 0.03709128 -0.01096639 0.05115415
v 0.03715435 -0.01180040 0.05135041
v 0.03727646 -0.00756658 0.04446943
v 0.03716435 -0.00811520 0.04690186
v 0.03712932 -0.00826206 0.04759174
v 0.03767184 -0.00766910 0.04064535
v 0.03755973 -0.00766910 0.04190021
v 0.03631455 -0.00641668 0.04939971
v 0.03646969 -0.00766910 0.05066053
v 0.03793709 -0.00807918 0.03815939
v 0.03793709 -0.00703458 0.03562586
v 0.03494524 -0.00641668 0.05277180
v 0.03622246 -0.00895476 0.05199866
v 0.03579305 -0.00856408 0.05248039
v 0.03507436 -0.00766910 0.05277775
v 0.03524453 -0.01016839 0.05277775
v 0.03524453 -0.02267314 0.05278369
v 0.03517746 -0.02517519 0.05274802
v 0.03505735 -0.02642761 0.05271828
v 0.03410044 -0.02755534 0.05275396
v 0.03367103 0.00075145 0.04837083
v 0.03351989 0.00075145 0.04926292
v 0.03367903 -0.00007980 0.05067837
v 0.03583509 -0.00587083 0.05112442
v 0.03607332 -0.00633910 0.05069026
v 0.03591517 -0.00565194 0.05029774
v 0.03482513 -0.00257632 0.05069621
v 0.03331569 0.00039124 0.05110657
v 0.03356292 -0.00044278 0.05165967
v 0.03378914 -0.00132667 0.05200461
v 0.03473704 -0.00293375 0.05149909
v 0.03598123 -0.00670485 0.05150504
v 0.03608133 -0.00507560 0.04820431
v 0.03715334 -0.00691820 0.04409475
v 0.03749267 -0.00641668 0.03940237
v 0.03770987 -0.00641668 0.03689262
v 0.03720139 -0.00673810 0.04315509
v 0.03188433 -0.02755534 0.02833452
v 0.03177322 -0.02755534 0.03205156
v 0.03170015 -0.02755534 0.03453156
v 0.03166411 -0.02755534 0.03578049
v 0.02790253 0.00075145 0.03013654
v 0.03678399 -0.00891597 0.05066053
v 0.03702923 -0.01006864 0.05070216
v 0.03613637 -0.00766910 0.05171914
v 0.03399434 -0.00516704 0.05283128
v 0.03399434 -0.00641668 0.05286696
v 0.03475906 -0.00516704 0.05265880
v 0.03348785 -0.00168688 0.05262313
v 0.03363099 -0.00266498 0.05269449
v 0.03569996 -0.00766910 0.05234360
v 0.03274414 -0.00266498 0.05283128
v 0.03398833 -0.02755534 0.05274802
v 0.03347384 0.00075145 0.04950676
v 0.03342379 0.00056857 0.05027990
v 0.03317856 0.00075145 0.05086868
v 0.03599124 -0.00541919 0.04939971
v 0.03269810 0.00075145 0.05198677
v 0.03329967 -0.00085286 0.05249823
v 0.03464095 -0.00448265 0.05255770
v 0.03163809 -0.02755534 0.03702941
v 0.02771936 0.00075145 0.04140064
v 0.03224867 0.00074314 0.05261717
v 0.03149395 -0.00016292 0.05276586
v 0.03153599 0.00075145 0.05271233
v 0.03020673 0.00075145 0.05267665
v 0.03332770 -0.02755534 0.05262313
v 0.03328566 0.00075145 0.05043453
v 0.03225468 0.00075145 0.05260528
v 0.03162508 -0.02755534 0.03826644
v 0.02771135 0.00075145 0.04190021
v 0.03223666 0.00075145 0.05261717
v 0.02990444 0.00075145 0.05260528
v 0.02964919 0.00049376 0.05252202
v 0.03327265 -0.02755534 0.05259933
v 0.03160506 -0.02755534 0.04565293
v 0.02771736 0.00075145 0.04269120
v 0.02929186 0.00075145 0.05227818
v 0.03267508 -0.02755534 0.05195703
v 0.03165511 -0.02755534 0.04690186
v 0.02774939 0.00075145 0.04319077
v 0.02902360 0.00075145 0.05196893
v 0.03260902 -0.02755534 0.05187377
v 0.03179624 -0.02755534 0.04815078
v 0.02818780 0.00075145 0.04784748
v 0.02853013 0.00075145 0.05066053
v 0.03214057 -0.02755534 0.05095789
v 0.03208352 -0.02755534 0.05065458
v 0.02851211 0.00075145 0.05054158
v -0.01805528 -0.05875232 -0.01513961
v -0.02985114 -0.05189179 -0.01513961
v -0.01805528 -0.06010691 -0.01513961
v -0.01805528 -0.05746865 -0.04242472
v -0.02985114 -0.05043605 -0.04242472
v -0.02985114 -0.05363743 -0.01513961
v -0.01806105 -0.06014237 -0.01513961
v -0.01805528 -0.06014445 -0.01515029
v -0.01805528 -0.05909958 -0.04242472
v -0.02985114 -0.05244239 -0.04242472
v -0.02985114 -0.05368122 -0.01563638
v -0.02973221 -0.05373128 -0.01513961
v -0.01854369 -0.06000159 -0.01513961
v -0.01805528 -0.06076283 -0.02235884
v -0.01908291 -0.05868663 -0.04242472
v -0.01805528 -0.05930292 -0.04197068
v -0.02912140 -0.05298673 -0.04242472
v -0.02899670 -0.05319946 -0.04218969
v -0.02985114 -0.05265824 -0.04196000
v -0.02985114 -0.05420366 -0.02189144
v -0.02850829 -0.05463851 -0.01513961
v -0.02933386 -0.05469273 -0.02314406
v -0.01912217 -0.05979929 -0.01513961
v -0.01805528 -0.06082853 -0.02314406
v -0.01845478 -0.05920907 -0.04181845
v -0.01954708 -0.05849163 -0.04242472
v -0.01805528 -0.05953860 -0.04142049
v -0.02867225 -0.05331103 -0.04242472
v -0.02691026 -0.05473653 -0.04190391
v -0.02678209 -0.05590029 -0.03898203
v -0.02799793 -0.05462704 -0.04017055
v -0.02921377 -0.05335170 -0.04135640
v -0.02981073 -0.05270204 -0.04192261
v -0.02676246 -0.05463642 -0.04242472
v -0.02985114 -0.05267701 -0.04190925
v -0.02985114 -0.05421096 -0.02197958
v -0.02826004 -0.05482100 -0.01513961
v -0.02862721 -0.05542165 -0.02564395
v -0.02795290 -0.05584502 -0.02477059
v -0.02940198 -0.05474487 -0.02439401
v -0.01945471 -0.05967624 -0.01513961
v -0.01979417 -0.05989522 -0.01939156
v -0.01805528 -0.06088171 -0.02383848
v -0.01979417 -0.05999429 -0.02064150
v -0.01980572 -0.05860112 -0.04190925
v -0.02282050 -0.05702963 -0.04242472
v -0.01805528 -0.05958656 -0.04130030
v -0.01881273 -0.05942701 -0.04089968
v -0.01969026 -0.05919656 -0.04054980
v -0.02526950 -0.05571467 -0.04225646
v -0.02550043 -0.05587734 -0.04142316
v -0.02570827 -0.05602021 -0.04065397
v -0.02699455 -0.05604210 -0.03815141
v -0.02925188 -0.05463121 -0.03768401
v -0.02819422 -0.05476364 -0.03940135
v -0.02508245 -0.05684818 -0.03940135
v -0.02938351 -0.05347684 -0.04065397
v -0.02655463 -0.05477615 -0.04242472
v -0.02985114 -0.05312646 -0.04065397
v -0.02985114 -0.05432567 -0.02338710
v -0.02742638 -0.05546648 -0.01563638
v -0.02739521 -0.05544563 -0.01513961
v -0.02946780 -0.05479597 -0.02564395
v -0.02869534 -0.05547066 -0.02689657
v -0.02800140 -0.05587943 -0.02564395
v -0.02687562 -0.05596494 -0.01688900
v -0.02985114 -0.05440701 -0.02439401
v -0.02206652 -0.05852917 -0.01513961
v -0.02043038 -0.05958239 -0.01869447
v -0.01988193 -0.05976488 -0.01822174
v -0.01810724 -0.06090257 -0.02439401
v -0.01805528 -0.06091404 -0.02431388
v -0.02058280 -0.05965017 -0.02064150
v -0.02067979 -0.05969292 -0.02189144
v -0.02076985 -0.05973255 -0.02314406
v -0.01979417 -0.06007042 -0.02189144
v -0.02062321 -0.05841655 -0.04149527
v -0.02104235 -0.05858339 -0.04064328
v -0.02287130 -0.05700356 -0.04242472
v -0.02317267 -0.05721421 -0.04161012
v -0.01805528 -0.05961993 -0.04121484
v -0.01845478 -0.05971378 -0.04054980
v -0.01920415 -0.05959177 -0.04006372
v -0.02482959 -0.05614117 -0.04186385
v -0.02500394 -0.05580435 -0.04242472
v -0.02458942 -0.05605462 -0.04242472
v -0.02471528 -0.05666153 -0.04060589
v -0.02424303 -0.05711723 -0.04015452
v -0.02531338 -0.05698166 -0.03853067
v -0.02596691 -0.05669281 -0.03813004
v -0.02549697 -0.05711618 -0.03769737
v -0.02722317 -0.05617872 -0.03690146
v -0.02939506 -0.05473132 -0.03690146
v -0.02985114 -0.05439032 -0.03690146
v -0.02985114 -0.05434340 -0.03707240
v -0.02985114 -0.05400971 -0.03812470
v -0.02985114 -0.05397008 -0.03824488
v -0.02985114 -0.05332042 -0.04010377
v -0.02445664 -0.05723923 -0.03940135
v -0.02680057 -0.05591280 -0.01563638
v -0.02701764 -0.05571571 -0.01513961
v -0.02985114 -0.05450607 -0.02564395
v -0.02985114 -0.05454883 -0.02618613
v -0.02953246 -0.05484498 -0.02689657
v -0.02958788 -0.05488773 -0.02814651
v -0.02874499 -0.05551341 -0.02814651
v -0.02806952 -0.05592636 -0.02689657
v -0.02723125 -0.05620061 -0.02314406
v -0.02694605 -0.05601291 -0.01813894
v -0.02626827 -0.05682525 -0.02314406
v -0.02572444 -0.05725905 -0.02439401
v -0.02210693 -0.05855002 -0.01563638
v -0.02111047 -0.05931960 -0.01939156
v -0.02446241 -0.05724236 -0.01513961
v -0.02296368 -0.05834981 -0.01849149
v -0.01819384 -0.06094011 -0.02564395
v -0.01805528 -0.06099016 -0.02564395
v -0.01805528 -0.06091925 -0.02439401
v -0.02329621 -0.05853334 -0.02314406
v -0.02168202 -0.05958239 -0.02743073
v -0.02085414 -0.05976905 -0.02439401
v -0.02182520 -0.05840612 -0.04021863
v -0.02405020 -0.05636642 -0.04242472
v -0.02400517 -0.05695872 -0.04099049
v -0.02357217 -0.05734977 -0.04060589
v -0.01805528 -0.05984518 -0.04058453
v -0.01805528 -0.05997344 -0.04016520
v -0.01805528 -0.06020181 -0.03938266
v -0.01854369 -0.06001515 -0.03940135
v -0.01942931 -0.05968041 -0.03940135
v -0.02208961 -0.05853542 -0.03940135
v -0.02290826 -0.05830705 -0.03871228
v -0.02559858 -0.05717667 -0.03690146
v -0.02622440 -0.05680439 -0.03690146
v -0.02792057 -0.05581687 -0.03624711
v -0.02953477 -0.05482413 -0.03564885
v -0.02985114 -0.05451650 -0.03615363
v -0.02271543 -0.05820695 -0.03940135
v -0.02676939 -0.05589090 -0.01513961
v -0.02564361 -0.05720691 -0.02314406
v -0.02555932 -0.05715581 -0.02189144
v -0.02985114 -0.05460305 -0.02689657
v -0.02985114 -0.05464789 -0.02756961
v -0.02985114 -0.05468126 -0.02814651
v -0.02962598 -0.05491380 -0.02939378
v -0.02811917 -0.05595868 -0.02814651
v -0.02876000 -0.05553844 -0.02939378
v -0.02579718 -0.05730180 -0.02564395
v -0.02634910 -0.05686070 -0.02439401
v -0.02320731 -0.05848746 -0.02189144
v -0.02220969 -0.05860216 -0.01688900
v -0.02229629 -0.05875441 -0.01939156
v -0.02547157 -0.05710471 -0.02064150
v -0.02312071 -0.05843740 -0.02064150
v -0.02303065 -0.05838735 -0.01939156
v -0.02240714 -0.05860008 -0.01810155
v -0.02093727 -0.05980242 -0.02564395
v -0.02114396 -0.05978365 -0.02696601
v -0.01826427 -0.06097035 -0.02689657
v -0.01805528 -0.06104647 -0.02689657
v -0.02337242 -0.05856879 -0.02439401
v -0.02233901 -0.05927685 -0.02814651
v -0.02171320 -0.05959803 -0.02814651
v -0.02104581 -0.05987541 -0.02814651
v -0.02343131 -0.05859799 -0.02564395
v -0.01985653 -0.05978573 -0.03813004
v -0.01805528 -0.06077535 -0.03645543
v -0.02048234 -0.05960742 -0.03770004
v -0.02241291 -0.05861259 -0.03823687
v -0.02341861 -0.05856671 -0.03439890
v -0.02421878 -0.05835189 -0.03278572
v -0.02571058 -0.05724862 -0.03564885
v -0.02845517 -0.05551967 -0.03575835
v -0.02580064 -0.05731223 -0.03439890
v -0.02797484 -0.05585754 -0.03541381
v -0.02985114 -0.05459367 -0.03564885
v -0.02865377 -0.05548630 -0.03439890
v -0.02960520 -0.05486063 -0.03439890
v -0.02985114 -0.05463851 -0.03507996
v -0.02985114 -0.05471567 -0.02891571
v -0.02985114 -0.05473340 -0.02939378
v -0.02985114 -0.05476781 -0.03064640
v -0.02965601 -0.05492006 -0.03064640
v -0.02587108 -0.05734351 -0.02814651
v -0.02584567 -0.05732683 -0.02689657
v -0.02813418 -0.05596390 -0.02939378
v -0.02590572 -0.05737480 -0.03064640
v -0.02589301 -0.05735916 -0.02939378
v -0.02968025 -0.05491485 -0.03189634
v -0.02348096 -0.05862615 -0.02689657
v -0.01830930 -0.06098703 -0.02814651
v -0.01805528 -0.06107150 -0.02783402
v -0.02352137 -0.05865118 -0.02814651
v -0.02366917 -0.05860738 -0.02932167
v -0.02421647 -0.05835189 -0.03064640
v -0.02234941 -0.05929562 -0.02939378
v -0.02172359 -0.05960220 -0.02939378
v -0.02104581 -0.05988897 -0.02939378
v -0.01805528 -0.06080975 -0.03626046
v -0.01805528 -0.06088380 -0.03582779
v -0.01809107 -0.06089735 -0.03564885
v -0.01826542 -0.06096618 -0.03439890
v -0.02057818 -0.05965538 -0.03690146
v -0.02087262 -0.05979199 -0.03439890
v -0.02365416 -0.05858235 -0.03318101
v -0.02097999 -0.05983579 -0.03314629
v -0.02354677 -0.05869393 -0.03189634
v -0.02423841 -0.05836232 -0.03189634
v -0.02486422 -0.05800777 -0.03189634
v -0.02586877 -0.05736333 -0.03314629
v -0.02802911 -0.05589299 -0.03439890
v -0.02870689 -0.05552071 -0.03314629
v -0.02966524 -0.05489503 -0.03314629
v -0.02985114 -0.05468543 -0.03439890
v -0.02985114 -0.05478867 -0.03189634
v -0.02484229 -0.05799943 -0.03064640
v -0.02418991 -0.05833625 -0.02969025
v -0.02875076 -0.05554574 -0.03064640
v -0.02873691 -0.05554052 -0.03189634
v -0.02812495 -0.05595556 -0.03064640
v -0.02589994 -0.05738210 -0.03189634
v -0.02985114 -0.05476260 -0.03314629
v -0.01832200 -0.06099016 -0.02939378
v -0.01805528 -0.06108401 -0.02907061
v -0.01805528 -0.06107775 -0.02814651
v -0.02169588 -0.05958864 -0.03042205
v -0.02102503 -0.05985247 -0.03189634
v -0.01832777 -0.06098912 -0.03314629
v -0.01833355 -0.06099225 -0.03189634
v -0.01805528 -0.06090987 -0.03564885
v -0.01805528 -0.06103917 -0.03439890
v -0.02811224 -0.05594721 -0.03189634
v -0.01805528 -0.06108505 -0.02939378
v -0.01805528 -0.06108297 -0.03314629
v -0.01805528 -0.06108505 -0.03281777
v -0.01805528 -0.06108818 -0.03189634
v -0.01805528 -0.06108923 -0.03156249
v -0.01805528 -0.06108714 -0.03031789
v -0.00278189 0.02631315 -0.04280609
v -0.00353117 0.02630830 -0.04280609
v -0.00228317 0.02631194 -0.04280609
v -0.00228317 0.02614830 -0.04315641
v -0.00228317 0.02569618 -0.04412326
v -0.00353117 0.02568769 -0.04412722
v -0.00401784 0.02630103 -0.04280609
v -0.00153148 0.02630467 -0.04280609
v -0.00103277 0.02569254 -0.04410248
v -0.00228317 0.02528527 -0.04474869
v -0.00353117 0.02529012 -0.04475265
v -0.00478157 0.02525982 -0.04470614
v -0.00478157 0.02565618 -0.04408071
v -0.00478157 0.02627679 -0.04280609
v -0.00103277 0.02629739 -0.04280609
v -0.00103277 0.02613497 -0.04315641
v -0.00103277 0.02527436 -0.04472791
v 0.00022005 0.02610224 -0.04315641
v 0.00022005 0.02567436 -0.04406982
v 0.00022005 0.02525739 -0.04469525
v -0.00103277 0.02464890 -0.04558887
v -0.00103277 0.02415678 -0.04621430
v -0.00228317 0.02465981 -0.04556314
v -0.00353117 0.02466466 -0.04553246
v -0.00478157 0.02463436 -0.04548694
v -0.00603198 0.02457254 -0.04542262
v -0.00728479 0.02450224 -0.04534939
v -0.00853520 0.02442587 -0.04526131
v -0.00603198 0.02519800 -0.04459827
v -0.00603198 0.02559315 -0.04397284
v -0.00603198 0.02601497 -0.04315641
v -0.00603198 0.02619073 -0.04280609
v -0.00520801 0.02624770 -0.04280609
v -0.00027144 0.02627800 -0.04280609
v 0.00022005 0.02463193 -0.04556710
v 0.00022005 0.02626103 -0.04280609
v 0.00147045 0.02603800 -0.04315641
v 0.00147045 0.02563073 -0.04401540
v 0.00147045 0.02522224 -0.04464082
v -0.00228317 0.02412890 -0.04618857
v 0.00022005 0.02413981 -0.04619253
v 0.00022005 0.02351435 -0.04677244
v 0.00022005 0.02283799 -0.04739787
v -0.00353117 0.02289617 -0.04744438
v -0.00478157 0.02287193 -0.04742756
v -0.00353117 0.02410102 -0.04615789
v -0.00478157 0.02407072 -0.04611237
v -0.00603198 0.02401981 -0.04604805
v -0.00728479 0.02393739 -0.04597482
v -0.00853520 0.02383557 -0.04588674
v -0.00978560 0.02372405 -0.04575513
v -0.00978560 0.02431314 -0.04512969
v -0.00699327 0.02553012 -0.04386596
v -0.00735948 0.02579194 -0.04326824
v -0.00733298 0.02600406 -0.04280609
v 0.00147045 0.02459678 -0.04548892
v 0.00101270 0.02621982 -0.04280609
v 0.00147045 0.02619194 -0.04280609
v 0.00274495 0.02607800 -0.04280609
v 0.00272086 0.02592285 -0.04315641
v 0.00272086 0.02555800 -0.04391445
v 0.00272086 0.02517254 -0.04453989
v 0.00272086 0.02454709 -0.04539590
v 0.00147045 0.02407193 -0.04611435
v 0.00147045 0.02344648 -0.04675661
v 0.00147045 0.02281496 -0.04738204
v 0.00022005 0.02221253 -0.04792039
v -0.00353117 0.02227071 -0.04795403
v -0.00103277 0.02223193 -0.04793523
v -0.00228317 0.02225132 -0.04794909
v -0.00478157 0.02224647 -0.04793425
v -0.00603198 0.02215435 -0.04787882
v -0.00603198 0.02277981 -0.04734839
v -0.00603198 0.02339436 -0.04672296
v -0.00478157 0.02344526 -0.04680213
v -0.00728479 0.02331193 -0.04661708
v -0.00853520 0.02321011 -0.04650822
v -0.00978560 0.02309860 -0.04639936
v -0.01063848 0.02302223 -0.04632415
v -0.01147208 0.02293617 -0.04624300
v -0.01044092 0.02423920 -0.04504261
v -0.00978560 0.02472163 -0.04440728
v -0.00782688 0.02544769 -0.04376008
v -0.00853520 0.02573133 -0.04301688
v -0.00877130 0.02578224 -0.04280609
v 0.00359542 0.02595679 -0.04280609
v 0.00392549 0.02572163 -0.04322371
v 0.00347737 0.02550345 -0.04382440
v 0.00608900 0.02428163 -0.04509506
v 0.00522408 0.02436042 -0.04518511
v 0.00397127 0.02446587 -0.04529496
v 0.00272086 0.02398708 -0.04602133
v 0.00272086 0.02336163 -0.04669228
v 0.00272086 0.02274950 -0.04731772
v 0.00272086 0.02212405 -0.04783924
v 0.00147045 0.02218950 -0.04789466
v 0.00022005 0.02141859 -0.04854582
v -0.00103277 0.02144162 -0.04856066
v -0.00150016 0.01798585 -0.05129297
v -0.00194828 0.01798585 -0.05129297
v -0.00233376 0.01747555 -0.05168387
v -0.00353117 0.01732282 -0.05178778
v -0.00478157 0.01727918 -0.05175611
v -0.00603198 0.01723434 -0.05169475
v -0.00603198 0.02136041 -0.04850426
v -0.00728479 0.02064768 -0.04891494
v -0.00728479 0.02127313 -0.04841618
v -0.00728479 0.02203678 -0.04779174
v -0.00728479 0.02266223 -0.04724250
v -0.01048188 0.02174223 -0.04754533
v -0.01228641 0.02156162 -0.04738699
v -0.00978560 0.02243071 -0.04702479
v -0.01228641 0.02221981 -0.04676156
v -0.01353923 0.02206829 -0.04663587
v -0.01228641 0.02284405 -0.04613216
v -0.01353923 0.02269375 -0.04595008
v -0.01528112 0.02300769 -0.04506636
v -0.01313447 0.02428648 -0.04387289
v -0.01228641 0.02438951 -0.04404706
v -0.01093000 0.02448284 -0.04443994
v -0.01053488 0.02548163 -0.04280609
v -0.00978560 0.02561982 -0.04280609
v -0.00976392 0.02562345 -0.04280609
v 0.00393995 0.02590345 -0.04280609
v 0.00522408 0.02566103 -0.04289912
v 0.00647449 0.02548527 -0.04280609
v 0.00647449 0.02522951 -0.04330090
v 0.00897530 0.02437981 -0.04401737
v 0.00772489 0.02450224 -0.04422024
v 0.00897530 0.02397011 -0.04464281
v 0.00897530 0.02334466 -0.04550277
v 0.00897530 0.02283193 -0.04612821
v 0.00809351 0.02292647 -0.04623113
v 0.00725990 0.02300890 -0.04631129
v 0.00522408 0.02379436 -0.04581055
v 0.00397127 0.02389254 -0.04592039
v 0.00397127 0.02326708 -0.04658739
v 0.00397127 0.02264284 -0.04721282
v 0.00522408 0.02189980 -0.04767397
v 0.00397127 0.02201738 -0.04776205
v 0.00522408 0.01708161 -0.05157600
v 0.00397127 0.01718464 -0.05164626
v 0.00272086 0.01724403 -0.05169277
v 0.00147045 0.01728524 -0.05172147
v -0.00106168 0.01746828 -0.05166408
v -0.00228317 0.01649736 -0.05240331
v -0.00353117 0.01649252 -0.05241321
v -0.00478157 0.01643070 -0.05238154
v -0.00978560 0.01555191 -0.05258738
v -0.00728479 0.01716524 -0.05162647
v -0.00853520 0.01707555 -0.05155621
v -0.00853520 0.01770100 -0.05106833
v -0.00978560 0.01617736 -0.05211039
v -0.01054452 0.01549615 -0.05255077
v -0.00978560 0.01697494 -0.05148495
v -0.00829668 0.02055313 -0.04884369
v -0.01528112 0.01444160 -0.05270316
v -0.01353923 0.02139314 -0.04726131
v -0.01478963 0.02187435 -0.04643400
v -0.01528112 0.02286950 -0.04521876
v -0.01528112 0.02429254 -0.04280609
v -0.01499924 0.02438830 -0.04280609
v -0.01478963 0.02442345 -0.04286547
v -0.01354646 0.02455315 -0.04323360
v -0.01132994 0.02531678 -0.04280609
v -0.01086736 0.02541618 -0.04280609
v 0.00510603 0.02572042 -0.04280609
v 0.00522408 0.02570103 -0.04280609
v 0.00573966 0.02561618 -0.04280609
v 0.00740446 0.02530466 -0.04280609
v 0.00933187 0.02434102 -0.04395404
v 0.00933187 0.02393132 -0.04455572
v 0.00933187 0.02374587 -0.04482687
v 0.00933187 0.02329738 -0.04544241
v 0.00897530 0.02220647 -0.04671207
v 0.00933187 0.02277859 -0.04606784
v 0.00933187 0.02260162 -0.04624795
v 0.00897530 0.02152041 -0.04733751
v 0.00619983 0.02180041 -0.04759481
v 0.00522408 0.02252526 -0.04710495
v 0.00897530 0.02089495 -0.04788476
v 0.00933187 0.01526948 -0.05243399
v 0.00715631 0.01548281 -0.05254087
v 0.00397127 0.01630706 -0.05227170
v 0.00272086 0.01638221 -0.05231821
v 0.00147045 0.01643070 -0.05234690
v 0.00147045 0.01580524 -0.05270020
v 0.00022005 0.01582827 -0.05270020
v -0.00103277 0.01584888 -0.05269327
v -0.00228317 0.01587191 -0.05268238
v -0.00353117 0.01586706 -0.05267150
v -0.00728479 0.01568766 -0.05265269
v -0.00853520 0.01563191 -0.05263389
v -0.01528112 0.01393008 -0.05281994
v -0.01528112 0.02054586 -0.04745032
v -0.00853520 0.01485130 -0.05283775
v -0.01487637 0.02105495 -0.04713662
v -0.01528112 0.02178708 -0.04634196
v -0.01528112 0.02266587 -0.04280609
v -0.01478963 0.02445496 -0.04280609
v -0.01358019 0.02478345 -0.04280609
v -0.01157086 0.02525982 -0.04280609
v 0.00933187 0.02488406 -0.04280609
v 0.00933187 0.02471678 -0.04317225
v 0.00933187 0.02457739 -0.04346616
v 0.00933187 0.02215314 -0.04666655
v 0.00933187 0.02196162 -0.04684468
v 0.00933187 0.02129374 -0.04745428
v 0.00933187 0.02084526 -0.04784617
v 0.00933187 0.01509130 -0.05250326
v 0.00933187 0.01464402 -0.05267446
v 0.00897530 0.01467675 -0.05268733
v 0.00763334 0.01493251 -0.05268535
v 0.00647449 0.01552524 -0.05256462
v 0.00522408 0.01560281 -0.05260717
v 0.00397127 0.01568160 -0.05264873
v 0.00272086 0.01575676 -0.05268436
v 0.00272086 0.01485130 -0.05289218
v 0.00147045 0.01485130 -0.05291197
v 0.00022005 0.01485130 -0.05291593
v -0.00103277 0.01485130 -0.05291197
v -0.00728479 0.01485130 -0.05286150
v -0.01478963 0.01393008 -0.05283379
v -0.01528112 0.01393008 -0.05082885
v -0.01528112 0.01450584 -0.05029545
v 0.00933187 0.02334102 -0.04280609
v 0.00933187 0.01437130 -0.05272890
v 0.00647449 0.01485130 -0.05276155
v 0.00522408 0.01485130 -0.05280806
v 0.00397127 0.01485130 -0.05285358
v 0.00933187 0.01393008 -0.05279322
v 0.00739482 0.01393008 -0.05282884
v 0.00614442 0.01393008 -0.05283577
v 0.00489160 0.01393008 -0.05283775
v -0.00978560 0.01393008 -0.05285556
v 0.00933187 0.01393008 -0.05145329
v 0.00933187 0.01861943 0.05271470
v 0.00897661 0.01860380 0.05273591
v 0.00933187 0.01768264 0.05267757
v 0.00933187 0.01929037 0.05256617
v 0.00897661 0.01931695 0.05258209
v 0.00647388 0.01967431 0.05265104
v 0.00523848 0.01996364 0.05265635
v 0.00397314 0.01985339 0.05270409
v -0.00728318 0.01954764 0.05266696
v -0.00728318 0.01888218 0.05266696
v -0.00853455 0.01878443 0.05265635
v 0.00897661 0.01772252 0.05268817
v -0.01105724 0.01787656 0.05259269
v -0.01105724 0.01786640 0.05258739
v -0.01105724 0.01725099 0.05215773
v 0.00933187 0.01705706 0.05220016
v 0.00933187 0.01994488 0.05188720
v 0.00566358 0.02045394 0.05252374
v 0.00397314 0.02050633 0.05255556
v 0.00154625 0.02055481 0.05258209
v -0.00103033 0.02060251 0.05260861
v -0.00228170 0.02061190 0.05261922
v -0.00853455 0.01947335 0.05265635
v -0.01105724 0.01862413 0.05259800
v -0.01105724 0.01650186 0.05153180
v 0.00933187 0.01652141 0.05157424
v 0.00933187 0.02028269 0.05147345
v 0.00869920 0.02053448 0.05139389
v 0.00483134 0.02048913 0.05253435
v 0.00647388 0.02070886 0.05178642
v -0.00019010 0.02175592 0.05132493
v -0.00103033 0.02177547 0.05136206
v -0.00103033 0.02122731 0.05198798
v -0.00228170 0.02123825 0.05195616
v -0.00353307 0.02056654 0.05259269
v -0.00434536 0.02050868 0.05255556
v -0.00978591 0.01935918 0.05260330
v -0.01105724 0.01864055 0.05259800
v -0.01105724 0.01649482 0.05151589
v 0.00933187 0.01613277 0.05065657
v 0.00933187 0.02052744 0.05098544
v 0.00772525 0.02084883 0.05065657
v 0.00731012 0.02090983 0.05065657
v 0.00064414 0.02170431 0.05114458
v 0.00022303 0.02181926 0.05069900
v -0.00103033 0.02188807 0.05065657
v -0.00228170 0.02175905 0.05133023
v -0.00297025 0.02173402 0.05129310
v -0.00344525 0.02128048 0.05178642
v -0.00728318 0.02089106 0.05172807
v -0.00853455 0.02080426 0.05165911
v -0.00853455 0.02009814 0.05228503
v -0.01060020 0.01927394 0.05256087
v -0.01105724 0.01867965 0.05259269
v -0.01105724 0.01621253 0.05065657
v 0.00933187 0.01592320 0.04943124
v 0.00933187 0.02069869 0.04941002
v 0.00897661 0.02078393 0.04941002
v 0.00832000 0.02090983 0.04941002
v 0.00772525 0.02090983 0.05022691
v 0.00154625 0.02185836 0.04956385
v 0.00154625 0.02184819 0.04963811
v 0.00125685 0.02178016 0.05030647
v 0.00154625 0.02186305 0.04952672
v 0.00154625 0.02202492 0.04815817
v 0.00154625 0.02337929 0.03637166
v 0.00021904 0.02196783 0.04940471
v -0.00228170 0.02185445 0.05065657
v -0.00103033 0.02337929 0.03714081
v -0.00228170 0.02337929 0.03722037
v -0.00261899 0.02337929 0.03719385
v -0.00554484 0.02337929 0.03638227
v -0.00784999 0.02337929 0.03517286
v -0.00380450 0.02169805 0.05103849
v -0.00853455 0.02118274 0.05065657
v -0.00978591 0.02068306 0.05154241
v -0.00978591 0.01998319 0.05216834
v -0.01105724 0.01973687 0.05208877
v -0.01105724 0.01917464 0.05252374
v -0.01105724 0.01613121 0.04940471
v 0.00933187 0.01554629 0.04440261
v 0.00933187 0.02081756 0.04815817
v 0.00897661 0.02090670 0.04815817
v 0.00897661 0.02090983 0.04812104
v 0.00902851 0.02090983 0.04797782
v 0.00933187 0.02090983 0.04712380
v 0.00154625 0.02337929 0.02079247
v -0.00838486 0.02337929 0.03435067
v -0.00978591 0.02098177 0.05065657
v -0.00793381 0.02173402 0.04756937
v -0.00664452 0.02172464 0.04877349
v -0.00480639 0.02165035 0.05063535
v -0.01105724 0.02054699 0.05137267
v -0.01105724 0.02053683 0.05138328
v -0.01105724 0.01613043 0.04938880
v 0.00933187 0.01548999 0.04342659
v 0.00933187 0.02090983 0.03274341
v 0.00933187 0.01979865 0.00028013
v 0.00933187 0.01973062 -0.00062163
v 0.00612861 0.02051650 -0.00003814
v -0.01105724 0.02337929 0.01008277
v -0.00895566 0.02337929 0.03328977
v -0.01103728 0.02089106 0.04940471
v -0.01103728 0.02071512 0.05065657
v -0.01105724 0.02070730 0.05067778
v -0.01105724 0.01599827 0.04563325
v 0.00933187 0.01547748 0.04315076
v 0.00933187 0.01967118 -0.00089215
v 0.00933187 0.01943347 -0.00145442
v 0.00522251 0.02051650 -0.00003814
v -0.00103033 0.02082616 0.00076814
v -0.01105724 0.02337929 0.02413428
v -0.00228170 0.02071668 0.00096971
v -0.00299221 0.02055950 0.00118189
v -0.00427750 0.02056107 0.00240192
v -0.01105724 0.01833636 0.00811482
v -0.00930892 0.02337929 0.03189470
v -0.01105724 0.02217584 0.03692333
v -0.01105724 0.02102400 0.04815817
v -0.01105724 0.02088637 0.04940471
v -0.01105724 0.02071043 0.05065657
v -0.01105724 0.01596074 0.04437609
v 0.00933187 0.01544620 0.04205274
v 0.00933187 0.01900729 -0.00145442
v 0.00897661 0.01941157 -0.00139608
v 0.00318879 0.02048522 -0.00000100
v -0.01105724 0.02335896 0.02439950
v 0.00830203 0.01927160 -0.00126346
v -0.00228170 0.02025845 0.00096971
v -0.00299221 0.02038982 0.00118189
v -0.01105724 0.01777569 0.00813604
v -0.01105724 0.02323932 0.02589005
v -0.01105724 0.02312124 0.02733287
v -0.01105724 0.01593180 0.04311893
v 0.00933187 0.01544229 0.04189891
v 0.00933187 0.01888687 -0.00117329
v 0.00897661 0.01905812 -0.00139608
v 0.00830203 0.01920357 -0.00126346
v -0.01105724 0.01750200 0.00910675
v 0.00933187 0.01865619 -0.00062163
v -0.01105724 0.01588254 0.04061523
v -0.01105724 0.01586768 0.03940051
v 0.00933187 0.01543291 0.04075845
v -0.01105724 0.01742302 0.00938789
v 0.00933187 0.01859519 -0.00028744
v 0.00933187 0.01539381 0.03440371
v -0.01105724 0.01586690 0.02939100
v 0.00933187 0.01539146 0.03314125
v 0.00933187 0.01776005 0.00444944
v 0.00933187 0.01752781 0.00598773
v 0.00933187 0.01734717 0.00719715
v 0.00933187 0.01663949 0.01216742
v -0.01105724 0.01624850 0.01812433
v -0.01105724 0.01587550 0.02813914
v 0.00933187 0.01541023 0.03189470
v 0.00933187 0.01651046 0.01314344
v -0.01105724 0.01624615 0.01814555
v 0.00933187 0.01556975 0.02646824
v 0.00933187 0.01555646 0.02689260
v 0.00933187 0.01544620 0.03063755
v -0.01105724 0.01615075 0.01939740
v 0.00933187 0.01639160 0.01431573
v -0.01105724 0.01615232 0.01937618
v 0.00933187 0.01628760 0.01564184
v 0.00933187 0.01608663 0.01845851
v -0.01105847 0.02605008 -0.00566386
v -0.01228849 0.02601021 -0.00813249
v -0.01228849 0.02590165 -0.00688181
v -0.01228849 0.02579138 -0.00566386
v -0.01105847 0.02475998 -0.00566386
v -0.01105847 0.02683466 -0.01552022
v -0.01353947 0.02592624 -0.01063385
v -0.01353947 0.02582361 -0.00938317
v -0.01323505 0.02556491 -0.00566386
v -0.02364834 0.01983622 -0.00566386
v -0.02364588 0.01875308 -0.04280609
v -0.01105847 0.02379134 -0.04280609
v -0.01105847 0.02685077 -0.01576381
v -0.01110407 0.02683805 -0.01572018
v -0.01168334 0.02673796 -0.01619282
v -0.01353947 0.02601021 -0.01188453
v -0.01479045 0.02593218 -0.01563656
v -0.01479045 0.02584312 -0.01438588
v -0.01479045 0.02575321 -0.01313520
v -0.01462160 0.02562005 -0.01063385
v -0.01446014 0.02557000 -0.00938317
v -0.01427527 0.02551402 -0.00813249
v -0.01417297 0.02548433 -0.00748534
v -0.01353947 0.02571165 -0.00813249
v -0.01358384 0.02559545 -0.00699452
v -0.01600691 0.02474810 -0.00566386
v -0.02364834 0.02135449 -0.00566386
v -0.02364834 0.01875223 -0.04280609
v -0.01105847 0.02536728 -0.04280609
v -0.01105847 0.02690166 -0.01654185
v -0.01105847 0.02692287 -0.01686906
v -0.01177824 0.02676002 -0.01688724
v -0.01295897 0.02674305 -0.02108646
v -0.01479045 0.02601191 -0.01688724
v -0.01604142 0.02591691 -0.02064291
v -0.01604142 0.02583124 -0.01939223
v -0.01545476 0.02549536 -0.01234262
v -0.01487919 0.02563701 -0.01190998
v -0.01604142 0.02574049 -0.01814155
v -0.01604142 0.02473792 -0.00566386
v -0.02331434 0.02154278 -0.00566386
v -0.02298033 0.02176416 -0.00592199
v -0.02364834 0.02147917 -0.00682364
v -0.02364834 0.02052495 -0.04280609
v -0.01133085 0.02531639 -0.04280609
v -0.01156872 0.02543768 -0.04249706
v -0.01105847 0.02574134 -0.04208986
v -0.01105847 0.02699666 -0.01814155
v -0.01194833 0.02679903 -0.01814155
v -0.01105847 0.02706113 -0.01939223
v -0.01305141 0.02676171 -0.02189359
v -0.01604142 0.02598562 -0.02189359
v -0.01701386 0.02560902 -0.02064291
v -0.01689924 0.02556576 -0.01939223
v -0.01676489 0.02551741 -0.01814155
v -0.01729240 0.02453012 -0.00813249
v -0.01611784 0.02563022 -0.01695995
v -0.01668601 0.02548942 -0.01742532
v -0.01709767 0.02438253 -0.00566386
v -0.01737005 0.02440289 -0.00695816
v -0.02258101 0.02195416 -0.00566386
v -0.02317630 0.02187443 -0.00813249
v -0.02364834 0.02148511 -0.00688181
v -0.02364834 0.02096008 -0.04210804
v -0.02332297 0.02071664 -0.04280609
v -0.01157242 0.02526041 -0.04280609
v -0.01228849 0.02534947 -0.04235891
v -0.01228849 0.02570571 -0.04173356
v -0.01110654 0.02577187 -0.04200988
v -0.01105847 0.02576593 -0.04203896
v -0.01105847 0.02711880 -0.02064291
v -0.01318451 0.02678970 -0.02314427
v -0.01329544 0.02681515 -0.02439131
v -0.01417790 0.02673627 -0.02864871
v -0.01604142 0.02602972 -0.02314427
v -0.01729240 0.02589486 -0.02939402
v -0.01729240 0.02574049 -0.02564199
v -0.01720119 0.02566585 -0.02314427
v -0.01710999 0.02564040 -0.02189359
v -0.01793453 0.02548942 -0.02486032
v -0.01979312 0.02468788 -0.02314427
v -0.01979312 0.02461663 -0.02189359
v -0.01979312 0.02454284 -0.02064291
v -0.01989295 0.02443258 -0.01944677
v -0.01966987 0.02443682 -0.01814155
v -0.01955155 0.02438932 -0.01688724
v -0.01854214 0.02467346 -0.01563656
v -0.01864690 0.02443258 -0.01310248
v -0.01793453 0.02423834 -0.00742353
v -0.01989665 0.02324765 -0.00566386
v -0.02240106 0.02205000 -0.00566386
v -0.02167266 0.02298301 -0.01124464
v -0.02234930 0.02268191 -0.01188453
v -0.02328599 0.02193635 -0.00938317
v -0.02339322 0.02199741 -0.01063385
v -0.02364834 0.02198554 -0.01200450
v -0.02364834 0.02102539 -0.04200260
v -0.02233205 0.02122726 -0.04280609
v -0.02357316 0.02111275 -0.04192989
v -0.02300745 0.02178113 -0.04135909
v -0.01358261 0.02478288 -0.04280609
v -0.01331762 0.02559799 -0.04150088
v -0.01228849 0.02605941 -0.04065376
v -0.01105847 0.02578035 -0.04200624
v -0.01105847 0.02717393 -0.02189359
v -0.01105847 0.02728165 -0.02436949
v -0.01228849 0.02702720 -0.02439131
v -0.01228849 0.02707385 -0.02564199
v -0.01228849 0.02716036 -0.02814334
v -0.01228849 0.02720277 -0.02939402
v -0.01338171 0.02683720 -0.02564199
v -0.01364547 0.02685332 -0.02819424
v -0.01353947 0.02691354 -0.02939402
v -0.01353947 0.02694747 -0.03064470
v -0.01421611 0.02674644 -0.02939402
v -0.01729240 0.02593472 -0.03064470
v -0.01345689 0.02685925 -0.02689267
v -0.01819458 0.02558272 -0.02939402
v -0.01813419 0.02555728 -0.02814334
v -0.01798259 0.02550554 -0.02564199
v -0.01739716 0.02565397 -0.02442403
v -0.01979312 0.02474556 -0.02439131
v -0.02080006 0.02440798 -0.02564199
v -0.02073597 0.02437151 -0.02439131
v -0.02065709 0.02433419 -0.02314427
v -0.02057205 0.02429771 -0.02189359
v -0.02043401 0.02423834 -0.01989759
v -0.01942953 0.02433927 -0.01563656
v -0.01922001 0.02425361 -0.01349877
v -0.01979312 0.02340881 -0.00688181
v -0.02048824 0.02301270 -0.00594017
v -0.02006057 0.02317471 -0.00566386
v -0.02072981 0.02311788 -0.00813249
v -0.02059177 0.02305850 -0.00688181
v -0.02231232 0.02209496 -0.00566386
v -0.02121788 0.02275570 -0.00688181
v -0.02086415 0.02317555 -0.00938317
v -0.02112297 0.02318234 -0.01075019
v -0.02223098 0.02326122 -0.01814155
v -0.02241462 0.02326377 -0.01929770
v -0.02297787 0.02301185 -0.01965037
v -0.02364834 0.02208648 -0.01313520
v -0.02364834 0.02260303 -0.01910865
v -0.02364834 0.02108052 -0.04190807
v -0.02084566 0.02195501 -0.04280609
v -0.02229507 0.02195670 -0.04164994
v -0.02166650 0.02172684 -0.04252614
v -0.02364834 0.02169376 -0.04065376
v -0.02326750 0.02192617 -0.04065376
v -0.02049317 0.02301610 -0.04133727
v -0.01479045 0.02445463 -0.04280609
v -0.01415079 0.02546907 -0.04126092
v -0.01365656 0.02574218 -0.04076647
v -0.01105847 0.02621887 -0.04065376
v -0.01105847 0.02690166 -0.03842508
v -0.01105847 0.02728250 -0.02439131
v -0.01228849 0.02723924 -0.03064470
v -0.01105847 0.02732067 -0.02562017
v -0.01228849 0.02725366 -0.03189538
v -0.01353947 0.02695764 -0.03189538
v -0.01427897 0.02676171 -0.03064470
v -0.01428513 0.02676426 -0.03189538
v -0.01729240 0.02592115 -0.03189538
v -0.01820814 0.02559121 -0.03189538
v -0.01822046 0.02559884 -0.03064470
v -0.02089127 0.02446141 -0.02814334
v -0.02085059 0.02444021 -0.02689267
v -0.02325764 0.02316283 -0.02439131
v -0.02319479 0.02313399 -0.02314427
v -0.02312823 0.02309837 -0.02189359
v -0.02229507 0.02342323 -0.02064291
v -0.02111065 0.02397710 -0.02064291
v -0.02083457 0.02281507 -0.00566386
v -0.02305059 0.02305341 -0.02064291
v -0.02364834 0.02272516 -0.02064291
v -0.01830304 0.02316368 -0.04280609
v -0.01979312 0.02318149 -0.04161359
v -0.02364834 0.02207545 -0.03947216
v -0.02229507 0.02240031 -0.04065376
v -0.02188712 0.02308819 -0.03915222
v -0.02164555 0.02294485 -0.03998843
v -0.02076925 0.02314078 -0.04065376
v -0.01790494 0.02422138 -0.04126456
v -0.01499997 0.02438847 -0.04280609
v -0.01707302 0.02436217 -0.04153724
v -0.01740949 0.02452757 -0.04077011
v -0.01449218 0.02558696 -0.04042835
v -0.01558787 0.02428923 -0.04263885
v -0.01486193 0.02571080 -0.03946126
v -0.01195819 0.02680412 -0.03789064
v -0.01113735 0.02692626 -0.03824693
v -0.01105847 0.02694238 -0.03823966
v -0.01105847 0.02740888 -0.03064470
v -0.01105847 0.02734696 -0.02689267
v -0.01105847 0.02736987 -0.02814334
v -0.01105847 0.02739022 -0.02939402
v -0.01105847 0.02741652 -0.03189538
v -0.01105847 0.02739107 -0.03312788
v -0.01228849 0.02720277 -0.03314606
v -0.01363561 0.02687622 -0.03316787
v -0.01422843 0.02675069 -0.03276067
v -0.01729240 0.02584736 -0.03314606
v -0.01812679 0.02555728 -0.03314606
v -0.02095042 0.02448771 -0.03189538
v -0.02092578 0.02447244 -0.03314606
v -0.02093810 0.02448092 -0.03064470
v -0.02091838 0.02447329 -0.02939402
v -0.02345731 0.02324256 -0.02939402
v -0.02342280 0.02322645 -0.02814334
v -0.02337350 0.02320609 -0.02689267
v -0.02331557 0.02318488 -0.02564199
v -0.02364834 0.02286512 -0.02314427
v -0.02364834 0.02280235 -0.02189359
v -0.02364834 0.02300846 -0.02624915
v -0.01734540 0.02354622 -0.04280609
v -0.01864567 0.02347157 -0.04200988
v -0.02364834 0.02242490 -0.03805061
v -0.02292118 0.02298217 -0.03752707
v -0.02230000 0.02317980 -0.03802516
v -0.01929026 0.02427990 -0.03898134
v -0.02115502 0.02331551 -0.03950488
v -0.01953799 0.02437744 -0.03814877
v -0.01820691 0.02434521 -0.04043199
v -0.01574439 0.02414080 -0.04280609
v -0.01636803 0.02391348 -0.04280609
v -0.01681296 0.02553862 -0.03773794
v -0.01566551 0.02556322 -0.03908314
v -0.01606607 0.02567094 -0.03815241
v -0.01479045 0.02600937 -0.03814877
v -0.01604142 0.02591776 -0.03689809
v -0.01234149 0.02684908 -0.03684356
v -0.01105847 0.02714255 -0.03687992
v -0.01105847 0.02714000 -0.03689809
v -0.01105847 0.02710099 -0.03716713
v -0.01105847 0.02739022 -0.03314606
v -0.01105847 0.02733170 -0.03437856
v -0.01105847 0.02724603 -0.03562924
v -0.01228849 0.02709675 -0.03439673
v -0.01335460 0.02684144 -0.03439673
v -0.01604142 0.02603651 -0.03564741
v -0.01729240 0.02575491 -0.03439673
v -0.01792343 0.02548518 -0.03505116
v -0.02083827 0.02441985 -0.03439673
v -0.02343019 0.02324511 -0.03189538
v -0.02345977 0.02325019 -0.03064470
v -0.02334145 0.02319676 -0.03439673
v -0.02339445 0.02322729 -0.03314606
v -0.02364834 0.02312806 -0.02939402
v -0.02364834 0.02310431 -0.02856872
v -0.02364834 0.02308904 -0.02814334
v -0.02364834 0.02305935 -0.02740166
v -0.02364834 0.02303730 -0.02689267
v -0.02364834 0.02267936 -0.03701080
v -0.02364834 0.02270650 -0.03689809
v -0.02304689 0.02305172 -0.03689809
v -0.02229507 0.02342662 -0.03689809
v -0.02056219 0.02428753 -0.03658906
v -0.01859144 0.02445633 -0.03939945
v -0.01989049 0.02448347 -0.03696353
v -0.01701509 0.02561326 -0.03689809
v -0.01296267 0.02674475 -0.03639273
v -0.01735772 0.02564379 -0.03553834
v -0.01311426 0.02678122 -0.03564741
v -0.01228849 0.02697715 -0.03564741
v -0.01979312 0.02470230 -0.03564741
v -0.02070639 0.02435030 -0.03564741
v -0.02323916 0.02314756 -0.03564741
v -0.02364834 0.02310431 -0.03189538
v -0.02364834 0.02313484 -0.03064470
v -0.02364834 0.02306444 -0.03314606
v -0.02364834 0.02295078 -0.03513115
v -0.02364834 0.02300337 -0.03439673
v -0.02364834 0.02303984 -0.03369868
v -0.02364834 0.02271838 -0.03682901
v -0.02364834 0.02290498 -0.03564741
v 0.02294907 0.00691293 0.04440140
v 0.02294907 0.00693975 0.04502357
v 0.00933320 0.01547697 0.04315006
v 0.00933320 0.01544631 0.04205251
v 0.00933320 0.01544248 0.04189872
v 0.00933320 0.01543291 0.04075923
v 0.00933320 0.01540225 0.03567698
v 0.00933320 0.01539459 0.03440467
v 0.00933320 0.01539267 0.03314634
v 0.02294907 0.00698381 0.03564902
v 0.02294907 0.00697040 0.04565273
v 0.00933320 0.01549038 0.04342969
v 0.00933320 0.01540991 0.03189500
v 0.02294907 0.00699531 0.03439768
v 0.02294907 0.00711984 0.04676426
v 0.00933320 0.01592337 0.04943471
v 0.00933320 0.01554594 0.04440140
v 0.02294907 0.00702788 0.03314634
v 0.02294907 0.00700872 0.03385939
v 0.00933320 0.01555552 0.02688965
v 0.02294907 0.00720223 0.04723963
v 0.00933320 0.01613412 0.05065809
v 0.02294907 0.00711218 0.03065065
v 0.00933320 0.01557085 0.02647020
v 0.02294907 0.00757966 0.04940675
v 0.00933320 0.01652113 0.05157387
v 0.02294907 0.00779998 0.05065809
v 0.02294907 0.00740340 0.02313563
v 0.00933320 0.01560342 0.02595289
v 0.02294907 0.00842073 0.05176262
v 0.00933320 0.01705567 0.05219605
v 0.02294907 0.00749536 0.02188429
v 0.00933320 0.01608622 0.01845185
v 0.00933320 0.01628739 0.01564158
v 0.02294907 0.00865256 0.05193739
v 0.00933320 0.01768025 0.05268540
v 0.00933320 0.01639085 0.01432033
v 0.00933320 0.01651155 0.01313890
v 0.02294907 0.00763713 0.02063295
v 0.02294907 0.00881349 0.05205623
v 0.02294907 0.00970630 0.05265044
v 0.02294907 0.00990747 0.05269239
v 0.02021257 0.01229275 0.05274132
v 0.01898361 0.01360131 0.05277628
v 0.00933320 0.01861712 0.05271336
v 0.00933320 0.01663992 0.01216719
v 0.02294907 0.00801648 0.01734732
v 0.02294907 0.00788620 0.01845884
v 0.02294907 0.01117771 0.05274132
v 0.02285044 0.01121411 0.05274832
v 0.01273084 0.01735071 0.05274832
v 0.02153350 0.01241920 0.05273433
v 0.02017791 0.01360514 0.05270637
v 0.00933320 0.01928960 0.05256656
v 0.01273084 0.01812857 0.05260850
v 0.01019161 0.01865544 0.05265743
v 0.00974907 0.01925703 0.05255257
v 0.02294907 0.00816209 0.01625676
v 0.00933320 0.01734496 0.00719679
v 0.02294907 0.01131182 0.05270637
v 0.02250920 0.01204752 0.05267841
v 0.01395180 0.01735646 0.05266443
v 0.01351593 0.01803469 0.05257355
v 0.02114961 0.01319131 0.05262947
v 0.01972472 0.01431019 0.05256656
v 0.01898361 0.01453818 0.05264345
v 0.00933320 0.01994483 0.05188845
v 0.01058349 0.01910950 0.05248267
v 0.01019161 0.01964021 0.05200031
v 0.00933320 0.01757870 0.00563087
v 0.02294907 0.00825405 0.01564158
v 0.02294907 0.01227743 0.05232887
v 0.02198270 0.01288285 0.05246869
v 0.01820651 0.01539267 0.05248966
v 0.01648170 0.01652496 0.05240577
v 0.01434901 0.01777604 0.05237082
v 0.01395180 0.01823203 0.05193739
v 0.01224032 0.01928960 0.05142008
v 0.01147921 0.01946586 0.05165776
v 0.02055779 0.01402472 0.05239878
v 0.00933320 0.02028203 0.05147601
v 0.00953580 0.02046404 0.05118938
v 0.00933320 0.01775880 0.00444944
v 0.02294907 0.00829620 0.01536195
v 0.02294907 0.01240579 0.05222401
v 0.02285044 0.01241920 0.05227993
v 0.02294907 0.01252266 0.05212614
v 0.02294907 0.01317790 0.05152494
v 0.01898361 0.01516276 0.05230091
v 0.01898361 0.01578734 0.05167174
v 0.01738143 0.01685450 0.05153193
v 0.01481420 0.01807301 0.05153193
v 0.01506346 0.01818796 0.05065809
v 0.01245492 0.01938923 0.05065809
v 0.02116295 0.01443664 0.05156688
v 0.02014459 0.01479108 0.05191642
v 0.00933320 0.02052726 0.05099364
v 0.01147921 0.01978582 0.05065809
v 0.01280415 0.01948885 0.04942073
v 0.01366389 0.01936623 0.04815541
v 0.01273084 0.01972642 0.04815541
v 0.00972775 0.02051385 0.05035749
v 0.02294907 0.00932695 0.00938489
v 0.02294907 0.00910662 0.01063623
v 0.02294907 0.00889013 0.01188756
v 0.00933320 0.01859413 -0.00028328
v 0.02199602 0.01412818 0.05089577
v 0.01973005 0.01556127 0.05142707
v 0.02294907 0.01351893 0.05058818
v 0.01821451 0.01663992 0.05088179
v 0.01777197 0.01693305 0.05053925
v 0.01601784 0.01805768 0.04916906
v 0.01346661 0.01927810 0.04901527
v 0.00933320 0.02069778 0.04940675
v 0.01620712 0.01815156 0.04815541
v 0.01461426 0.01923212 0.04630986
v 0.01403711 0.01941605 0.04679921
v 0.01096470 0.02051577 0.04665241
v 0.00989303 0.02056367 0.04940675
v 0.00965843 0.02174386 0.03768331
v 0.00933320 0.01865544 -0.00061883
v 0.02294907 0.01002051 0.00563087
v 0.02050714 0.01522599 0.05065809
v 0.01988200 0.01566090 0.05065809
v 0.02261584 0.01376608 0.05054624
v 0.02211866 0.01423164 0.05005689
v 0.02154150 0.01452860 0.05054624
v 0.02294907 0.01373542 0.04940675
v 0.02283177 0.01382547 0.04940675
v 0.02235592 0.01441748 0.04815541
v 0.02220663 0.01429678 0.04940675
v 0.01886098 0.01632188 0.05053925
v 0.01836246 0.01672805 0.05004990
v 0.00933320 0.02179175 0.03791401
v 0.01714150 0.01799637 0.04639375
v 0.01654168 0.01821478 0.04684815
v 0.01648170 0.01840446 0.04565273
v 0.01468358 0.01926469 0.04565273
v 0.01464359 0.02049470 0.03269194
v 0.01398112 0.01955591 0.04565273
v 0.01722680 0.01804427 0.04565273
v 0.01215901 0.02049853 0.04273761
v 0.01111399 0.02056558 0.04565273
v 0.01022893 0.02095259 0.04440140
v 0.01022893 0.02083189 0.04565273
v 0.00978906 0.02178026 0.03690036
v 0.00933320 0.02248722 0.03058774
v 0.00933320 0.02518863 -0.01863392
v 0.02294907 0.01224103 -0.00442178
v 0.02294907 0.01217014 -0.00413516
v 0.02294907 0.01196322 -0.00322637
v 0.02294907 0.01027532 0.00437953
v 0.02090302 0.01550379 0.04770800
v 0.02006061 0.01576435 0.04940675
v 0.02294907 0.01394809 0.04815541
v 0.02294907 0.01396150 0.04807153
v 0.02247188 0.01451519 0.04690407
v 0.02161481 0.01513977 0.04690407
v 0.01906491 0.01639085 0.04940675
v 0.01843977 0.01677595 0.04940675
v 0.01858906 0.01686982 0.04815541
v 0.01785195 0.01767450 0.04565273
v 0.01873701 0.01696179 0.04690407
v 0.01735343 0.01811132 0.04440140
v 0.01588188 0.01923978 0.04014404
v 0.01595919 0.01927619 0.03940303
v 0.01658033 0.01947352 0.03439068
v 0.01507413 0.01944670 0.04189872
v 0.01486619 0.02058666 0.03064366
v 0.01479688 0.02431307 -0.01062954
v 0.01339730 0.02174577 0.02394655
v 0.01523141 0.01961147 0.03940303
v 0.01147921 0.02092385 0.04064738
v 0.01147921 0.02080890 0.04189872
v 0.01156985 0.02065946 0.04315705
v 0.01130060 0.02062689 0.04440140
v 0.00998500 0.02183774 0.03564902
v 0.00933320 0.02560247 -0.00563817
v 0.01086607 0.02173428 0.03382444
v 0.01126595 0.02560055 -0.01188088
v 0.01094204 0.02550859 -0.00969978
v 0.00972375 0.02551625 -0.00585488
v 0.00933320 0.02648569 -0.01863392
v 0.02294907 0.01927427 -0.01863392
v 0.02098833 0.01555935 0.04690407
v 0.01887297 0.01704800 0.04565273
v 0.02294907 0.01413010 0.04690407
v 0.02256919 0.01458991 0.04565273
v 0.02173477 0.01521641 0.04565273
v 0.02110963 0.01563982 0.04565273
v 0.01987267 0.01689090 0.04189872
v 0.01797858 0.01774156 0.04440140
v 0.01998730 0.01696370 0.04064738
v 0.01890096 0.01771665 0.03952187
v 0.01746540 0.01817263 0.04315006
v 0.01714416 0.01924745 0.03397823
v 0.01648170 0.01963829 0.03314634
v 0.01499548 0.02064413 0.02939232
v 0.01773199 0.02335321 -0.01438356
v 0.01492750 0.02436672 -0.01188088
v 0.01398112 0.02470966 -0.01188088
v 0.01398112 0.02460429 -0.01062954
v 0.01590454 0.02050044 0.02651914
v 0.01213901 0.02174194 0.02891695
v 0.00933320 0.02574041 -0.00728099
v 0.01212302 0.02548751 -0.01366351
v 0.01155786 0.02561971 -0.01320213
v 0.01022893 0.02598565 -0.01313222
v 0.01022893 0.02588602 -0.01188088
v 0.01007564 0.02561205 -0.00812687
v 0.00933320 0.02646079 -0.01813757
v 0.01147921 0.02601822 -0.01863392
v 0.02294907 0.02088362 -0.01863392
v 0.02037518 0.01641959 0.04315006
v 0.01966073 0.01675870 0.04403788
v 0.01974871 0.01681426 0.04315006
v 0.02294907 0.01417225 0.04655454
v 0.02294907 0.01502865 0.03940303
v 0.02285577 0.01509954 0.03940303
v 0.02215864 0.01551146 0.04034678
v 0.02141487 0.01586781 0.04189872
v 0.02131890 0.01579501 0.04315006
v 0.02121893 0.01571837 0.04440140
v 0.02049781 0.01649239 0.04189872
v 0.02086437 0.01672805 0.03755049
v 0.02009127 0.01702693 0.03940303
v 0.01962341 0.01798487 0.03260805
v 0.01914356 0.01771282 0.03815170
v 0.01842911 0.01801744 0.03918632
v 0.01784129 0.01893707 0.03314634
v 0.01721614 0.01928768 0.03314634
v 0.01966740 0.02176110 -0.00717613
v 0.01856907 0.02308498 -0.01563489
v 0.01845310 0.02302751 -0.01438356
v 0.01867970 0.02313863 -0.01688623
v 0.01773199 0.02345284 -0.01563489
v 0.01592453 0.02425943 -0.01587957
v 0.01612447 0.02434564 -0.01813757
v 0.01504747 0.02441078 -0.01313222
v 0.01523141 0.02460620 -0.01688623
v 0.01523141 0.02469242 -0.01813757
v 0.01265619 0.02564270 -0.01863392
v 0.01219367 0.02551242 -0.01438356
v 0.00933320 0.02581130 -0.00812687
v 0.01147921 0.02591284 -0.01688623
v 0.01147921 0.02573083 -0.01438356
v 0.01147921 0.02599331 -0.01813757
v 0.01022893 0.02606228 -0.01438356
v 0.00933320 0.02639373 -0.01689322
v 0.00933320 0.02602588 -0.01098607
v 0.00933320 0.02594158 -0.00973473
v 0.01197906 0.02586303 -0.01863392
v 0.02121893 0.02192395 -0.01863392
v 0.02294907 0.02087404 -0.01846614
v 0.02294907 0.01504398 0.03927021
v 0.02294907 0.01517043 0.03817267
v 0.02294907 0.01531220 0.03690036
v 0.02223062 0.01556318 0.03940303
v 0.02153617 0.01632571 0.03690036
v 0.02171744 0.01645982 0.03439768
v 0.02294907 0.01949268 -0.00317045
v 0.01968206 0.01802128 0.03189500
v 0.01907424 0.01824927 0.03307643
v 0.02109363 0.02061923 -0.00312151
v 0.02037785 0.02147180 -0.00812687
v 0.01975271 0.02180517 -0.00812687
v 0.01907825 0.02271330 -0.01438356
v 0.02118294 0.02190671 -0.01813757
v 0.01877034 0.02318269 -0.01813757
v 0.01616579 0.02436288 -0.01863392
v 0.02016192 0.02203316 -0.01313222
v 0.02034986 0.02203316 -0.01431365
v 0.01563396 0.02457172 -0.01863392
v 0.01516343 0.02445485 -0.01438356
v 0.01523141 0.02472116 -0.01863392
v 0.01256289 0.02564079 -0.01813757
v 0.01879966 0.02319802 -0.01863392
v 0.02268915 0.02082614 -0.01563489
v 0.02294907 0.02077250 -0.01697711
v 0.02294907 0.01574136 0.03297157
v 0.02251454 0.01576819 0.03564902
v 0.02261051 0.01583333 0.03439768
v 0.02294907 0.02010385 -0.00937820
v 0.02284110 0.02017091 -0.00937820
v 0.02264117 0.01955208 -0.00187017
v 0.02119627 0.02067862 -0.00437285
v 0.02129757 0.02073610 -0.00562419
v 0.02139754 0.02079166 -0.00687553
v 0.02161081 0.02145073 -0.01563489
v 0.02090969 0.02175727 -0.01468416
v 0.02006328 0.02197760 -0.01188088
v 0.01996331 0.02192204 -0.01062954
v 0.01986067 0.02186264 -0.00937820
v 0.02108430 0.02185306 -0.01688623
v 0.02098433 0.02179942 -0.01563489
v 0.02294907 0.02065754 -0.01563489
v 0.02294907 0.02074951 -0.01669049
v 0.02260117 0.02076867 -0.01438356
v 0.02294907 0.02022072 -0.01062954
v 0.02250654 0.02071311 -0.01313222
v 0.02231327 0.02059815 -0.01062954
v 0.02221596 0.02054068 -0.00937820
v 0.02214798 0.02050044 -0.00850436
v 0.03863284 -0.03979737 -0.01867436
v 0.03856975 -0.03993116 -0.01867436
v 0.03710130 -0.03979737 -0.01867436
v 0.03859269 -0.03979737 -0.01812929
v 0.03720742 -0.04219898 -0.01867436
v 0.03849804 -0.03979737 -0.01691336
v 0.03810225 -0.04032375 -0.01563454
v 0.03742540 -0.04131729 -0.01438367
v 0.03747702 -0.04139405 -0.01563454
v 0.00933283 -0.06080215 -0.01867436
v 0.00933283 -0.05578399 -0.00850669
v 0.02875814 -0.03979737 0.00190557
v 0.03702674 -0.04246875 -0.01867436
v 0.03718735 -0.04216827 -0.01812929
v 0.03832883 -0.03979737 -0.01488682
v 0.03731641 -0.04114402 -0.01187495
v 0.03737090 -0.04123614 -0.01312582
v 0.03710991 -0.04206300 -0.01629841
v 0.03715006 -0.04210906 -0.01713698
v 0.00933283 -0.06220364 -0.01867436
v 0.00933283 -0.05566774 -0.00805246
v 0.00933283 -0.05450313 -0.00190993
v 0.00933283 -0.05433206 -0.00100148
v 0.00933283 -0.05306655 0.00643385
v 0.00933283 -0.05187342 0.01411376
v 0.00933283 -0.05170234 0.01528776
v 0.02663578 -0.03979737 0.01440726
v 0.00933283 -0.05550983 -0.00722787
v 0.03615772 -0.04374084 -0.01867436
v 0.03599710 -0.04350835 -0.01438367
v 0.03557550 -0.04413343 -0.01438367
v 0.03562426 -0.04420142 -0.01563454
v 0.03772080 -0.03979737 -0.00808041
v 0.03725618 -0.04104752 -0.01062408
v 0.03687473 -0.04167260 -0.01062408
v 0.03594548 -0.04343159 -0.01312582
v 0.00953072 -0.06216416 -0.01867436
v 0.00971428 -0.06210713 -0.01842978
v 0.00933283 -0.06216416 -0.01820616
v 0.00933283 -0.05157294 0.01653863
v 0.02645796 -0.03979737 0.01564415
v 0.03467494 -0.04589680 -0.01867436
v 0.03495027 -0.04501512 -0.01438367
v 0.03465486 -0.04586610 -0.01812929
v 0.03552101 -0.04405667 -0.01312582
v 0.03764337 -0.03979737 -0.00726281
v 0.03742826 -0.04011758 -0.00687148
v 0.03715006 -0.04086987 -0.00840886
v 0.03681450 -0.04157390 -0.00937321
v 0.03595122 -0.04218801 -0.00436974
v 0.03601431 -0.04227794 -0.00562061
v 0.03613190 -0.04245559 -0.00812234
v 0.03624949 -0.04263105 -0.01062408
v 0.00975443 -0.06211810 -0.01867436
v 0.01023053 -0.06129124 -0.01062408
v 0.00933283 -0.05734778 0.03616118
v 0.00933283 -0.06094252 -0.00436974
v 0.00933283 -0.05150057 0.01777552
v 0.02632603 -0.03979737 0.01716057
v 0.02634898 -0.03979737 0.01689502
v 0.03446270 -0.04616657 -0.01867436
v 0.03489577 -0.04493616 -0.01312582
v 0.03462331 -0.04582662 -0.01745843
v 0.03337857 -0.04708555 -0.01488682
v 0.03417589 -0.04652407 -0.01867436
v 0.03557837 -0.04290301 -0.00562061
v 0.03465486 -0.04461814 -0.00838789
v 0.03483268 -0.04485282 -0.01187495
v 0.03751143 -0.03979737 -0.00587917
v 0.03736803 -0.04001011 -0.00562061
v 0.03613764 -0.04126026 -0.00061713
v 0.03620074 -0.04136774 -0.00186800
v 0.03590246 -0.04211783 -0.00341936
v 0.01273147 -0.06125835 -0.01867436
v 0.01148100 -0.06128467 -0.01437668
v 0.01148100 -0.06117719 -0.01312582
v 0.01118559 -0.06092716 -0.00937321
v 0.01099343 -0.06086795 -0.00812234
v 0.01088157 -0.06083504 -0.00741655
v 0.00969420 -0.05710213 0.03783134
v 0.00933283 -0.05723812 0.03735615
v 0.00933283 -0.05140845 0.01938278
v 0.02545988 -0.03979737 0.02759379
v 0.03435084 -0.04547789 -0.01187495
v 0.03440820 -0.04556124 -0.01312582
v 0.03224856 -0.04846510 -0.01563454
v 0.03287093 -0.04775230 -0.01563454
v 0.03293403 -0.04782029 -0.01687842
v 0.03341299 -0.04712722 -0.01563454
v 0.03372274 -0.04627185 -0.01187495
v 0.03315486 -0.04681358 -0.01062408
v 0.03252963 -0.04753516 -0.01062408
v 0.03382025 -0.04696273 -0.01867436
v 0.03347035 -0.04719521 -0.01687842
v 0.03475811 -0.04351932 -0.00186800
v 0.03428488 -0.04539674 -0.01062408
v 0.03431642 -0.04414440 -0.00186800
v 0.03355639 -0.04481114 0.00063373
v 0.03362523 -0.04489668 -0.00061713
v 0.03736803 -0.03979737 -0.00449552
v 0.03730207 -0.03989826 -0.00436974
v 0.03607167 -0.04115280 0.00063373
v 0.03560992 -0.04166602 0.00188460
v 0.03311184 -0.04041367 0.03189147
v 0.03340152 -0.04086987 0.02658750
v 0.03311472 -0.04168138 0.02438626
v 0.03465486 -0.04212002 0.00784544
v 0.03498469 -0.04259815 0.00188460
v 0.03468927 -0.04342281 -0.00061713
v 0.01367219 -0.06094471 -0.01867436
v 0.01273147 -0.06110701 -0.01688541
v 0.01250776 -0.06096006 -0.01437668
v 0.01220661 -0.06085917 -0.01213351
v 0.01159859 -0.06101928 -0.01177712
v 0.01137201 -0.06098638 -0.01062408
v 0.00933283 -0.05717232 0.03804797
v 0.01090452 -0.05709117 0.03395295
v 0.01148100 -0.05621606 0.04064754
v 0.01023053 -0.05634326 0.04314928
v 0.01023053 -0.05620071 0.04440014
v 0.00933283 -0.05629282 0.04565101
v 0.00933283 -0.05112771 0.02438626
v 0.02541686 -0.03979737 0.02813886
v 0.03341012 -0.04587487 -0.00583724
v 0.03217972 -0.04839053 -0.01438367
v 0.03067973 -0.04938189 -0.00937321
v 0.03164054 -0.04909018 -0.01563454
v 0.03170363 -0.04915598 -0.01687842
v 0.03230592 -0.04853090 -0.01687842
v 0.03298278 -0.04788389 -0.01812929
v 0.03355065 -0.04728513 -0.01867436
v 0.03352771 -0.04725882 -0.01812929
v 0.03301720 -0.04664909 -0.00812234
v 0.03213670 -0.04709432 -0.00356611
v 0.03232026 -0.04730487 -0.00687148
v 0.03246080 -0.04745840 -0.00937321
v 0.03425333 -0.04404789 -0.00061713
v 0.03348469 -0.04471903 0.00188460
v 0.03304875 -0.04543622 0.00063373
v 0.03312045 -0.04552395 -0.00061713
v 0.03600571 -0.03979737 0.00857919
v 0.03609462 -0.03995528 0.00688807
v 0.03616058 -0.04007152 0.00563721
v 0.03600571 -0.04103875 0.00188460
v 0.03336424 -0.03979737 0.03314233
v 0.03329540 -0.03979737 0.03377126
v 0.03304301 -0.04030620 0.03314233
v 0.03248661 -0.04135677 0.03189147
v 0.03215105 -0.04211345 0.03031215
v 0.01650296 -0.05981738 -0.01867436
v 0.01641405 -0.05981080 -0.01813628
v 0.01629359 -0.05976035 -0.01688541
v 0.01617026 -0.05970333 -0.01562755
v 0.01523241 -0.05996433 -0.01437668
v 0.01398194 -0.05988099 -0.00812234
v 0.01337391 -0.06083285 -0.01618660
v 0.01338251 -0.05958490 -0.00238512
v 0.01220088 -0.05836106 0.01540656
v 0.01273147 -0.05626212 0.03564407
v 0.01247908 -0.05720522 0.02688799
v 0.01218941 -0.05710213 0.02906827
v 0.01230986 -0.05590242 0.04064754
v 0.01218367 -0.05585417 0.04155599
v 0.01158138 -0.05603621 0.04194733
v 0.01273147 -0.05613272 0.03689494
v 0.01132039 -0.05598576 0.04314928
v 0.01109668 -0.05590462 0.04440014
v 0.01093607 -0.05584978 0.04523173
v 0.01030223 -0.05600989 0.04565101
v 0.00996953 -0.05594629 0.04690189
v 0.00933283 -0.05614587 0.04690189
v 0.00933283 -0.05094348 0.02840441
v 0.02537671 -0.03979737 0.02869791
v 0.03120172 -0.04868443 -0.00812234
v 0.03061090 -0.04930731 -0.00812234
v 0.03088050 -0.04833789 -0.00235018
v 0.02984227 -0.04978983 -0.00562061
v 0.02991397 -0.04985563 -0.00687148
v 0.03089771 -0.04960340 -0.01344028
v 0.03094933 -0.04965165 -0.01438367
v 0.03108126 -0.04978105 -0.01687842
v 0.03113862 -0.04984466 -0.01812929
v 0.03176099 -0.04920423 -0.01812929
v 0.03235468 -0.04858134 -0.01812929
v 0.03264148 -0.04830938 -0.01867436
v 0.03299999 -0.04791021 -0.01867436
v 0.03190153 -0.04681358 0.00063373
v 0.03127629 -0.04752858 0.00063373
v 0.03187285 -0.04299951 0.02688799
v 0.03182409 -0.04419046 0.01938278
v 0.03233747 -0.04485501 0.01064068
v 0.03191013 -0.04557220 0.00938981
v 0.03182983 -0.04672804 0.00188460
v 0.03242351 -0.04618851 0.00063373
v 0.03220554 -0.04592532 0.00438634
v 0.03589099 -0.04085451 0.00396007
v 0.03351051 -0.03979737 0.03178664
v 0.03267303 -0.03979737 0.03900534
v 0.03245506 -0.04006714 0.03939667
v 0.03227150 -0.04103875 0.03564407
v 0.03241491 -0.04125150 0.03314233
v 0.03183270 -0.04166383 0.03564407
v 0.03120746 -0.04250384 0.03564407
v 0.03172371 -0.04281090 0.02938973
v 0.01698192 -0.05960902 -0.01867436
v 0.01785954 -0.05861109 -0.01175615
v 0.01767025 -0.05859574 -0.01062408
v 0.01754693 -0.05853652 -0.00937321
v 0.01603547 -0.05964850 -0.01437668
v 0.01593222 -0.05960463 -0.01342630
v 0.01498002 -0.05972307 -0.01062408
v 0.01469035 -0.05960902 -0.00812234
v 0.01405077 -0.05975158 -0.00698329
v 0.01347143 -0.05961999 -0.00311887
v 0.01344561 -0.05710652 0.02413468
v 0.01263682 -0.05726443 0.02563014
v 0.01336244 -0.05582566 0.03753784
v 0.01398194 -0.05616342 0.03189147
v 0.01398194 -0.05497029 0.04314928
v 0.01404504 -0.05479483 0.04433725
v 0.01372668 -0.05474877 0.04565101
v 0.01273147 -0.05512601 0.04565101
v 0.01273147 -0.05495055 0.04690189
v 0.00976303 -0.05587610 0.04790118
v 0.00933283 -0.05608446 0.04735611
v 0.00933283 -0.05090400 0.02938973
v 0.00933283 -0.05087110 0.03028420
v 0.00933283 -0.05077021 0.03303751
v 0.02534229 -0.03979737 0.02938973
v 0.03047037 -0.04915817 -0.00562061
v 0.02976770 -0.04971965 -0.00436974
v 0.03069981 -0.04815366 0.00063373
v 0.03039580 -0.04908360 -0.00436974
v 0.02908223 -0.05034472 -0.00436974
v 0.02915393 -0.05041490 -0.00562061
v 0.02922850 -0.05048070 -0.00687148
v 0.02930307 -0.05054431 -0.00812234
v 0.02966158 -0.05086452 -0.01438367
v 0.03005450 -0.04998283 -0.00937321
v 0.03042448 -0.05040613 -0.01687842
v 0.03049331 -0.05046974 -0.01812929
v 0.03052199 -0.05049386 -0.01867436
v 0.03088911 -0.05013636 -0.01867436
v 0.03115583 -0.04986878 -0.01867436
v 0.03212237 -0.04886647 -0.01867436
v 0.03237475 -0.04859670 -0.01867436
v 0.03113002 -0.04736409 0.00313547
v 0.03120459 -0.04744524 0.00188460
v 0.03112428 -0.04487694 0.02063365
v 0.03117304 -0.04369259 0.02813886
v 0.03183556 -0.04548009 0.01064068
v 0.03121033 -0.04621044 0.01064068
v 0.03167782 -0.04655259 0.00438634
v 0.03097515 -0.04719302 0.00563721
v 0.03262427 -0.03979737 0.03939667
v 0.03248947 -0.03979737 0.04043790
v 0.03236902 -0.03994432 0.04064754
v 0.03185851 -0.04044218 0.04189841
v 0.03214244 -0.04085451 0.03771953
v 0.03175239 -0.04155197 0.03689494
v 0.03096080 -0.04218801 0.03939667
v 0.03104398 -0.04229548 0.03814580
v 0.03112715 -0.04240076 0.03689494
v 0.03061951 -0.04302583 0.03689494
v 0.03089197 -0.04334825 0.03273003
v 0.03094360 -0.04341185 0.03189147
v 0.01848191 -0.05889621 -0.01867436
v 0.01863392 -0.05846195 -0.01437668
v 0.01852493 -0.05840712 -0.01312582
v 0.01843315 -0.05836106 -0.01209158
v 0.01835858 -0.05832158 -0.01126000
v 0.01912722 -0.05739164 -0.00545988
v 0.01718268 -0.05586075 0.02039605
v 0.01602973 -0.05590242 0.02563014
v 0.01719129 -0.05836545 -0.00583724
v 0.01660907 -0.05858477 -0.00550181
v 0.01600105 -0.05838738 -0.00061713
v 0.01467601 -0.05710213 0.01908229
v 0.01376683 -0.05599015 0.03439320
v 0.01462438 -0.05583004 0.03259027
v 0.01510048 -0.05477729 0.04064754
v 0.01485383 -0.05593093 0.03064059
v 0.01470756 -0.05586733 0.03189147
v 0.01499723 -0.05599454 0.02938973
v 0.01492839 -0.05471149 0.04189841
v 0.01474771 -0.05463911 0.04314928
v 0.01463872 -0.05458866 0.04387604
v 0.01593795 -0.05336263 0.04781033
v 0.01533279 -0.05358635 0.04819468
v 0.01349150 -0.05463472 0.04690189
v 0.01274007 -0.05473561 0.04802696
v 0.01148100 -0.05499003 0.04940362
v 0.00933283 -0.05597041 0.04812480
v 0.00958521 -0.05579715 0.04873975
v 0.00933283 -0.05074170 0.03435826
v 0.02529640 -0.03979737 0.03064059
v 0.02532222 -0.03979737 0.02990684
v 0.02963577 -0.04959244 -0.00232223
v 0.02813864 -0.05061668 0.00063373
v 0.03062238 -0.04807251 0.00188460
v 0.02963003 -0.04833570 0.00763580
v 0.02839964 -0.05085355 -0.00343333
v 0.02853157 -0.05096979 -0.00562061
v 0.02841397 -0.05211468 -0.01563454
v 0.02848568 -0.05217609 -0.01687842
v 0.02987095 -0.05105314 -0.01812929
v 0.02989963 -0.05107946 -0.01867436
v 0.03054207 -0.04799136 0.00313547
v 0.03105545 -0.04603279 0.01314242
v 0.03096941 -0.04469271 0.02313538
v 0.02961282 -0.04581785 0.02625208
v 0.02855451 -0.04602620 0.03314233
v 0.03227150 -0.03979737 0.04206612
v 0.03114723 -0.04122079 0.04314928
v 0.03177246 -0.04031059 0.04314928
v 0.03096941 -0.04097076 0.04565101
v 0.03123614 -0.04133703 0.04189841
v 0.03089771 -0.04211125 0.04028416
v 0.02998280 -0.04251700 0.04440014
v 0.03044742 -0.04281309 0.03939667
v 0.03053346 -0.04292056 0.03814580
v 0.02965298 -0.04461156 0.03405079
v 0.02991110 -0.04366627 0.03814580
v 0.02979064 -0.04477386 0.03189147
v 0.02994838 -0.04496248 0.02938973
v 0.01912722 -0.05858038 -0.01867436
v 0.01884042 -0.05857161 -0.01688541
v 0.01912722 -0.05796189 -0.01155350
v 0.01912722 -0.05854749 -0.01829001
v 0.01890351 -0.05809348 -0.01175615
v 0.01992167 -0.05724470 -0.00812234
v 0.01981269 -0.05718328 -0.00687148
v 0.01963200 -0.05708459 -0.00487288
v 0.01754979 -0.05480580 0.02938973
v 0.01743221 -0.05474219 0.03064059
v 0.01592935 -0.05585636 0.02659449
v 0.01588346 -0.05708678 0.01389014
v 0.01710812 -0.05832377 -0.00499867
v 0.01513776 -0.05605595 0.02813886
v 0.01592074 -0.05460183 0.03904727
v 0.01533566 -0.05480799 0.03943860
v 0.01740639 -0.05348765 0.04189841
v 0.01723718 -0.05339115 0.04314928
v 0.01753832 -0.05231426 0.04940362
v 0.01731461 -0.05218925 0.05065449
v 0.01502304 -0.05350081 0.04940362
v 0.01335670 -0.05457331 0.04752382
v 0.01230126 -0.05465446 0.04940362
v 0.01214065 -0.05458647 0.05009544
v 0.01149247 -0.05475535 0.05056364
v 0.00933283 -0.05583882 0.04894241
v 0.01023053 -0.05518523 0.05065449
v 0.00933283 -0.05072634 0.03686000
v 0.02506983 -0.03979737 0.04314928
v 0.02521036 -0.03979737 0.03439320
v 0.02523331 -0.03979737 0.03314233
v 0.02526199 -0.03979737 0.03189147
v 0.02835948 -0.04831596 0.01747503
v 0.02728109 -0.04848045 0.02438626
v 0.02881264 -0.04999161 0.00063373
v 0.02759945 -0.05122202 -0.00061713
v 0.02562336 -0.04935776 0.02938973
v 0.02712335 -0.05082943 0.00632903
v 0.02811857 -0.04682016 0.03064059
v 0.02712909 -0.05208397 -0.00487987
v 0.02717784 -0.05212126 -0.00562061
v 0.02803826 -0.05179007 -0.00937321
v 0.02837382 -0.05207739 -0.01493573
v 0.02756503 -0.05245024 -0.01187495
v 0.02714343 -0.05334289 -0.01726277
v 0.02781742 -0.05286257 -0.01812929
v 0.02855451 -0.05223750 -0.01812929
v 0.02917688 -0.05167822 -0.01812929
v 0.02920269 -0.05170454 -0.01867436
v 0.02925718 -0.04539894 0.03189147
v 0.02803253 -0.04673902 0.03189147
v 0.02847134 -0.04593628 0.03439320
v 0.03211950 -0.03979737 0.04314928
v 0.03061090 -0.04172085 0.04440014
v 0.03090345 -0.04087644 0.04651754
v 0.03052199 -0.04159584 0.04565101
v 0.03203633 -0.03979737 0.04372230
v 0.02989389 -0.04240076 0.04565101
v 0.02836809 -0.04457208 0.04379218
v 0.02973328 -0.04346229 0.04064754
v 0.02937764 -0.04429134 0.03814580
v 0.02840824 -0.04586610 0.03533659
v 0.02917688 -0.04530463 0.03314233
v 0.02850002 -0.04472561 0.04189841
v 0.01955170 -0.05835667 -0.01867436
v 0.02012817 -0.05736094 -0.01062408
v 0.02002779 -0.05730391 -0.00937321
v 0.02089394 -0.05709117 -0.01230821
v 0.02141306 -0.05614368 -0.00562061
v 0.02032607 -0.05676876 -0.00562061
v 0.01965495 -0.05459744 0.02026328
v 0.01912722 -0.05484089 0.02064064
v 0.01843315 -0.05461279 0.02665040
v 0.01780505 -0.05428381 0.03314233
v 0.01717982 -0.05460840 0.03314233
v 0.01648288 -0.05493959 0.03314233
v 0.01534713 -0.05607788 0.02695787
v 0.01664349 -0.05432767 0.03814580
v 0.01754693 -0.05357099 0.04064754
v 0.01601826 -0.05464789 0.03814580
v 0.01711385 -0.05457331 0.03379222
v 0.01882321 -0.05235155 0.04440014
v 0.01786241 -0.05306216 0.04314928
v 0.01965495 -0.05085136 0.05015833
v 0.01793985 -0.05182078 0.05065449
v 0.01850772 -0.05216293 0.04690189
v 0.01840161 -0.05209932 0.04768455
v 0.01479073 -0.05340211 0.05037497
v 0.01715400 -0.05209494 0.05131835
v 0.01456702 -0.05330342 0.05120655
v 0.01408519 -0.05361705 0.05073835
v 0.01191981 -0.05447681 0.05092702
v 0.01108521 -0.05467201 0.05143715
v 0.00933283 -0.05547474 0.05064051
v 0.00933283 -0.05068906 0.04308639
v 0.00933283 -0.05068467 0.04432328
v 0.02506983 -0.03979737 0.04340784
v 0.02714343 -0.04834886 0.02646172
v 0.02719792 -0.04840150 0.02563712
v 0.02683368 -0.05184710 -0.00061713
v 0.02621992 -0.04865592 0.03064059
v 0.02544554 -0.04919984 0.03189147
v 0.02482031 -0.04974377 0.03189147
v 0.02490922 -0.04981834 0.03064059
v 0.02463962 -0.05084478 0.02395998
v 0.02589296 -0.05334509 -0.00729076
v 0.02594745 -0.05338895 -0.00812234
v 0.02657269 -0.05288012 -0.00812234
v 0.02733559 -0.05225285 -0.00812234
v 0.02749046 -0.05238445 -0.01062408
v 0.02681074 -0.05307532 -0.01187495
v 0.02634324 -0.05368504 -0.01438367
v 0.02511285 -0.05492643 -0.01812929
v 0.02719219 -0.05338237 -0.01812929
v 0.02610806 -0.05351397 -0.01062408
v 0.02618550 -0.05357319 -0.01187495
v 0.02748759 -0.05318059 -0.01867436
v 0.02784323 -0.05288231 -0.01867436
v 0.02826484 -0.05252701 -0.01867436
v 0.02857745 -0.05225724 -0.01867436
v 0.02884705 -0.05202256 -0.01867436
v 0.02794361 -0.04665129 0.03314233
v 0.02740729 -0.04735312 0.03189147
v 0.03155736 -0.03979737 0.04691586
v 0.03135086 -0.03979737 0.04815275
v 0.03119025 -0.04002766 0.04815275
v 0.03080593 -0.04077337 0.04734912
v 0.03046176 -0.04135238 0.04692285
v 0.02977917 -0.04225600 0.04690189
v 0.02936043 -0.04302583 0.04565101
v 0.02828205 -0.04449093 0.04463075
v 0.02705739 -0.04576302 0.04474955
v 0.02713769 -0.04584197 0.04391797
v 0.02782316 -0.04524979 0.04314928
v 0.02811283 -0.04554808 0.03939667
v 0.02785184 -0.04656136 0.03439320
v 0.02748759 -0.04618192 0.03939667
v 0.02144461 -0.05733681 -0.01867436
v 0.02135570 -0.05734120 -0.01812929
v 0.02034041 -0.05735655 -0.01188194
v 0.02095704 -0.05712845 -0.01312582
v 0.02158514 -0.05676657 -0.01312582
v 0.02224766 -0.05590242 -0.00812234
v 0.02216736 -0.05585636 -0.00716498
v 0.02120943 -0.05477729 0.00938981
v 0.02091115 -0.05585198 0.00028433
v 0.01915590 -0.05432328 0.02563712
v 0.01983850 -0.05470271 0.01813191
v 0.02099719 -0.05465227 0.01189155
v 0.02091689 -0.05460402 0.01284193
v 0.02035762 -0.05426845 0.01938278
v 0.01980122 -0.05343940 0.03064059
v 0.01963200 -0.05333412 0.03261822
v 0.01907273 -0.05359951 0.03307944
v 0.01882608 -0.05359073 0.03439320
v 0.01869988 -0.05352055 0.03564407
v 0.01781079 -0.05358415 0.03929884
v 0.01837006 -0.05332974 0.03881666
v 0.01912436 -0.05234936 0.04307241
v 0.01866834 -0.05225943 0.04565101
v 0.01964060 -0.05209055 0.04266710
v 0.01912436 -0.05110358 0.05054966
v 0.01976393 -0.05092154 0.04939663
v 0.02207845 -0.04953102 0.04862794
v 0.02131268 -0.04987975 0.04939663
v 0.01951154 -0.05073731 0.05098991
v 0.01912722 -0.05107288 0.05066846
v 0.01904979 -0.05113868 0.05060557
v 0.01912722 -0.05176595 0.04691586
v 0.01912722 -0.05087329 0.05126944
v 0.01867407 -0.05103340 0.05159089
v 0.01648288 -0.05225285 0.05156294
v 0.01373529 -0.05348326 0.05161186
v 0.00933283 -0.05536727 0.05093401
v 0.01266837 -0.05362363 0.05197524
v 0.01220661 -0.05334289 0.05254127
v 0.01023053 -0.05482773 0.05163981
v 0.00933283 -0.05068467 0.04440014
v 0.00933283 -0.05069345 0.04558812
v 0.02508704 -0.03979737 0.04440014
v 0.02675624 -0.04797820 0.03189147
v 0.02604210 -0.04849142 0.03314233
v 0.02613101 -0.04857476 0.03189147
v 0.02535377 -0.04911650 0.03314233
v 0.02465970 -0.04960779 0.03408572
v 0.02422375 -0.05051799 0.02938973
v 0.02342643 -0.05086891 0.03166785
v 0.02389106 -0.05121325 0.02563712
v 0.02342930 -0.05211906 0.02063365
v 0.02463675 -0.05333851 0.00143038
v 0.02464822 -0.05459744 -0.01098047
v 0.02514440 -0.05370697 -0.00562061
v 0.02426391 -0.05433425 -0.00562061
v 0.02533082 -0.05419827 -0.01187495
v 0.02549717 -0.05431012 -0.01438367
v 0.02541686 -0.05425529 -0.01312582
v 0.02420941 -0.05555150 -0.01812929
v 0.02424670 -0.05557343 -0.01867436
v 0.02514440 -0.05494836 -0.01867436
v 0.02495511 -0.05481018 -0.01563454
v 0.02721800 -0.05340431 -0.01867436
v 0.02722373 -0.04717766 0.03439320
v 0.02595032 -0.04840589 0.03439320
v 0.03109274 -0.03979737 0.04934072
v 0.03105545 -0.03983246 0.04939663
v 0.03060804 -0.04045754 0.04939663
v 0.02984800 -0.04111113 0.05065449
v 0.02967592 -0.04213538 0.04778937
v 0.02921990 -0.04288108 0.04690189
v 0.02873520 -0.04374303 0.04565101
v 0.02817593 -0.04436811 0.04565101
v 0.02755069 -0.04504144 0.04565101
v 0.02696561 -0.04566651 0.04565101
v 0.02558894 -0.04679384 0.04690189
v 0.02571801 -0.04692106 0.04565101
v 0.02587575 -0.04708116 0.04384809
v 0.02719792 -0.04590119 0.04314928
v 0.02580405 -0.04700659 0.04467967
v 0.02729544 -0.04599550 0.04189841
v 0.02715490 -0.04711187 0.03529466
v 0.02173715 -0.05715916 -0.01867436
v 0.02168266 -0.05682139 -0.01438367
v 0.02243982 -0.05602305 -0.01062408
v 0.02234518 -0.05596383 -0.00937321
v 0.02297328 -0.05557782 -0.00937321
v 0.02287290 -0.05551641 -0.00812234
v 0.02216736 -0.05460840 0.00537865
v 0.01912436 -0.05357538 0.03303751
v 0.02172855 -0.05433425 0.01064068
v 0.02140732 -0.05241735 0.03064059
v 0.02137004 -0.05364337 0.01938278
v 0.02095130 -0.05337799 0.02438626
v 0.02088821 -0.05333632 0.02515494
v 0.02117788 -0.05227478 0.03314233
v 0.02087960 -0.05208177 0.03635685
v 0.02008228 -0.05236909 0.03814580
v 0.01983850 -0.05221556 0.04064754
v 0.01912722 -0.05295030 0.03822966
v 0.01912722 -0.05302926 0.03758676
v 0.01857082 -0.05344598 0.03689494
v 0.02129260 -0.05234716 0.03189147
v 0.02046373 -0.05181201 0.04064754
v 0.02228495 -0.05094786 0.03814580
v 0.02219030 -0.05087768 0.03915908
v 0.02127253 -0.05109920 0.04189841
v 0.02091115 -0.05085355 0.04523871
v 0.02009376 -0.05113429 0.04690189
v 0.01993315 -0.05102682 0.04815275
v 0.02339488 -0.04834667 0.04889349
v 0.02327729 -0.04823700 0.04972507
v 0.02194078 -0.04942356 0.04939663
v 0.02216162 -0.04960779 0.04778937
v 0.02364154 -0.04855064 0.04690189
v 0.02426677 -0.04802426 0.04690189
v 0.02349240 -0.04843001 0.04815275
v 0.02105742 -0.04971745 0.05065449
v 0.02090541 -0.04960340 0.05135329
v 0.02023716 -0.04984466 0.05163981
v 0.02023716 -0.04929854 0.05226175
v 0.01958038 -0.04955076 0.05252031
v 0.01802015 -0.05063423 0.05242248
v 0.01559378 -0.05188219 0.05244344
v 0.00933283 -0.05495933 0.05175861
v 0.01475918 -0.05212783 0.05255524
v 0.01765591 -0.05020874 0.05262513
v 0.01148100 -0.05339554 0.05256224
v 0.00933283 -0.05407983 0.05247838
v 0.00933283 -0.05425749 0.05238055
v 0.00933283 -0.05073293 0.04676911
v 0.02510711 -0.03979737 0.04469365
v 0.00933283 -0.05083601 0.04940362
v 0.02514153 -0.04912527 0.03446308
v 0.02503541 -0.04869978 0.03814580
v 0.02459373 -0.04954857 0.03491731
v 0.02379928 -0.04992362 0.03689494
v 0.02301630 -0.05054869 0.03689494
v 0.02239107 -0.05102243 0.03689494
v 0.02216162 -0.05210371 0.02908924
v 0.02285856 -0.05169796 0.02813886
v 0.02292166 -0.05301829 0.01564415
v 0.02342357 -0.05336263 0.00915920
v 0.02388532 -0.05367846 0.00313547
v 0.02383083 -0.05489134 -0.00812234
v 0.02391974 -0.05495274 -0.00937321
v 0.02354689 -0.05469614 -0.00436974
v 0.02373618 -0.05482773 -0.00687148
v 0.02358704 -0.05597261 -0.01812929
v 0.02362146 -0.05599673 -0.01867436
v 0.02589009 -0.04834667 0.03519683
v 0.03102964 -0.03979737 0.04962025
v 0.02972181 -0.04095541 0.05151402
v 0.02933175 -0.04173839 0.05065449
v 0.03083461 -0.03979737 0.05040990
v 0.02716064 -0.04462253 0.04897735
v 0.02870652 -0.04244901 0.05065449
v 0.02803539 -0.04420142 0.04690189
v 0.02741016 -0.04489449 0.04690189
v 0.02683081 -0.04551956 0.04690189
v 0.02620558 -0.04616877 0.04690189
v 0.02594745 -0.04590777 0.04915205
v 0.02543694 -0.04664909 0.04815275
v 0.02481170 -0.04725662 0.04815275
v 0.02496371 -0.04739918 0.04690189
v 0.02509277 -0.04750885 0.04565101
v 0.02465683 -0.04835983 0.04278590
v 0.02545988 -0.04794530 0.04064754
v 0.02566351 -0.04812734 0.03814580
v 0.02621705 -0.04741015 0.03939667
v 0.02319986 -0.05626212 -0.01867436
v 0.02262051 -0.05613929 -0.01312582
v 0.02336907 -0.05582785 -0.01496369
v 0.02296755 -0.05430354 0.00313547
v 0.02258896 -0.05364337 0.01189155
v 0.02219604 -0.05337799 0.01689502
v 0.02213581 -0.05333632 0.01765672
v 0.02168266 -0.05304461 0.02313538
v 0.02168839 -0.05179227 0.03439320
v 0.02157080 -0.05171989 0.03564407
v 0.02291019 -0.05046096 0.03814580
v 0.02210713 -0.05081188 0.03999066
v 0.02339202 -0.04959463 0.04142322
v 0.02469411 -0.04714696 0.04910313
v 0.02447901 -0.04695614 0.05065449
v 0.02411477 -0.04788170 0.04815275
v 0.02385664 -0.04748033 0.05065449
v 0.02310521 -0.04810541 0.05065449
v 0.02247998 -0.04860986 0.05065449
v 0.02168266 -0.04923274 0.05065449
v 0.02287290 -0.04917572 0.04690189
v 0.02377347 -0.04864933 0.04565101
v 0.02439297 -0.04813612 0.04565101
v 0.02227061 -0.04844536 0.05150704
v 0.02180312 -0.04807470 0.05233862
v 0.02454210 -0.04575424 0.05251332
v 0.02096851 -0.04839492 0.05256224
v 0.02023716 -0.04867346 0.05264609
v 0.01912722 -0.04968674 0.05256922
v 0.01718842 -0.05085355 0.05254826
v 0.02318839 -0.04690351 0.05245043
v 0.01874577 -0.04980079 0.05260416
v 0.01912722 -0.04904851 0.05266706
v 0.00933283 -0.05363460 0.05259718
v 0.02517594 -0.03979737 0.04565101
v 0.00933283 -0.05086671 0.04989977
v 0.02550003 -0.03979737 0.04939663
v 0.02493790 -0.04860766 0.03939667
v 0.02430979 -0.04932266 0.03814580
v 0.02368743 -0.04983369 0.03814580
v 0.03067400 -0.03979737 0.05093401
v 0.03040727 -0.03979737 0.05150004
v 0.03013194 -0.03979737 0.05194030
v 0.02939485 -0.04052772 0.05234560
v 0.02896751 -0.04142476 0.05196825
v 0.02854304 -0.04226697 0.05159788
v 0.02584707 -0.04580688 0.04999062
v 0.02576676 -0.04571696 0.05065449
v 0.02408608 -0.04914062 0.04064754
v 0.02514440 -0.04632888 0.05065449
v 0.02491782 -0.04611613 0.05168173
v 0.02363580 -0.04728513 0.05161884
v 0.02272950 -0.04767992 0.05198222
v 0.02576963 -0.04447119 0.05249934
v 0.02856025 -0.04106287 0.05260416
v 0.02736140 -0.04235031 0.05260416
v 0.02493503 -0.04492081 0.05260416
v 0.02371324 -0.04606787 0.05259718
v 0.02235665 -0.04724127 0.05259019
v 0.02534229 -0.04530901 0.05208705
v 0.02142740 -0.04767334 0.05265308
v 0.02021135 -0.04766457 0.05268802
v 0.00933283 -0.05336702 0.05260416
v 0.00933283 -0.05094567 0.05027713
v 0.02566065 -0.03979737 0.05058461
v 0.02562049 -0.03979737 0.05032605
v 0.02554879 -0.03979737 0.04985086
v 0.02964437 -0.03979737 0.05254127
v 0.02819313 -0.04189850 0.05242946
v 0.02733559 -0.04356537 0.05163282
v 0.02612814 -0.04486378 0.05166077
v 0.02697708 -0.04318375 0.05247139
v 0.02898185 -0.04014390 0.05267404
v 0.02776006 -0.04146424 0.05268104
v 0.02952104 -0.03979737 0.05259019
v 0.02407175 -0.04528050 0.05265308
v 0.02275818 -0.04646925 0.05266007
v 0.02773138 -0.04019435 0.05271597
v 0.00933283 -0.05287573 0.05260416
v 0.00933283 -0.05112113 0.05066846
v 0.02585854 -0.03979737 0.05111570
v 0.02575529 -0.03979737 0.05089208
v 0.02924571 -0.03979737 0.05266706
v 0.02896751 -0.03979737 0.05268104
v 0.02808989 -0.03979737 0.05270899
v 0.02790346 -0.03979737 0.05268802
v 0.00933283 -0.05258184 0.05255524
v 0.00933283 -0.05154004 0.05151402
v 0.00933283 -0.05173305 0.05180752
v 0.02654400 -0.03979737 0.05182849
v 0.02732698 -0.03979737 0.05240850
v 0.00933283 -0.05226162 0.05242248
v 0.00970567 -0.05215854 0.05250633
v 0.02677058 -0.03979737 0.05201717
v 0.02729830 -0.03979737 0.05239452
v 0.02725815 -0.03979737 0.05236657
v 0.00933187 -0.05287841 0.05260193
v -0.01728857 -0.05144801 0.05279606
v 0.00897532 -0.05298513 0.05260800
v 0.00933187 -0.05363493 0.05260193
v 0.00933187 -0.05258228 0.05255947
v -0.01805528 -0.05144801 0.05279606
v -0.01228886 -0.05394780 0.05281426
v -0.01805528 -0.05041629 0.05261407
v 0.00897532 -0.05368411 0.05260800
v -0.01103692 -0.05394780 0.05280213
v 0.00522219 -0.05479641 0.05259586
v 0.00647144 -0.05464887 0.05255947
v 0.00716845 -0.05458399 0.05253520
v 0.00800219 -0.05446471 0.05249881
v 0.00933187 -0.05408173 0.05247454
v 0.00933187 -0.05226209 0.05242601
v -0.01603931 -0.05269843 0.05280213
v -0.01805528 -0.05242951 0.05268080
v -0.01354884 -0.05402314 0.05272933
v -0.01103692 -0.05482152 0.05266260
v -0.00809071 -0.05585429 0.05255947
v -0.00728379 -0.05589510 0.05258980
v -0.00603185 -0.05592649 0.05260800
v -0.00477991 -0.05593904 0.05261407
v -0.00353333 -0.05594847 0.05261407
v -0.00228140 -0.05595265 0.05261407
v 0.00397025 -0.05494290 0.05262013
v -0.01805528 -0.04985648 0.05223188
v 0.00115272 -0.05585010 0.05254734
v 0.00198645 -0.05575070 0.05252307
v 0.00397025 -0.05556654 0.05242601
v 0.00522219 -0.05542110 0.05231681
v 0.00897532 -0.05430879 0.05243208
v 0.00933187 -0.05425962 0.05238354
v 0.00933187 -0.05173367 0.05180723
v -0.01478737 -0.05367888 0.05271113
v -0.01603931 -0.05343612 0.05260800
v -0.01805528 -0.05304164 0.05211055
v -0.01669075 -0.05333462 0.05253520
v -0.01313867 -0.05463317 0.05257160
v -0.01228886 -0.05470956 0.05262013
v -0.00978498 -0.05598404 0.05164950
v -0.00851696 -0.05607089 0.05198316
v -0.00405073 -0.05706076 0.05122485
v -0.00321700 -0.05710575 0.05132798
v -0.00103214 -0.05593487 0.05260193
v -0.00255216 -0.05710575 0.05132798
v -0.00219293 -0.05667360 0.05180723
v 0.00021712 -0.05589091 0.05257767
v -0.01805528 -0.04966708 0.05199529
v 0.00397025 -0.05615460 0.05180116
v 0.00522219 -0.05606461 0.05169197
v 0.00897532 -0.05501301 0.05180723
v 0.00933187 -0.05476397 0.05193463
v 0.00933187 -0.05154114 0.05150998
v -0.01805528 -0.04939712 0.05165557
v -0.01805528 -0.05335137 0.05169803
v -0.01805528 -0.05346019 0.05155244
v -0.01397240 -0.05448982 0.05243814
v -0.01068037 -0.05588777 0.05143111
v -0.00726234 -0.05685044 0.05055755
v -0.00766446 -0.05701995 0.04988417
v -0.00683073 -0.05708797 0.05007223
v -0.00359231 -0.05719260 0.05075167
v -0.00228140 -0.05742699 0.04940492
v -0.00171843 -0.05706913 0.05124912
v -0.00219293 -0.05719679 0.05076380
v 0.00522219 -0.05641305 0.05065461
v 0.00647144 -0.05593904 0.05149178
v 0.00933187 -0.05496069 0.05175870
v 0.00933187 -0.05112259 0.05066674
v 0.00933187 -0.05105458 0.05052115
v 0.00933187 -0.05094576 0.05027849
v -0.01805528 -0.04904763 0.05065461
v -0.01805528 -0.05373539 0.05067281
v -0.01538251 -0.05455679 0.05123699
v -0.01454878 -0.05470642 0.05160704
v -0.01354884 -0.05484140 0.05197102
v -0.01151410 -0.05578104 0.05113386
v -0.01107177 -0.05600811 0.05069707
v -0.00812020 -0.05711099 0.04905307
v -0.00726234 -0.05714342 0.04944132
v -0.00603185 -0.05723551 0.04940492
v -0.00477991 -0.05732026 0.04940492
v -0.00353333 -0.05740292 0.04940492
v -0.00228140 -0.05760069 0.04815524
v -0.00103214 -0.05756616 0.04815524
v -0.00103214 -0.05736211 0.04940492
v 0.00021712 -0.05695717 0.05083053
v 0.00397025 -0.05656582 0.05065461
v -0.00103214 -0.05716540 0.05047868
v 0.00090608 -0.05708168 0.05006010
v 0.00647144 -0.05619541 0.05065461
v 0.00726228 -0.05585848 0.05134011
v 0.00351451 -0.05709215 0.04885895
v 0.00478522 -0.05711413 0.04777912
v 0.00809602 -0.05575279 0.05104892
v 0.00933187 -0.05536773 0.05093973
v 0.00933187 -0.05086727 0.04990237
v -0.01805528 -0.04884987 0.04945952
v -0.01567740 -0.05466561 0.05040589
v -0.01805528 -0.05397710 0.04939279
v -0.01795341 -0.05459027 0.04638991
v -0.01695346 -0.05468654 0.04815524
v -0.01676045 -0.05461120 0.04894994
v -0.01607416 -0.05476711 0.04938066
v -0.01489460 -0.05485082 0.05075774
v -0.01189478 -0.05588777 0.05030276
v -0.01103692 -0.05631365 0.04940492
v -0.01228886 -0.05626761 0.04815524
v -0.00890299 -0.05712877 0.04790651
v -0.00853304 -0.05747408 0.04564980
v -0.00853304 -0.05762789 0.04440012
v -0.00728379 -0.05761429 0.04564980
v -0.00728379 -0.05745943 0.04689949
v -0.00728379 -0.05730352 0.04815524
v -0.00603185 -0.05755255 0.04689949
v -0.00353333 -0.05755988 0.04815524
v -0.00331351 -0.05833733 0.04139724
v -0.00228140 -0.05834047 0.04143364
v -0.00103214 -0.05833524 0.04136690
v -0.00103214 -0.05771998 0.04689949
v 0.00021712 -0.05748245 0.04815524
v 0.00021712 -0.05767917 0.04689949
v 0.00146906 -0.05738514 0.04815524
v 0.00272099 -0.05728678 0.04815524
v 0.00021712 -0.05726166 0.04940492
v 0.00272099 -0.05712668 0.04902881
v 0.00769657 -0.05594637 0.05064248
v 0.00394612 -0.05716226 0.04817950
v 0.00397025 -0.05733805 0.04689949
v 0.00397025 -0.05747826 0.04564980
v 0.00397025 -0.05761743 0.04440012
v 0.00504525 -0.05716749 0.04689949
v 0.00584145 -0.05706809 0.04626858
v 0.00897532 -0.05625819 0.04689949
v 0.00772338 -0.05637015 0.04815524
v 0.00772338 -0.05618285 0.04940492
v 0.00850886 -0.05586371 0.05021176
v 0.00894583 -0.05560002 0.05064248
v 0.00933187 -0.05547550 0.05064248
v 0.00933187 -0.05083379 0.04940492
v -0.01805528 -0.04872116 0.04815524
v -0.01422172 -0.05584697 0.04762139
v -0.01805528 -0.05451912 0.04648091
v -0.01586238 -0.05599451 0.04189468
v -0.01565595 -0.05591603 0.04315043
v -0.01550047 -0.05585848 0.04402400
v -0.01436112 -0.05589824 0.04690555
v -0.01733950 -0.05475874 0.04683882
v -0.01805528 -0.05463736 0.04564374
v -0.01671487 -0.05584697 0.04023855
v -0.01307165 -0.05587208 0.04898027
v -0.01230226 -0.05598823 0.04939886
v -0.01350863 -0.05594951 0.04808851
v -0.01353811 -0.05615355 0.04690555
v -0.01228886 -0.05645910 0.04690555
v -0.00890299 -0.05745838 0.04528582
v -0.00890299 -0.05756825 0.04440012
v -0.00890299 -0.05760906 0.04403613
v -0.00890299 -0.05835094 0.03659869
v -0.00806390 -0.05833943 0.03769065
v -0.00564849 -0.05834675 0.04027494
v -0.00603185 -0.05770010 0.04564980
v -0.00477991 -0.05763208 0.04689949
v -0.00414724 -0.05832269 0.04126984
v -0.00364861 -0.05838756 0.04077239
v -0.00353333 -0.05852359 0.03940138
v -0.00228140 -0.05853196 0.03940138
v -0.00032977 -0.05832897 0.04131231
v -0.00103214 -0.05851836 0.03940138
v 0.00146906 -0.05759336 0.04689949
v 0.00146906 -0.05773881 0.04564980
v 0.00272099 -0.05747722 0.04689949
v 0.00272099 -0.05763103 0.04564980
v 0.00522219 -0.05754105 0.04315043
v 0.00358153 -0.05836036 0.03789084
v 0.00522219 -0.05740502 0.04440012
v 0.00534550 -0.05723027 0.04577113
v 0.00606396 -0.05712041 0.04543141
v 0.00712020 -0.05707959 0.04381774
v 0.00933187 -0.05614623 0.04689949
v 0.00933187 -0.05608554 0.04735447
v 0.00908791 -0.05602381 0.04825837
v 0.00876890 -0.05593381 0.04940492
v 0.00836410 -0.05707855 0.04130624
v 0.00933187 -0.05717377 0.03805463
v 0.00933187 -0.05629586 0.04564980
v 0.00933187 -0.05583964 0.04894388
v -0.01805528 -0.04870338 0.04781552
v 0.00933187 -0.05073229 0.04676603
v -0.01805528 -0.04865629 0.04661436
v -0.01613046 -0.05603217 0.04065713
v -0.01603931 -0.05619541 0.03939531
v -0.01478737 -0.05634085 0.04189468
v -0.01478737 -0.05620692 0.04315043
v -0.01353811 -0.05630632 0.04564980
v -0.01805528 -0.05518043 0.04065106
v -0.01681138 -0.05589091 0.03939531
v -0.01214141 -0.05681068 0.04425452
v -0.00850087 -0.05836977 0.03684741
v -0.01348450 -0.05681068 0.04063286
v -0.01390002 -0.05681068 0.03939531
v -0.01473376 -0.05681068 0.03687168
v -0.00890299 -0.05884587 0.03027747
v -0.00853304 -0.05887203 0.03064146
v -0.00728379 -0.05889400 0.03189114
v -0.00853304 -0.05846499 0.03564626
v -0.00477991 -0.05888668 0.03439657
v -0.00477991 -0.05857800 0.03814563
v -0.00477991 -0.05847232 0.03940138
v -0.00477991 -0.05837187 0.04052367
v -0.00353333 -0.05864079 0.03814563
v -0.00228140 -0.05876530 0.03689595
v -0.00103214 -0.05875065 0.03689595
v -0.00103214 -0.05886576 0.03564626
v 0.00021712 -0.05883541 0.03564626
v 0.00021712 -0.05860207 0.03814563
v 0.00013937 -0.05836768 0.04067533
v 0.00114200 -0.05834989 0.04027494
v 0.00245827 -0.05835617 0.03908592
v 0.00647144 -0.05754628 0.04064500
v 0.00647144 -0.05741548 0.04189468
v 0.00647144 -0.05728364 0.04315043
v 0.00464581 -0.05833524 0.03637423
v 0.00281482 -0.05840535 0.03824269
v 0.00272099 -0.05865334 0.03564626
v 0.00272099 -0.05876740 0.03439657
v 0.00272099 -0.05888040 0.03314083
v 0.00397025 -0.05882704 0.03189114
v 0.00397025 -0.05850162 0.03564626
v 0.00398902 -0.05839489 0.03683528
v 0.00728373 -0.05711517 0.04315043
v 0.00933187 -0.05597044 0.04813097
v 0.00773411 -0.05716121 0.04179155
v 0.00772338 -0.05741025 0.03940138
v 0.00772338 -0.05753895 0.03814563
v 0.00877962 -0.05717586 0.03940138
v 0.00907451 -0.05722399 0.03820629
v 0.00897532 -0.05749082 0.03564626
v 0.00933187 -0.05723865 0.03735699
v 0.00933187 -0.05069358 0.04564980
v -0.01805528 -0.04857362 0.04440618
v -0.01694810 -0.05595161 0.03814563
v -0.01728857 -0.05627284 0.03314689
v -0.01730197 -0.05681068 0.02695307
v -0.01603931 -0.05630318 0.03814563
v -0.01805528 -0.05582708 0.03439051
v -0.01791856 -0.05582604 0.03503355
v -0.01805528 -0.05588673 0.03380813
v -0.01805528 -0.05594114 0.03325002
v -0.01608220 -0.05681068 0.03195181
v -0.00890299 -0.05893168 0.02902172
v -0.00853304 -0.05895365 0.02939177
v -0.00728379 -0.05898086 0.03064146
v -0.00477991 -0.05897562 0.03314083
v -0.00353333 -0.05895888 0.03439657
v -0.00353333 -0.05885948 0.03564626
v -0.00353333 -0.05875275 0.03689595
v -0.00228140 -0.05888040 0.03564626
v -0.00103214 -0.05897249 0.03439657
v 0.00021712 -0.05894946 0.03439657
v 0.00146906 -0.05887831 0.03439657
v 0.00021712 -0.05848383 0.03940138
v 0.00146906 -0.05876112 0.03564626
v 0.00151999 -0.05839698 0.03946204
v 0.00522219 -0.05871717 0.03064146
v 0.00482275 -0.05836559 0.03564626
v 0.00648753 -0.05839907 0.03178801
v 0.00588167 -0.05833210 0.03383847
v 0.00146906 -0.05897458 0.03314083
v 0.00272099 -0.05897353 0.03189114
v 0.00397025 -0.05892016 0.03064146
v 0.00522219 -0.05882181 0.02939177
v 0.00897532 -0.05737258 0.03689595
v 0.00711216 -0.05832897 0.03130270
v 0.00933187 -0.05734747 0.03616191
v 0.00842307 -0.05834571 0.02774170
v 0.00933187 -0.05069253 0.04558914
v -0.01805528 -0.04853700 0.04315043
v -0.01728857 -0.05615879 0.03439051
v -0.01805528 -0.05604264 0.03216413
v -0.01805528 -0.05651037 0.02691060
v -0.01805528 -0.05681068 0.02286429
v -0.00890299 -0.05922361 0.02342241
v -0.00851428 -0.05922361 0.02396838
v -0.00819526 -0.05922361 0.02438697
v -0.00728379 -0.05922361 0.02533939
v -0.00602917 -0.05922361 0.02653448
v -0.00473166 -0.05922361 0.02759004
v -0.00353333 -0.05901748 0.03314083
v -0.00228140 -0.05897772 0.03439657
v -0.00103214 -0.05902690 0.03314083
v 0.00021712 -0.05901957 0.03314083
v 0.00647144 -0.05870670 0.02813602
v 0.00212049 -0.05922361 0.02754151
v 0.00335098 -0.05922361 0.02626756
v 0.00436969 -0.05922361 0.02481162
v 0.00522219 -0.05891284 0.02813602
v 0.00560822 -0.05922361 0.02230011
v 0.00647144 -0.05890238 0.02564272
v 0.00647144 -0.05881030 0.02688634
v 0.00772338 -0.05878204 0.02438697
v 0.00780381 -0.05844616 0.02814815
v 0.00933187 -0.05840849 0.02415644
v 0.00897532 -0.05881134 0.02065005
v 0.00897532 -0.05859579 0.02313728
v 0.00933187 -0.05849848 0.02313728
v 0.00933187 -0.05068207 0.04440012
v -0.01805528 -0.04853386 0.04189468
v -0.01805528 -0.05681068 0.00757082
v -0.00890299 -0.05922361 0.00845652
v -0.00353333 -0.05922361 0.02797829
v -0.00228140 -0.05922361 0.02823915
v -0.00103214 -0.05922361 0.02838474
v -0.00078551 -0.05922361 0.02838474
v 0.00021712 -0.05922361 0.02823308
v 0.00029754 -0.05922361 0.02821488
v 0.00119561 -0.05922361 0.02793583
v 0.00680923 -0.05922361 0.01975221
v 0.00833461 -0.05922361 0.01632468
v 0.00772338 -0.05888145 0.02313728
v 0.00933187 -0.05871612 0.02063185
v 0.00897532 -0.05889819 0.01939429
v 0.00933187 -0.05922361 0.01367972
v 0.00933187 -0.05880716 0.01939429
v 0.00933187 -0.05072497 0.03686561
v 0.00933187 -0.05074171 0.03435411
v -0.01805528 -0.04868349 0.02814209
v -0.01805528 -0.05471270 -0.00761952
v -0.01728857 -0.05505382 -0.00687335
v -0.01454074 -0.05593800 -0.00647296
v -0.00417941 -0.05833733 -0.00752246
v -0.00344219 -0.05837815 -0.00801384
v -0.00296500 -0.05836349 -0.00879034
v -0.00228140 -0.05839698 -0.00883280
v -0.00228140 -0.05844093 -0.00812303
v 0.00933187 -0.05922361 -0.00112844
v 0.00933187 -0.05076682 0.03314083
v -0.01805528 -0.04868872 0.02783270
v -0.01805528 -0.05469177 -0.00769838
v -0.01805528 -0.05421672 -0.00788038
v -0.00228140 -0.05804016 -0.00883280
v 0.00522219 -0.05745315 -0.00914219
v -0.00103214 -0.05841163 -0.00886314
v 0.00021712 -0.05840221 -0.00886920
v 0.00146906 -0.05837500 -0.00885100
v 0.00238589 -0.05834885 -0.00880854
v 0.00933187 -0.05714970 -0.00888134
v 0.00933187 -0.05076996 0.03303163
v -0.01805528 -0.04871384 0.02688634
v -0.01805528 -0.05397710 -0.00788038
v 0.00522219 -0.05681172 -0.00914219
v 0.00647144 -0.05739246 -0.00915433
v 0.00772338 -0.05729515 -0.00908153
v 0.00897532 -0.05718423 -0.00893593
v 0.00933187 -0.05643084 -0.00892380
v 0.00933187 -0.05086937 0.03028353
v 0.00933187 -0.05090390 0.02939177
v 0.00933187 -0.05094366 0.02840294
v 0.00933187 -0.05112887 0.02438697
v -0.01805528 -0.04873163 0.02654661
v -0.01805528 -0.05330114 -0.00756492
v 0.00933187 -0.05602381 -0.00883280
v 0.00647144 -0.05673220 -0.00915433
v 0.00772338 -0.05668407 -0.00908153
v 0.00933187 -0.05140825 0.01939429
v 0.00933187 -0.05150033 0.01778669
v -0.01805528 -0.04878499 0.02564272
v -0.01805528 -0.05325928 -0.00733440
v 0.00933187 -0.05433495 -0.00100104
v 0.00933187 -0.05448982 -0.00184428
v 0.00933187 -0.05551004 -0.00722520
v 0.00933187 -0.05566908 -0.00805630
v 0.00933187 -0.05578314 -0.00851735
v 0.00933187 -0.05157463 0.01653701
v -0.01805528 -0.04926319 0.01813854
v -0.01805528 -0.05067893 0.00803794
v 0.00933187 -0.05306675 0.00643640
v -0.01805528 -0.04937829 0.01689493
v 0.00933187 -0.05170228 0.01528732
v -0.01805528 -0.05064544 0.00824420
v 0.00933187 -0.05187494 0.01411043
v -0.01805528 -0.04949339 0.01606382
v 0.00933187 0.02091052 0.04712302
v 0.00933187 0.02096670 0.04655049
v 0.00806303 0.02338060 0.03043345
v 0.00747247 0.02338060 0.03215888
v 0.00897621 0.02091052 0.04811906
v 0.00933187 0.02091052 0.03274709
v 0.00933187 0.02179254 0.03790768
v 0.00933187 0.02248774 0.03058247
v 0.00933187 0.02560292 -0.00563578
v 0.00933187 0.02583781 -0.00843568
v 0.00933187 0.02594138 -0.00972975
v 0.00791208 0.02782593 -0.02438802
v 0.00764511 0.02782593 -0.02336845
v 0.00758190 0.02782593 -0.02314885
v 0.00724512 0.02338060 0.03269219
v 0.00894414 0.02091052 0.04818965
v 0.00154806 0.02091052 0.04604071
v 0.00933187 0.02093286 0.03232358
v 0.00933187 0.02708334 -0.02563503
v 0.00808567 0.02782593 -0.02563503
v 0.00645457 0.02782593 -0.02085089
v 0.00671117 0.02338060 0.03352353
v 0.00832151 0.02091052 0.04940529
v 0.00154806 0.02109329 0.04314670
v 0.00933187 0.02095790 0.03186870
v 0.00154806 0.02091052 0.05213460
v -0.00030567 0.02338060 0.02133575
v -0.00030567 0.02355863 0.01688102
v -0.00030567 0.02363783 0.01562616
v 0.00933187 0.02711178 -0.02605855
v 0.00933187 0.02716458 -0.02688988
v 0.00933187 0.02716999 -0.02730556
v 0.00811208 0.02782593 -0.02688204
v 0.00636212 0.02782593 -0.02075678
v 0.00273294 0.02455911 0.02437093
v 0.00624231 0.02338060 0.03417449
v 0.00772530 0.02102559 0.04940529
v 0.00772530 0.02091052 0.05022094
v 0.00933187 0.02150756 0.02444152
v 0.00933187 0.02141279 0.02564147
v 0.00933187 0.02122528 0.02814334
v 0.00933187 0.02101815 0.03095892
v 0.00933187 0.02575049 -0.02798788
v 0.00363104 0.02091052 0.05190716
v 0.00154806 0.02108855 0.05190716
v -0.00030567 0.02459499 0.02437093
v -0.00030567 0.02338060 0.02437093
v -0.00030567 0.02627646 -0.01562756
v 0.00933187 0.02713682 -0.02798788
v 0.00776114 0.02782051 -0.02798788
v 0.00807529 0.02782593 -0.02696047
v 0.00518950 0.02782593 -0.01961173
v 0.00272257 0.02455979 0.02437093
v 0.00528761 0.02338060 0.03496661
v 0.00397443 0.02201931 0.04690342
v 0.00487630 0.02177833 0.04779750
v 0.00526591 0.02183384 0.04687989
v 0.00731115 0.02091052 0.05065230
v -0.00030567 0.02640304 -0.01688242
v -0.00030567 0.02646938 -0.01740789
v -0.00030567 0.02657566 -0.01812943
v -0.00030567 0.02662642 -0.01846667
v -0.00030567 0.02670156 -0.01891371
v 0.00766492 0.02633332 -0.02798788
v 0.00397443 0.02091052 0.05182873
v 0.00154806 0.02166257 0.05072289
v 0.00154806 0.02167747 0.05064446
v 0.00154806 0.02185008 0.04963273
v 0.00154806 0.02185888 0.04956999
v 0.00154806 0.02202676 0.04815828
v 0.00154806 0.02338060 0.03637049
v 0.00214428 0.02338060 0.03630774
v 0.00022167 0.02458890 0.02437093
v 0.00147165 0.02782593 -0.01772944
v 0.00021979 0.02782593 -0.01757259
v -0.00030567 0.02782593 -0.01758043
v 0.00729323 0.02782593 -0.02798788
v 0.00281407 0.02782593 -0.01820786
v 0.00387915 0.02338060 0.03585286
v 0.00272351 0.02196042 0.04815828
v 0.00396405 0.02183180 0.04818965
v 0.00647438 0.02103372 0.05065230
v 0.00647438 0.02091052 0.05108366
v -0.00030567 0.02702851 -0.01954114
v 0.00388198 0.02782593 -0.02798788
v 0.00523289 0.02091052 0.05149149
v 0.00209333 0.02172959 0.05002487
v 0.00272351 0.02180405 0.04919353
v -0.00030567 0.02782593 -0.02014504
v 0.00354142 0.02175396 0.04891119
v -0.00030567 0.02765399 -0.02011367
v -0.00030567 0.02771694 -0.02012935
v -0.00102902 0.06232255 -0.00597941
v 0.00021994 0.06230010 -0.00597941
v 0.00021994 0.06222314 -0.00688193
v -0.00102902 0.06224237 -0.00688193
v -0.00227957 0.06215899 -0.00688193
v -0.00227957 0.06222314 -0.00597941
v 0.00056882 0.06228085 -0.00597941
v 0.00146890 0.06215258 -0.00688193
v -0.00023249 0.06177096 -0.01011079
v -0.00102902 0.06188321 -0.00938510
v -0.00176979 0.06176776 -0.01007176
v -0.00227957 0.06199545 -0.00813122
v -0.00318442 0.06179021 -0.00899700
v -0.00357313 0.06184793 -0.00818404
v -0.00353171 0.06200507 -0.00688193
v -0.00353171 0.06204997 -0.00597941
v 0.00146890 0.06221672 -0.00597941
v 0.00272104 0.06199865 -0.00688193
v 0.00220808 0.06178380 -0.00892351
v 0.00146890 0.06196338 -0.00813122
v 0.00146890 0.06180945 -0.00909804
v 0.00146890 0.06123221 -0.01188598
v 0.00146890 0.06095322 -0.01313527
v 0.00021994 0.06104301 -0.01313527
v -0.00102902 0.06108149 -0.01313527
v -0.00102902 0.06177418 -0.01013146
v -0.00222381 0.06182228 -0.00940118
v -0.00227957 0.06103339 -0.01313527
v -0.00353171 0.06116808 -0.01188598
v -0.00432505 0.06179341 -0.00780282
v -0.00450507 0.06183831 -0.00688193
v -0.00458154 0.06185755 -0.00597941
v 0.00272104 0.06206279 -0.00597941
v 0.00294726 0.06201469 -0.00597941
v 0.00353191 0.06181907 -0.00688193
v 0.00339332 0.06177096 -0.00757777
v 0.00266369 0.06183831 -0.00805084
v 0.00272104 0.06106546 -0.01188598
v 0.00274175 0.06071912 -0.01319498
v 0.00233712 0.06055557 -0.01388852
v 0.00146890 0.06061009 -0.01404009
v 0.00021994 0.06066781 -0.01419395
v -0.00158499 0.06051388 -0.01502758
v -0.00168376 0.06051388 -0.01502758
v -0.00217283 0.06064536 -0.01439375
v -0.00358588 0.06077684 -0.01320876
v -0.00478067 0.06113921 -0.01063439
v -0.00487785 0.06081212 -0.01197554
v -0.00606149 0.06069667 -0.01056780
v -0.00603281 0.06089870 -0.00938510
v -0.00513114 0.06163308 -0.00688193
v -0.00520920 0.06165231 -0.00597941
v 0.00365298 0.06185755 -0.00597941
v 0.00522374 0.06106867 -0.00813122
v 0.00522374 0.06089550 -0.00938510
v 0.00403372 0.06070629 -0.01192273
v 0.00365776 0.06060367 -0.01281606
v 0.00397160 0.05990778 -0.01438686
v 0.00249483 0.05939148 -0.01652259
v 0.00146890 0.05950372 -0.01670861
v 0.00021994 0.05955824 -0.01674765
v -0.00320354 0.06059405 -0.01398268
v -0.00102902 0.05956465 -0.01672469
v -0.00227957 0.05950693 -0.01665349
v -0.00330550 0.05938506 -0.01648126
v -0.00452419 0.06064215 -0.01284132
v -0.00566641 0.06061329 -0.01161959
v -0.00603919 0.05950372 -0.01440982
v -0.00603281 0.05994947 -0.01313527
v -0.00649958 0.06041447 -0.01093983
v -0.00668756 0.06052350 -0.01010620
v -0.00603281 0.06115846 -0.00688193
v -0.00603281 0.06121298 -0.00597941
v 0.00522374 0.06122901 -0.00597941
v 0.00617480 0.06076401 -0.00688193
v 0.00609674 0.06069988 -0.00813122
v 0.00597885 0.06060688 -0.00938510
v 0.00588327 0.06053312 -0.01009702
v 0.00519347 0.06064536 -0.01056320
v 0.00475538 0.06056519 -0.01152773
v 0.00449253 0.06042729 -0.01236136
v 0.00516639 0.05946524 -0.01428581
v 0.00471077 0.05931451 -0.01511714
v 0.00397160 0.05945882 -0.01539731
v 0.00332800 0.05923755 -0.01625161
v 0.00374538 0.05818570 -0.01783848
v 0.00307789 0.05793877 -0.01867211
v 0.00268600 0.05831397 -0.01820822
v 0.00224472 0.05803177 -0.01879842
v 0.00146890 0.05910607 -0.01733325
v 0.00021994 0.05812477 -0.01892932
v -0.00102902 0.05811836 -0.01892932
v -0.00364482 0.05963199 -0.01575557
v -0.00478067 0.05946203 -0.01542487
v -0.00562658 0.05932735 -0.01515618
v -0.00227957 0.05808308 -0.01887650
v -0.00307450 0.05804780 -0.01882368
v -0.00414026 0.05923755 -0.01625391
v -0.00350782 0.05831718 -0.01819903
v -0.00478067 0.05818890 -0.01782700
v -0.00478067 0.05869238 -0.01688774
v -0.00675606 0.05934658 -0.01400564
v -0.00645975 0.05916700 -0.01483927
v -0.00689625 0.05948768 -0.01313527
v -0.00705237 0.05966406 -0.01188598
v -0.00707308 0.05994947 -0.01056780
v -0.00778040 0.05906758 -0.01063439
v -0.00730407 0.05987892 -0.00938510
v -0.00749524 0.05999116 -0.00688193
v -0.00673695 0.06055878 -0.00938510
v -0.00680385 0.06061009 -0.00813122
v -0.00668437 0.06083136 -0.00597941
v 0.00622577 0.06080891 -0.00597941
v 0.00667661 0.06039843 -0.00597941
v 0.00685184 0.06023488 -0.00597941
v 0.00680087 0.06017074 -0.00688193
v 0.00672281 0.06007454 -0.00813122
v 0.00660333 0.05995589 -0.00938510
v 0.00710196 0.05926000 -0.01002582
v 0.00699363 0.05912531 -0.01086175
v 0.00685025 0.05895855 -0.01188598
v 0.00622418 0.05959672 -0.01188598
v 0.00600912 0.05938827 -0.01313527
v 0.00587211 0.05926962 -0.01380125
v 0.00522374 0.05984685 -0.01313527
v 0.00554554 0.05909003 -0.01463488
v 0.00586574 0.05801574 -0.01628606
v 0.00522374 0.05818890 -0.01658001
v 0.00528905 0.05720440 -0.01820592
v 0.00458014 0.05798687 -0.01749860
v 0.00408630 0.05780088 -0.01820822
v 0.00491947 0.05691899 -0.01898902
v 0.00397160 0.05714026 -0.01922556
v 0.00397160 0.05660151 -0.01985251
v 0.00326268 0.05672979 -0.01998800
v 0.00275450 0.05738398 -0.01939321
v 0.00146890 0.05807667 -0.01885583
v 0.00242792 0.05682599 -0.02008215
v 0.00146890 0.05752829 -0.01948277
v 0.00021994 0.05759243 -0.01955626
v -0.00102902 0.05759243 -0.01955626
v -0.00551348 0.05806063 -0.01762032
v -0.00227957 0.05753791 -0.01950344
v -0.00390927 0.05792274 -0.01865833
v -0.00316372 0.05683882 -0.02007986
v -0.00353808 0.05738078 -0.01939321
v -0.00478067 0.05778484 -0.01845165
v -0.00673217 0.05807025 -0.01636643
v -0.00690262 0.05830115 -0.01563845
v -0.00776765 0.05656624 -0.01688774
v -0.00788395 0.05672016 -0.01620568
v -0.00767685 0.05884311 -0.01188598
v -0.00785209 0.05918945 -0.00938510
v -0.00812928 0.05844225 -0.01063439
v -0.00789191 0.05924076 -0.00866860
v -0.00754463 0.06004888 -0.00597941
v -0.00691855 0.06069026 -0.00597941
v 0.00699681 0.06006171 -0.00597941
v 0.00732498 0.05954541 -0.00688193
v 0.00725330 0.05944920 -0.00813122
v 0.00715931 0.05933055 -0.00938510
v 0.00734888 0.05867635 -0.01051957
v 0.00730587 0.05833321 -0.01188598
v 0.00717683 0.05812798 -0.01313527
v 0.00710674 0.05801574 -0.01380355
v 0.00663360 0.05875331 -0.01313527
v 0.00642968 0.05855449 -0.01421922
v 0.00609036 0.05820173 -0.01563845
v 0.00603142 0.05694144 -0.01783848
v 0.00575263 0.05668168 -0.01867211
v 0.00537986 0.05621348 -0.01949655
v 0.00500708 0.05574528 -0.02021076
v 0.00397160 0.05597617 -0.02040596
v 0.00226862 0.05555928 -0.02131996
v 0.00146890 0.05690296 -0.02015794
v 0.00021994 0.05696709 -0.02019927
v -0.00102902 0.05696709 -0.02018320
v -0.00227957 0.05691257 -0.02013497
v -0.00570624 0.05696068 -0.01896147
v -0.00602803 0.05738078 -0.01813473
v -0.00634824 0.05780088 -0.01719776
v -0.00478067 0.05715951 -0.01918423
v -0.00399848 0.05670093 -0.01995814
v -0.00353171 0.05477681 -0.02168510
v -0.00478067 0.05457478 -0.02153583
v -0.00691059 0.05696709 -0.01781552
v -0.00786483 0.05541818 -0.01867211
v -0.00799706 0.05570038 -0.01784078
v -0.00798431 0.05689013 -0.01536976
v -0.00801936 0.05821777 -0.01188598
v -0.00817866 0.05856411 -0.00938510
v -0.00807989 0.05707933 -0.01438686
v -0.00838417 0.05612690 -0.01438686
v -0.00830611 0.05737757 -0.01188598
v -0.00793333 0.05929848 -0.00783497
v -0.00796679 0.05936582 -0.00688193
v -0.00799387 0.05942355 -0.00597941
v 0.00736322 0.05960954 -0.00597941
v 0.00750022 0.05863145 -0.00938510
v 0.00748907 0.05737757 -0.01313527
v 0.00698885 0.05782012 -0.01463718
v 0.00727560 0.05739360 -0.01428811
v 0.00677060 0.05739360 -0.01571882
v 0.00706054 0.05670734 -0.01618731
v 0.00689486 0.05644117 -0.01688774
v 0.00647110 0.05611086 -0.01811636
v 0.00607443 0.05584469 -0.01917274
v 0.00584185 0.05549514 -0.02000637
v 0.00570644 0.05415789 -0.02117988
v 0.00487167 0.05438557 -0.02136360
v 0.00397160 0.05521936 -0.02103290
v 0.00310338 0.05540535 -0.02117299
v 0.00397160 0.05459081 -0.02151287
v 0.00270033 0.05494357 -0.02162310
v 0.00272104 0.05393661 -0.02229827
v 0.00146890 0.05348124 -0.02279661
v 0.00146890 0.05410657 -0.02238094
v 0.00146890 0.05561380 -0.02135900
v 0.00146890 0.05623914 -0.02078258
v 0.00021994 0.05622631 -0.02082622
v 0.00021994 0.05560097 -0.02134063
v -0.00654100 0.05666244 -0.01864914
v -0.00478067 0.05652775 -0.01980887
v -0.00567278 0.05567152 -0.02015794
v -0.00650595 0.05540535 -0.01991681
v -0.00478067 0.05520011 -0.02099386
v -0.00353171 0.05394623 -0.02230975
v -0.00443816 0.05318621 -0.02261748
v -0.00482528 0.05361272 -0.02218115
v -0.00559154 0.05435671 -0.02135671
v -0.00811972 0.05494998 -0.01820822
v -0.00703007 0.05582866 -0.01908318
v -0.00696794 0.05457157 -0.02030491
v -0.00735027 0.05367044 -0.02066776
v -0.00780270 0.05407130 -0.01984102
v -0.00799706 0.05323752 -0.02019698
v -0.00800502 0.05458440 -0.01900740
v -0.00836027 0.05487622 -0.01688774
v -0.00807671 0.05594090 -0.01688774
v -0.00827106 0.05863145 -0.00688193
v -0.00807830 0.05921510 -0.00597941
v -0.00844152 0.05487622 -0.01563845
v -0.00842559 0.05612690 -0.01313527
v -0.00834912 0.05737757 -0.01063439
v -0.00830611 0.05863145 -0.00597941
v 0.00766271 0.05863145 -0.00597941
v 0.00763563 0.05863145 -0.00688193
v 0.00758147 0.05863145 -0.00813122
v 0.00763722 0.05737757 -0.01188598
v 0.00764360 0.05612690 -0.01438686
v 0.00741101 0.05622631 -0.01571882
v 0.00719754 0.05698634 -0.01535368
v 0.00726126 0.05581583 -0.01688774
v 0.00712585 0.05554646 -0.01756291
v 0.00690920 0.05512315 -0.01839423
v 0.00648066 0.05489226 -0.01940010
v 0.00710036 0.05300342 -0.02001555
v 0.00707328 0.05171426 -0.02123269
v 0.00603142 0.05332410 -0.02145316
v 0.00581158 0.05170143 -0.02248199
v 0.00464546 0.05055658 -0.02379328
v 0.00497682 0.05210550 -0.02274149
v 0.00445907 0.05293928 -0.02243835
v 0.00362590 0.05313169 -0.02259681
v 0.00272104 0.05331127 -0.02269097
v 0.00093523 0.05177198 -0.02377491
v 0.00021994 0.05245183 -0.02347407
v 0.00021994 0.05349407 -0.02284942
v -0.00102902 0.05343314 -0.02283105
v -0.00642630 0.05410337 -0.02113854
v -0.00227957 0.05338824 -0.02278053
v -0.00353171 0.05332090 -0.02270934
v -0.00274793 0.05172388 -0.02372209
v -0.00353171 0.05093499 -0.02399308
v -0.00444135 0.05068807 -0.02385529
v -0.00580819 0.05207343 -0.02268408
v -0.00527133 0.05290721 -0.02243146
v -0.00601848 0.05366082 -0.02162769
v -0.00811972 0.05364158 -0.01940928
v -0.00840169 0.05362555 -0.01813473
v -0.00689625 0.05326959 -0.02144168
v -0.00773101 0.05268914 -0.02102831
v -0.00794926 0.05185536 -0.02131537
v -0.00806715 0.05231394 -0.02062183
v -0.00845904 0.05362555 -0.01688774
v -0.00836983 0.05737757 -0.00597941
v -0.00833160 0.05827870 -0.00597941
v 0.00765634 0.05737757 -0.00597941
v 0.00769298 0.05737757 -0.00813122
v 0.00771369 0.05737757 -0.00938510
v 0.00770254 0.05737757 -0.01063439
v 0.00774237 0.05487622 -0.01563845
v 0.00759421 0.05487622 -0.01688774
v 0.00725489 0.05477361 -0.01804058
v 0.00711789 0.05428937 -0.01879612
v 0.00722781 0.05350048 -0.01928297
v 0.00722621 0.05237808 -0.02030262
v 0.00724055 0.05088048 -0.02151976
v 0.00693787 0.05018459 -0.02235338
v 0.00610311 0.05086765 -0.02269097
v 0.00397160 0.05070089 -0.02385529
v 0.00397160 0.05132623 -0.02352459
v 0.00401461 0.05246466 -0.02287009
v 0.00603779 0.04831820 -0.02390811
v 0.00556465 0.04640049 -0.02488871
v 0.00472989 0.04687511 -0.02506094
v 0.00387760 0.04732407 -0.02515740
v 0.00339969 0.04803599 -0.02503109
v 0.00139881 0.05119796 -0.02396782
v 0.00146890 0.04835668 -0.02516658
v 0.00021994 0.04847213 -0.02521481
v 0.00021994 0.05112740 -0.02409871
v 0.00021994 0.05182329 -0.02380017
v 0.00272104 0.05090613 -0.02394255
v -0.00102902 0.05183933 -0.02380936
v -0.00102902 0.05246466 -0.02345570
v -0.00191316 0.05179443 -0.02379099
v -0.00230984 0.05123323 -0.02403671
v -0.00353171 0.04828934 -0.02512525
v -0.00429479 0.04810013 -0.02505635
v -0.00482846 0.04994728 -0.02406656
v -0.00573810 0.04957528 -0.02391270
v -0.00664296 0.05173671 -0.02250265
v -0.00614751 0.05244542 -0.02231434
v -0.00835231 0.05237808 -0.01938632
v -0.00843196 0.05112740 -0.01938632
v -0.00846223 0.05237808 -0.01813473
v -0.00730248 0.05231394 -0.02164606
v -0.00687554 0.05090293 -0.02271852
v -0.00709379 0.04987352 -0.02293899
v -0.00730407 0.04868698 -0.02316175
v -0.00797475 0.04827330 -0.02261289
v -0.00800980 0.05112740 -0.02142790
v -0.00822964 0.05112740 -0.02063561
v -0.00830452 0.02956128 -0.02439037
v -0.00816911 0.02956128 -0.02314108
v -0.00807352 0.02956128 -0.02264274
v -0.00799546 0.02956128 -0.02237405
v -0.00828381 0.05713706 -0.00597941
v 0.00735685 0.05630969 -0.00597941
v 0.00726126 0.02956128 -0.02320308
v 0.00752412 0.02956128 -0.02439037
v 0.00768979 0.03486542 -0.02314108
v 0.00774396 0.03611610 -0.02314108
v 0.00779653 0.03736677 -0.02314108
v 0.00780927 0.03861745 -0.02314108
v 0.00777263 0.05362555 -0.01688774
v 0.00759421 0.05362555 -0.01813473
v 0.00754961 0.05237808 -0.01938632
v 0.00741738 0.05123002 -0.02074354
v 0.00729790 0.04980939 -0.02191705
v 0.00712904 0.04935081 -0.02255318
v 0.00272104 0.04816427 -0.02508391
v 0.00587530 0.04556992 -0.02503568
v 0.00517754 0.04603812 -0.02515969
v 0.00339172 0.04431924 -0.02628268
v 0.00397160 0.04612150 -0.02553172
v 0.00272104 0.04737217 -0.02539853
v 0.00146890 0.04737217 -0.02554780
v -0.00102902 0.04851061 -0.02521710
v -0.00102902 0.05112740 -0.02413087
v 0.00091770 0.04551540 -0.02627119
v 0.00021994 0.04553464 -0.02627808
v -0.00227957 0.04846892 -0.02518955
v -0.00353171 0.04737217 -0.02545824
v -0.00473925 0.04732728 -0.02518496
v -0.00512955 0.04771531 -0.02489789
v -0.00420239 0.04428397 -0.02628038
v -0.00548639 0.04688153 -0.02505865
v -0.00657286 0.04910067 -0.02371061
v -0.00831885 0.04987352 -0.02063561
v -0.00831407 0.04612150 -0.02188949
v -0.00675288 0.04826688 -0.02384380
v -0.00753666 0.04737217 -0.02335695
v -0.00786165 0.04529734 -0.02368305
v -0.00793971 0.04446355 -0.02380936
v -0.00802892 0.04737217 -0.02273230
v -0.00825354 0.04737217 -0.02188949
v -0.00816114 0.02956128 -0.02542838
v -0.00756852 0.02956128 -0.02189179
v -0.00805759 0.05652775 -0.00597941
v 0.00725808 0.05613331 -0.00597941
v 0.00642013 0.02956128 -0.02187342
v 0.00690920 0.02956128 -0.02262437
v 0.00716090 0.02956128 -0.02301248
v 0.00746677 0.02956128 -0.02564196
v 0.00763722 0.03236408 -0.02439037
v 0.00765475 0.03361475 -0.02439037
v 0.00746677 0.03111340 -0.02564196
v 0.00757191 0.03736677 -0.02439037
v 0.00775670 0.03986812 -0.02314108
v 0.00766908 0.04987352 -0.02063561
v 0.00774874 0.05112740 -0.01938632
v 0.00777423 0.04987352 -0.01938632
v 0.00777104 0.05237808 -0.01813473
v 0.00757509 0.04236947 -0.02314108
v 0.00751934 0.03861745 -0.02439037
v 0.00732339 0.04111880 -0.02430540
v 0.00599000 0.04487403 -0.02511606
v 0.00709399 0.04045819 -0.02501042
v 0.00704620 0.04111880 -0.02493234
v 0.00694584 0.04236947 -0.02474632
v 0.00617798 0.04362015 -0.02526074
v 0.00576060 0.04024012 -0.02620919
v 0.00556147 0.04111880 -0.02612192
v 0.00493699 0.04111880 -0.02640898
v 0.00472033 0.04194617 -0.02631253
v 0.00340128 0.04428397 -0.02628957
v 0.00272104 0.04455655 -0.02634468
v 0.00175246 0.04542241 -0.02619311
v -0.00102902 0.04553785 -0.02627808
v -0.00177616 0.04551861 -0.02627349
v 0.00138765 0.04495420 -0.02639061
v 0.00021835 0.04362015 -0.02678561
v 0.00021994 0.04428397 -0.02661107
v -0.00102902 0.04487403 -0.02646180
v -0.00260933 0.04543523 -0.02620230
v -0.00353171 0.04454693 -0.02634238
v -0.00539559 0.04298199 -0.02625512
v -0.00353171 0.04362015 -0.02657204
v -0.00353171 0.04236947 -0.02685910
v -0.00449233 0.04362015 -0.02637224
v -0.00568712 0.04612150 -0.02518036
v -0.00631160 0.04612150 -0.02478996
v -0.00653463 0.04521716 -0.02492545
v -0.00818982 0.04362015 -0.02314108
v -0.00691059 0.04737217 -0.02397700
v -0.00670349 0.04438338 -0.02505635
v -0.00711928 0.04612150 -0.02416302
v -0.00671624 0.04428397 -0.02507013
v -0.00680545 0.04362015 -0.02515740
v -0.00695997 0.04236947 -0.02531356
v -0.00794767 0.04428397 -0.02382314
v -0.00808467 0.04487724 -0.02321686
v -0.00710176 0.04111880 -0.02546283
v -0.00669234 0.03938389 -0.02629416
v -0.00678474 0.03861745 -0.02636765
v -0.00712725 0.03982964 -0.02572463
v -0.00790147 0.03915941 -0.02499435
v -0.00714318 0.02956128 -0.02740566
v -0.00792377 0.03832563 -0.02504487
v -0.00806556 0.03236408 -0.02538475
v -0.00808945 0.03111340 -0.02544675
v -0.00778199 0.03111340 -0.02607370
v -0.00684368 0.02956128 -0.02108572
v -0.00757330 0.05590242 -0.00597941
v 0.00693946 0.05568114 -0.00597941
v 0.00531295 0.02956128 -0.02073895
v 0.00584185 0.02956128 -0.02127174
v 0.00725489 0.02956128 -0.02649166
v 0.00742853 0.03236408 -0.02564196
v 0.00767068 0.04111880 -0.02314108
v 0.00722303 0.03111340 -0.02642506
v 0.00735844 0.03997074 -0.02451208
v 0.00607762 0.04428397 -0.02518496
v 0.00632136 0.04236947 -0.02538704
v 0.00715771 0.03236408 -0.02634009
v 0.00711151 0.03308882 -0.02628497
v 0.00616524 0.02956128 -0.02782821
v 0.00589282 0.03940634 -0.02629186
v 0.00529543 0.03984247 -0.02648936
v 0.00341721 0.03817811 -0.02754575
v 0.00397160 0.04111880 -0.02676035
v 0.00401939 0.04236627 -0.02648247
v 0.00359563 0.04362015 -0.02636305
v 0.00272104 0.04362015 -0.02656055
v 0.00272104 0.04428397 -0.02640898
v 0.00147049 0.04362015 -0.02671442
v 0.00143067 0.04428397 -0.02655366
v -0.00102902 0.04362015 -0.02679020
v -0.00162004 0.04428397 -0.02659500
v -0.00222700 0.04496062 -0.02639521
v -0.00028028 0.04054798 -0.02752738
v -0.00225408 0.04428397 -0.02656055
v -0.00490015 0.04248492 -0.02653529
v -0.00556764 0.04214499 -0.02635157
v -0.00600414 0.04248492 -0.02599791
v -0.00608220 0.04482913 -0.02531126
v -0.00227957 0.04362015 -0.02672131
v -0.00312230 0.03944803 -0.02756182
v -0.00638807 0.04111880 -0.02608747
v -0.00655215 0.04022088 -0.02619771
v -0.00607583 0.02956128 -0.02857228
v -0.00691696 0.03736677 -0.02648018
v -0.00775650 0.03236408 -0.02600939
v -0.00462455 0.02956128 -0.01966190
v -0.00739807 0.05569077 -0.00597941
v 0.00649022 0.05520974 -0.00597941
v 0.00431092 0.02956128 -0.01998800
v 0.00599159 0.03861745 -0.02634927
v 0.00553598 0.02956128 -0.02811527
v 0.00522215 0.02956128 -0.02821402
v 0.00397160 0.03361475 -0.02800964
v 0.00188947 0.02956128 -0.02910506
v 0.00141792 0.02956128 -0.02921070
v 0.00272104 0.03611610 -0.02798438
v 0.00272104 0.03736677 -0.02779377
v 0.00266369 0.03860462 -0.02759856
v 0.00220967 0.03931334 -0.02753197
v 0.00147049 0.03951537 -0.02756871
v -0.00062757 0.04054798 -0.02752738
v 0.00016896 0.03992264 -0.02760546
v 0.00021835 0.03736677 -0.02806705
v -0.00102902 0.02956128 -0.02944035
v -0.00102902 0.03861745 -0.02786725
v -0.00424062 0.03816849 -0.02754804
v -0.00227957 0.03967892 -0.02760546
v -0.00227957 0.03861745 -0.02780066
v -0.00230346 0.02956128 -0.02933012
v -0.00353171 0.02956128 -0.02914870
v -0.00478226 0.02956128 -0.02895349
v -0.00353649 0.03859821 -0.02762612
v -0.00385192 0.02956128 -0.01938632
v -0.00426452 0.05313169 -0.00597941
v -0.00475996 0.05344917 -0.00597941
v -0.00505308 0.05364799 -0.00597941
v -0.00562977 0.05404564 -0.00597941
v -0.00607901 0.05444971 -0.00597941
v -0.00694723 0.05523539 -0.00597941
v 0.00631498 0.05503336 -0.00597941
v 0.00356696 0.02956128 -0.01968256
v 0.00613816 0.05485698 -0.00597941
v 0.00568413 0.05440802 -0.00597941
v 0.00505965 0.05389172 -0.00597941
v 0.00062299 0.02956128 -0.02933701
v 0.00147049 0.03736677 -0.02796371
v 0.00147049 0.03861745 -0.02773635
v -0.00103857 0.03996754 -0.02761923
v 0.00021835 0.02956128 -0.02938523
v -0.00059730 0.02956128 -0.02942427
v -0.00065624 0.02956128 -0.01862618
v -0.00350622 0.05277252 -0.00597941
v -0.00411158 0.05304190 -0.00597941
v 0.00274175 0.02956128 -0.01941847
v 0.00476175 0.05374420 -0.00597941
v 0.00039836 0.02956128 -0.01874100
v -0.00006840 0.02956128 -0.01862388
v -0.00227957 0.05256087 -0.00597941
v 0.00398593 0.05346521 -0.00597941
v 0.00137969 0.05286552 -0.00597941
v 0.00100373 0.05281101 -0.00597941
v 0.00021994 0.05271159 -0.00597941
v -0.00102902 0.05263463 -0.00597941
v 0.00933187 -0.05922445 0.01366448
v 0.00833584 -0.05922445 0.01631262
v 0.00933187 -0.05923700 0.01357436
v 0.00933187 -0.05922445 -0.00114290
v 0.00680967 -0.05922445 0.01973718
v 0.00709884 -0.05957659 0.01625716
v 0.00846436 -0.05960493 0.01283261
v 0.00933187 -0.05961887 0.01022607
v -0.00890361 -0.05922445 0.00844446
v 0.00933187 -0.05922538 -0.04242472
v 0.00560837 -0.05922445 0.02230212
v 0.00588683 -0.05958542 0.01884291
v 0.00772537 -0.06130571 -0.00438028
v 0.00844294 -0.06084997 -0.00101812
v 0.00861073 -0.06088853 -0.00187772
v 0.00933187 -0.06091361 -0.00402674
v 0.00933187 -0.06086949 -0.00353454
v -0.00890361 -0.05922445 0.02342516
v -0.00890361 -0.05994918 -0.04242472
v 0.00933187 -0.06083232 -0.04242472
v 0.00466233 -0.05958960 0.02140093
v 0.00437137 -0.05922445 0.02481162
v 0.00897665 -0.06124903 -0.00688284
v 0.00719345 -0.06209733 -0.01228310
v 0.00838047 -0.06208618 -0.01492430
v 0.00933187 -0.06216656 -0.01821021
v 0.00909982 -0.06098748 -0.00425550
v -0.00890361 -0.05926441 0.02314093
v -0.00801826 -0.05959564 0.02273193
v -0.00851449 -0.05922445 0.02397281
v -0.00890361 -0.06141860 -0.04242472
v 0.00882493 -0.06099120 -0.04242472
v 0.00933187 -0.06090758 -0.04227914
v 0.00340034 -0.05958635 0.02387575
v 0.00654014 -0.06217398 -0.01187409
v 0.00335214 -0.05922445 0.02627433
v 0.00647409 -0.06229291 -0.01312884
v 0.00647409 -0.06239884 -0.01438358
v 0.00647409 -0.06250151 -0.01563140
v 0.00772537 -0.06226690 -0.01563140
v 0.00772537 -0.06236771 -0.01688614
v 0.00897665 -0.06233101 -0.01938870
v 0.00907661 -0.06220511 -0.01806463
v 0.00933187 -0.06222370 -0.01892424
v -0.00890361 -0.05963048 0.02040961
v -0.00795757 -0.06083557 0.00758486
v -0.00724000 -0.06086855 0.00804932
v -0.00728463 -0.05973687 0.02188619
v -0.00729712 -0.05963234 0.02314787
v -0.00688836 -0.05959703 0.02398667
v -0.00772195 -0.05949808 0.02357074
v -0.00819676 -0.05922445 0.02438875
v -0.00890361 -0.06088760 0.00551210
v -0.00890361 -0.06212381 -0.00952405
v -0.00853412 -0.06245830 -0.01312884
v -0.00783619 -0.06158306 -0.04242472
v -0.00738994 -0.06189385 -0.04187014
v -0.00704365 -0.06213310 -0.04144033
v -0.00890361 -0.06150176 -0.04222368
v 0.00772537 -0.06117424 -0.04242472
v 0.00933187 -0.06107296 -0.04190480
v 0.00905341 -0.06110548 -0.04199492
v 0.00772537 -0.06137818 -0.04190480
v 0.00615458 -0.06212799 -0.01062628
v 0.00224009 -0.05958960 0.02517210
v 0.00339677 -0.06208572 -0.00618268
v 0.00522282 -0.06258281 -0.01438358
v 0.00522282 -0.06247828 -0.01312884
v 0.00212050 -0.05922445 0.02754294
v 0.00647409 -0.06260093 -0.01688614
v 0.00772537 -0.06246620 -0.01813396
v 0.00933187 -0.06225761 -0.01938870
v 0.00772537 -0.06256004 -0.01938870
v 0.00897665 -0.06241974 -0.02063652
v -0.00853412 -0.06256004 -0.01438358
v -0.00679375 -0.06084161 0.00890893
v -0.00559781 -0.05959192 0.02519289
v -0.00602978 -0.05922445 0.02653776
v -0.00728641 -0.05922445 0.02533847
v -0.00890361 -0.06251498 -0.01438358
v -0.00628325 -0.06180001 -0.04242472
v -0.00603335 -0.06192359 -0.04223755
v -0.00603335 -0.06218932 -0.04161364
v -0.00603335 -0.06248246 -0.04065005
v -0.00853412 -0.06258885 -0.03940224
v -0.00853412 -0.06224042 -0.04049061
v -0.00890361 -0.06221069 -0.04040742
v 0.00112447 -0.06213775 -0.04242472
v 0.00933187 -0.06114590 -0.04167603
v 0.00718452 -0.06209780 -0.04008161
v 0.00373592 -0.06213264 -0.04143341
v 0.00272204 -0.06220186 -0.04164831
v 0.00647409 -0.06215122 -0.04024105
v 0.00099417 -0.05958914 0.02641298
v 0.00205802 -0.06332333 -0.02001954
v 0.00239896 -0.06336188 -0.02085142
v 0.00522282 -0.06267805 -0.01563140
v 0.00119587 -0.05922445 0.02793115
v 0.00647409 -0.06268036 -0.01813396
v 0.00772537 -0.06264459 -0.02063652
v 0.00474444 -0.06334423 -0.02473350
v 0.00593324 -0.06334098 -0.02724992
v 0.00933187 -0.06231057 -0.02013739
v 0.00897665 -0.06249965 -0.02188433
v 0.00933187 -0.06234356 -0.02063652
v -0.00853412 -0.06265482 -0.01563140
v -0.00603335 -0.06267340 -0.01312884
v -0.00728463 -0.06256747 -0.01312884
v -0.00575489 -0.06210988 -0.00589152
v -0.00603335 -0.06257491 -0.01188103
v -0.00466069 -0.05960586 0.02562269
v -0.00416446 -0.05957845 0.02626740
v -0.00473387 -0.05922445 0.02759147
v -0.00478207 -0.06245040 -0.00937847
v -0.00890361 -0.06260882 -0.01563140
v -0.00603335 -0.06182602 -0.04242472
v -0.00478207 -0.06196121 -0.04236927
v -0.00478207 -0.06223252 -0.04173842
v -0.00478207 -0.06257491 -0.04065005
v -0.00353079 -0.06346363 -0.03798805
v -0.00478207 -0.06341206 -0.03782168
v -0.00890361 -0.06253634 -0.03940224
v -0.00564957 -0.06335957 -0.03764144
v 0.00021948 -0.06215215 -0.04242472
v 0.00144934 -0.06225482 -0.04197412
v 0.00088350 -0.06333308 -0.03878527
v 0.00021948 -0.06233473 -0.04190480
v 0.00933187 -0.06143393 -0.04065005
v 0.00854647 -0.06212567 -0.03893778
v 0.00765219 -0.06219954 -0.03937451
v 0.00647409 -0.06241463 -0.03940224
v 0.00522282 -0.06223810 -0.04050448
v 0.00408042 -0.06230639 -0.04076790
v 0.00272204 -0.06252845 -0.04065005
v 0.00522282 -0.06258605 -0.03940224
v 0.00029802 -0.05922445 0.02822231
v 0.00021948 -0.05922445 0.02824310
v 0.00021948 -0.05960075 0.02656549
v 0.00021948 -0.06262229 -0.01062628
v 0.00122443 -0.06333820 -0.01989476
v 0.00157251 -0.06337582 -0.02051867
v 0.00147076 -0.06346688 -0.02188433
v 0.00147076 -0.06353517 -0.02313908
v 0.00147076 -0.06360207 -0.02438689
v 0.00147076 -0.06373586 -0.02688945
v 0.00147076 -0.06380276 -0.02814419
v 0.00147076 -0.06386919 -0.02939201
v 0.00272204 -0.06345759 -0.02313908
v 0.00277916 -0.06338790 -0.02188433
v 0.00346638 -0.06334284 -0.02230027
v 0.00710241 -0.06333076 -0.03000898
v 0.00369665 -0.06336421 -0.02313908
v 0.00405543 -0.06339069 -0.02434530
v 0.00272204 -0.06364202 -0.02688945
v 0.00397154 -0.06352308 -0.02688945
v 0.00497470 -0.06336652 -0.02564163
v 0.00531028 -0.06338976 -0.02685479
v 0.00522282 -0.06345294 -0.02814419
v 0.00897665 -0.06257073 -0.02313908
v 0.00933187 -0.06239652 -0.02146839
v -0.00890361 -0.06335028 -0.02596745
v -0.00850556 -0.06336839 -0.02570402
v -0.00807002 -0.06334376 -0.02483055
v -0.00478207 -0.06265156 -0.01188103
v -0.00728463 -0.06346037 -0.02564163
v -0.00438223 -0.06334795 -0.02101086
v -0.00478207 -0.06255122 -0.01062628
v -0.00353079 -0.05959053 0.02641991
v -0.00353079 -0.05922445 0.02798661
v -0.00353079 -0.06238397 -0.00813065
v -0.00486775 -0.06192498 -0.04242472
v -0.00478207 -0.06193195 -0.04242472
v -0.00142807 -0.06209966 -0.04242472
v -0.00076940 -0.06212706 -0.04242472
v -0.00353079 -0.06225714 -0.04180081
v -0.00065159 -0.06334005 -0.03880607
v -0.00227951 -0.06346316 -0.03806431
v -0.00353079 -0.06365688 -0.03689968
v -0.00478207 -0.06357140 -0.03689968
v -0.00890361 -0.06277746 -0.03814750
v -0.00605298 -0.06342182 -0.03692741
v -0.00695619 -0.06336652 -0.03653227
v -0.00050523 -0.06213450 -0.04242472
v 0.00021948 -0.06333958 -0.03880607
v 0.00436423 -0.06328616 -0.03741961
v 0.00353064 -0.06333820 -0.03755825
v 0.00395726 -0.06337954 -0.03696207
v -0.00227951 -0.06364945 -0.03689968
v -0.00227951 -0.06227712 -0.04185627
v -0.00106928 -0.06225714 -0.04202265
v 0.00933187 -0.06217074 -0.03793259
v 0.00896773 -0.06221487 -0.03813363
v 0.00772537 -0.06250244 -0.03814750
v 0.00647409 -0.06273379 -0.03814750
v -0.00078547 -0.05922445 0.02838868
v -0.00103001 -0.05960679 0.02664175
v -0.00103001 -0.06263530 -0.01062628
v 0.00021948 -0.06334237 -0.01983237
v 0.00021948 -0.06339719 -0.02063652
v 0.00021948 -0.06348081 -0.02188433
v 0.00021948 -0.06355932 -0.02313908
v 0.00021948 -0.06363273 -0.02438689
v 0.00021948 -0.06384968 -0.02814419
v 0.00021948 -0.06391657 -0.02939201
v 0.00147076 -0.06393144 -0.03064675
v 0.00647409 -0.06342228 -0.03064675
v 0.00716667 -0.06334376 -0.03064675
v 0.00933187 -0.06255447 -0.02438689
v 0.00272204 -0.06370288 -0.02814419
v 0.00272204 -0.06376141 -0.02939201
v 0.00272204 -0.06381438 -0.03064675
v 0.00397154 -0.06363366 -0.02939201
v 0.00933187 -0.06249082 -0.02313908
v -0.00890361 -0.06339487 -0.02688945
v -0.00853412 -0.06343435 -0.02688945
v -0.00353079 -0.06336652 -0.02076823
v -0.00353079 -0.06268641 -0.01188103
v -0.00728463 -0.06353145 -0.02688945
v -0.00603335 -0.06354957 -0.02564163
v -0.00478207 -0.06355328 -0.02438689
v -0.00353079 -0.06362855 -0.02438689
v -0.00353079 -0.06353889 -0.02313908
v -0.00353079 -0.06344829 -0.02188433
v -0.00353079 -0.06258559 -0.01062628
v -0.00227951 -0.05960447 0.02660015
v -0.00227951 -0.05922445 0.02824310
v -0.00227951 -0.06211963 -0.00450506
v -0.00227951 -0.06374701 -0.03564494
v -0.00353079 -0.06374747 -0.03564494
v -0.00478207 -0.06370520 -0.03564494
v -0.00603335 -0.06373911 -0.03439712
v -0.00603335 -0.06359789 -0.03564494
v -0.00817177 -0.06336932 -0.03532605
v -0.00890361 -0.06336560 -0.03405051
v -0.00733818 -0.06343158 -0.03570733
v 0.00486582 -0.06335957 -0.03658773
v 0.00397154 -0.06348732 -0.03564494
v 0.00147076 -0.06382366 -0.03314238
v -0.00103001 -0.06370938 -0.03564494
v 0.00021948 -0.06387337 -0.03314238
v -0.00103001 -0.06381159 -0.03439712
v 0.00933187 -0.06237933 -0.03687888
v 0.00897665 -0.06245923 -0.03689968
v -0.00103001 -0.05922445 0.02839561
v -0.00227951 -0.06261346 -0.01062628
v -0.00227951 -0.06271195 -0.01188103
v -0.00203675 -0.06333958 -0.01988783
v -0.00103001 -0.06334376 -0.01982544
v -0.00103001 -0.06339952 -0.02063652
v -0.00103001 -0.06348500 -0.02188433
v -0.00103001 -0.06356815 -0.02313908
v -0.00103001 -0.06364574 -0.02438689
v -0.00103001 -0.06371867 -0.02564163
v -0.00103001 -0.06379068 -0.02688945
v 0.00021948 -0.06397001 -0.03064675
v -0.00227951 -0.06373075 -0.02564163
v -0.00103001 -0.06385432 -0.02814419
v 0.00021948 -0.06395838 -0.03189456
v 0.00147076 -0.06391890 -0.03189456
v 0.00272204 -0.06381390 -0.03189456
v 0.00647409 -0.06343900 -0.03189456
v 0.00933187 -0.06277281 -0.03028627
v 0.00933187 -0.06274912 -0.02939201
v 0.00933187 -0.06270266 -0.02814419
v 0.00933187 -0.06260835 -0.02564163
v 0.00721308 -0.06335352 -0.03189456
v -0.00890361 -0.06342646 -0.02814419
v -0.00853412 -0.06347246 -0.02814419
v -0.00728463 -0.06361786 -0.02939201
v -0.00728463 -0.06357791 -0.02814419
v -0.00238482 -0.06337721 -0.02051867
v -0.00603335 -0.06361414 -0.02688945
v -0.00478207 -0.06363551 -0.02564163
v -0.00227951 -0.06365456 -0.02438689
v -0.00227951 -0.06356862 -0.02313908
v -0.00227951 -0.06347849 -0.02188433
v -0.00353079 -0.06370705 -0.02564163
v -0.00103001 -0.06389381 -0.03314238
v -0.00227951 -0.06382227 -0.03439712
v -0.00227951 -0.06388360 -0.03314238
v -0.00478207 -0.06379022 -0.03439712
v -0.00603335 -0.06379207 -0.03314238
v -0.00728463 -0.06367454 -0.03314238
v -0.00728463 -0.06360067 -0.03439712
v -0.00856625 -0.06340323 -0.03430700
v -0.00890361 -0.06339487 -0.03353752
v 0.00590825 -0.06334145 -0.03519434
v 0.00525852 -0.06338511 -0.03562414
v 0.00397154 -0.06356862 -0.03439712
v 0.00272204 -0.06374655 -0.03314238
v 0.00933187 -0.06242764 -0.03654613
v 0.00897665 -0.06262229 -0.03564494
v -0.00103001 -0.06393469 -0.03064675
v -0.00227951 -0.06390822 -0.03189456
v -0.00103001 -0.06393935 -0.03189456
v -0.00227951 -0.06379114 -0.02688945
v -0.00103001 -0.06390125 -0.02939201
v 0.00397154 -0.06363737 -0.03314238
v 0.00522282 -0.06351844 -0.03314238
v 0.00716132 -0.06334423 -0.03266405
v 0.00933187 -0.06277792 -0.03064675
v 0.00933187 -0.06276631 -0.03189456
v 0.00933187 -0.06277653 -0.03154102
v -0.00890361 -0.06343714 -0.02939201
v -0.00853412 -0.06349057 -0.02939201
v -0.00728463 -0.06366710 -0.03189456
v -0.00728463 -0.06364806 -0.03064675
v -0.00603335 -0.06377117 -0.03189456
v -0.00603335 -0.06373540 -0.03064675
v -0.00603335 -0.06369637 -0.02939201
v -0.00478207 -0.06369358 -0.02688945
v -0.00353079 -0.06375863 -0.02688945
v -0.00353079 -0.06386036 -0.03314238
v -0.00478207 -0.06383017 -0.03314238
v -0.00353079 -0.06387105 -0.03189456
v -0.00478207 -0.06382646 -0.03189456
v -0.00853412 -0.06349893 -0.03064675
v -0.00853412 -0.06349614 -0.03189456
v -0.00890361 -0.06343714 -0.03189456
v -0.00853412 -0.06347431 -0.03314238
v -0.00890361 -0.06341206 -0.03314238
v 0.00522282 -0.06345480 -0.03439712
v 0.00933187 -0.06254471 -0.03564494
v -0.00227951 -0.06388964 -0.03064675
v -0.00227951 -0.06383202 -0.02814419
v -0.00227951 -0.06386222 -0.02939201
v 0.00933187 -0.06271753 -0.03314238
v 0.00933187 -0.06273332 -0.03278883
v 0.00933187 -0.06257816 -0.03529139
v 0.00933187 -0.06264366 -0.03439712
v 0.00933187 -0.06266782 -0.03404358
v -0.00890361 -0.06344040 -0.03064675
v -0.00478207 -0.06379718 -0.03064675
v -0.00478207 -0.06373075 -0.02814419
v -0.00353079 -0.06378929 -0.02814419
v 0.00933187 0.02582588 -0.04048788
v 0.00933187 0.02579152 -0.04063759
v 0.00933187 0.02439236 -0.04048788
v 0.01033509 0.02558287 -0.04048788
v 0.01011818 0.02560251 -0.04059999
v 0.00933187 0.02566388 -0.04100614
v 0.00933187 0.01924246 -0.04734617
v 0.03864214 0.00075390 -0.04048788
v 0.00962711 0.02548714 -0.04129616
v 0.01430579 0.02439727 -0.04048788
v 0.01396837 0.02445372 -0.04065773
v 0.01354358 0.02429908 -0.04141632
v 0.00933187 0.02552396 -0.04138276
v 0.03237278 0.00075390 -0.04734617
v 0.00933187 0.02140993 -0.04734617
v 0.04010931 0.00075390 -0.04048788
v 0.01022061 0.02451264 -0.04321146
v 0.01262472 0.02439481 -0.04186209
v 0.01147990 0.02435799 -0.04277509
v 0.01504691 0.02408307 -0.04048788
v 0.01974366 0.02178795 -0.04140491
v 0.01708347 0.02294901 -0.04124715
v 0.01624896 0.02314293 -0.04162041
v 0.01492640 0.02310120 -0.04276906
v 0.01213968 0.02424262 -0.04255557
v 0.00933187 0.02505757 -0.04242668
v 0.03477689 0.00075390 -0.04734617
v 0.00933187 0.02147130 -0.04729112
v 0.00968134 0.02131420 -0.04734617
v 0.04006111 0.00075390 -0.04072822
v 0.03990746 0.00121047 -0.04076514
v 0.04005508 0.00091591 -0.04048788
v 0.00979883 0.02428926 -0.04387138
v 0.00933187 0.02471637 -0.04317185
v 0.01063334 0.02413707 -0.04366527
v 0.01352249 0.02303983 -0.04387473
v 0.01721301 0.02315030 -0.04048788
v 0.01999672 0.02189596 -0.04065437
v 0.02062336 0.02159894 -0.04065437
v 0.02213271 0.02049189 -0.04130690
v 0.02140063 0.02067844 -0.04179697
v 0.02018953 0.02132893 -0.04185538
v 0.01927670 0.02157685 -0.04223870
v 0.01844219 0.02176341 -0.04259854
v 0.01890915 0.02192296 -0.04185538
v 0.01762274 0.02187878 -0.04307182
v 0.01712866 0.02173886 -0.04379619
v 0.01395632 0.02325094 -0.04317386
v 0.03448465 0.00131602 -0.04734617
v 0.03522276 0.00104601 -0.04688833
v 0.03490643 0.00075390 -0.04724614
v 0.00933187 0.02196223 -0.04684335
v 0.01022964 0.02115956 -0.04734617
v 0.03985022 0.00075390 -0.04156469
v 0.03996169 0.00118592 -0.04048788
v 0.03998579 0.00111719 -0.04048788
v 0.03978093 0.00087173 -0.04168285
v 0.03960921 0.00170631 -0.04125588
v 0.03973875 0.00175541 -0.04048788
v 0.01103704 0.02304229 -0.04511333
v 0.01022964 0.02317730 -0.04528989
v 0.00933187 0.02374432 -0.04482600
v 0.00933187 0.02393088 -0.04455479
v 0.00933187 0.02434081 -0.04395395
v 0.00933187 0.02457646 -0.04346589
v 0.01273016 0.02317975 -0.04407546
v 0.01648395 0.02186405 -0.04398617
v 0.01553194 0.02160140 -0.04487367
v 0.01273016 0.02273300 -0.04470114
v 0.01187155 0.02288765 -0.04491529
v 0.02004492 0.02191560 -0.04048788
v 0.02019857 0.02184441 -0.04048788
v 0.02067156 0.02162104 -0.04048788
v 0.02132531 0.02124302 -0.04048788
v 0.02148799 0.02109819 -0.04065437
v 0.02581419 0.01668470 -0.04371899
v 0.02176215 0.02027097 -0.04214136
v 0.02231648 0.02060480 -0.04065437
v 0.02413613 0.01946338 -0.04048788
v 0.02505801 0.01883990 -0.04048788
v 0.02726630 0.01684180 -0.04151098
v 0.02843220 0.01552855 -0.04261062
v 0.02092764 0.02051644 -0.04258712
v 0.01796317 0.02153267 -0.04343233
v 0.02023774 0.02070544 -0.04287311
v 0.01875851 0.02069808 -0.04407546
v 0.01765287 0.02106874 -0.04435205
v 0.01734256 0.02060480 -0.04516570
v 0.01648395 0.02141484 -0.04461185
v 0.03497271 0.00234207 -0.04655065
v 0.03389417 0.00235435 -0.04734617
v 0.03580420 0.00158849 -0.04621566
v 0.03600907 0.00075390 -0.04639154
v 0.00933187 0.02215370 -0.04666612
v 0.01022964 0.02134366 -0.04717700
v 0.01056104 0.02104173 -0.04734617
v 0.03980805 0.00075390 -0.04172715
v 0.03954896 0.00075390 -0.04232061
v 0.03823242 0.00464455 -0.04048788
v 0.03859996 0.00397197 -0.04048788
v 0.03963633 0.00197142 -0.04048788
v 0.03573491 0.00652237 -0.04356727
v 0.03596388 0.00685866 -0.04273348
v 0.03723824 0.00564360 -0.04151367
v 0.01022964 0.02264463 -0.04591490
v 0.01469743 0.02176095 -0.04506836
v 0.00933187 0.02277719 -0.04606729
v 0.00933187 0.02329757 -0.04544161
v 0.01648395 0.02079136 -0.04536172
v 0.02148498 0.02114974 -0.04048788
v 0.02237372 0.02062199 -0.04048788
v 0.02450066 0.01664051 -0.04494080
v 0.02497968 0.01696453 -0.04410701
v 0.02351552 0.01808386 -0.04394724
v 0.02717893 0.01552855 -0.04384049
v 0.02240686 0.01943638 -0.04285901
v 0.02246410 0.02056553 -0.04048788
v 0.02579611 0.01831951 -0.04048788
v 0.02622090 0.01801513 -0.04048788
v 0.02747116 0.01702344 -0.04065437
v 0.02859489 0.01567092 -0.04190573
v 0.02921851 0.01510635 -0.04190573
v 0.02988129 0.01448041 -0.04190573
v 0.02969451 0.01430613 -0.04263815
v 0.02934805 0.01396984 -0.04347261
v 0.02851354 0.01435767 -0.04392777
v 0.02801344 0.01519226 -0.04344441
v 0.02146992 0.01983649 -0.04314030
v 0.02117769 0.01940202 -0.04402309
v 0.02023774 0.02028079 -0.04349879
v 0.01959001 0.02045752 -0.04376531
v 0.02061131 0.01909027 -0.04485689
v 0.01817707 0.02037898 -0.04490925
v 0.01742390 0.01937747 -0.04642914
v 0.01898446 0.01953211 -0.04537918
v 0.01825841 0.01917128 -0.04622640
v 0.03473772 0.00317175 -0.04637073
v 0.03559633 0.00234207 -0.04606460
v 0.03316209 0.00359395 -0.04734617
v 0.03362002 0.00484338 -0.04647344
v 0.03715087 0.00177995 -0.04506164
v 0.03657243 0.00075390 -0.04592698
v 0.00933187 0.02260045 -0.04624788
v 0.01022964 0.02201869 -0.04655132
v 0.01116357 0.02184441 -0.04639087
v 0.01125998 0.02077908 -0.04734617
v 0.03924769 0.00075390 -0.04282209
v 0.03597593 0.00568779 -0.04391098
v 0.03741297 0.00590625 -0.04065437
v 0.03751842 0.00581543 -0.04048788
v 0.03490342 0.00709186 -0.04403250
v 0.03458408 0.00792399 -0.04373577
v 0.03484015 0.00827746 -0.04290197
v 0.03612957 0.00710168 -0.04190573
v 0.03452683 0.00910959 -0.04233067
v 0.03470759 0.00934770 -0.04149689
v 0.01199507 0.02168240 -0.04623714
v 0.01514331 0.02106874 -0.04562019
v 0.01398042 0.02130684 -0.04584105
v 0.01648395 0.02019733 -0.04598740
v 0.01558919 0.02037161 -0.04617202
v 0.02502487 0.01580593 -0.04535031
v 0.02445246 0.01537145 -0.04618410
v 0.02366616 0.01694735 -0.04522746
v 0.02304253 0.01777948 -0.04478103
v 0.02585938 0.01547209 -0.04502875
v 0.02201220 0.01915164 -0.04369348
v 0.02761276 0.01474551 -0.04430103
v 0.02740488 0.01713390 -0.04048788
v 0.02809780 0.01650060 -0.04065437
v 0.02883289 0.01587466 -0.04065437
v 0.02945952 0.01532972 -0.04065437
v 0.03040851 0.01455405 -0.04048788
v 0.03072484 0.01408030 -0.04095244
v 0.03050793 0.01384710 -0.04190573
v 0.03110745 0.01322362 -0.04190573
v 0.03233060 0.01194474 -0.04190573
v 0.03092067 0.01303215 -0.04261465
v 0.03139667 0.01224911 -0.04301140
v 0.03061940 0.01274250 -0.04344911
v 0.03104117 0.01191037 -0.04395395
v 0.02978790 0.01313770 -0.04394455
v 0.02804658 0.01393056 -0.04476156
v 0.02721207 0.01430122 -0.04510461
v 0.02221104 0.01802986 -0.04508648
v 0.01977680 0.01931856 -0.04513414
v 0.01743595 0.01826060 -0.04734617
v 0.01671894 0.01861161 -0.04734617
v 0.01648395 0.01885708 -0.04723674
v 0.01648395 0.01957139 -0.04661174
v 0.01775530 0.01861407 -0.04692256
v 0.01980994 0.01809613 -0.04638752
v 0.01898446 0.01833669 -0.04658623
v 0.03449370 0.00400388 -0.04618477
v 0.03609342 0.00332640 -0.04522545
v 0.03650314 0.00225370 -0.04537582
v 0.03251136 0.00468874 -0.04734617
v 0.03341215 0.00553805 -0.04631904
v 0.03730150 0.00109265 -0.04519658
v 0.03850657 0.00075390 -0.04395999
v 0.03847644 0.00075390 -0.04399960
v 0.03818723 0.00075390 -0.04434265
v 0.03754553 0.00075390 -0.04509924
v 0.03737381 0.00075390 -0.04525968
v 0.01475468 0.02053607 -0.04633918
v 0.01398042 0.02068090 -0.04647882
v 0.01398042 0.02000096 -0.04710449
v 0.01256748 0.02027588 -0.04734617
v 0.03900065 0.00075390 -0.04321012
v 0.03583132 0.00416098 -0.04498981
v 0.03522577 0.00606826 -0.04438830
v 0.03611451 0.00790681 -0.04048788
v 0.03733464 0.00610999 -0.04048788
v 0.03368931 0.00859657 -0.04407412
v 0.03443344 0.00644873 -0.04486629
v 0.03359893 0.00702313 -0.04523753
v 0.03278852 0.00740851 -0.04569806
v 0.03327959 0.00785771 -0.04495423
v 0.03212573 0.00923233 -0.04503949
v 0.03341817 0.00928388 -0.04383311
v 0.03432197 0.00865548 -0.04325375
v 0.03583734 0.00830201 -0.04048788
v 0.03333984 0.01044984 -0.04249851
v 0.03357483 0.01072231 -0.04166472
v 0.03438825 0.01017492 -0.04065437
v 0.03487329 0.00954898 -0.04065437
v 0.02542556 0.01500325 -0.04580010
v 0.02582323 0.01418830 -0.04624922
v 0.02499173 0.01453687 -0.04651910
v 0.02392826 0.01480933 -0.04688362
v 0.02361795 0.01563656 -0.04641437
v 0.02213271 0.01673870 -0.04629286
v 0.02296420 0.01647114 -0.04606192
v 0.02258762 0.01725909 -0.04557386
v 0.02751635 0.01704063 -0.04048788
v 0.02813093 0.01652515 -0.04048788
v 0.02762179 0.01695226 -0.04048788
v 0.02873045 0.01601457 -0.04048788
v 0.02885699 0.01590657 -0.04048788
v 0.02901364 0.01577156 -0.04048788
v 0.02948965 0.01535672 -0.04048788
v 0.03139064 0.01360409 -0.04048788
v 0.03196606 0.01282105 -0.04092894
v 0.03214381 0.01175327 -0.04257370
v 0.03187267 0.01145380 -0.04340749
v 0.03224022 0.01062167 -0.04391367
v 0.03140872 0.01100705 -0.04435003
v 0.03056216 0.01139243 -0.04478774
v 0.02932395 0.01267377 -0.04477834
v 0.02848944 0.01309843 -0.04512676
v 0.02064445 0.01783839 -0.04615725
v 0.01803849 0.01792431 -0.04734617
v 0.01648395 0.01871716 -0.04734617
v 0.01585129 0.01899454 -0.04734617
v 0.01544458 0.01915900 -0.04734617
v 0.01479384 0.01941429 -0.04734617
v 0.01434796 0.01958857 -0.04734617
v 0.02148799 0.01694244 -0.04645532
v 0.02023171 0.01739410 -0.04671378
v 0.01854462 0.01761257 -0.04734617
v 0.03221611 0.00516003 -0.04734617
v 0.03272526 0.00600935 -0.04658757
v 0.03229745 0.00695685 -0.04643048
v 0.03312895 0.00637018 -0.04607132
v 0.03392430 0.00599217 -0.04559468
v 0.03471663 0.00561415 -0.04511870
v 0.03196305 0.00779144 -0.04615926
v 0.03236976 0.00859657 -0.04525767
v 0.03094175 0.01055785 -0.04508917
v 0.03177325 0.01006691 -0.04474679
v 0.03259872 0.00967417 -0.04428962
v 0.03312895 0.01018719 -0.04315641
v 0.03364713 0.00956371 -0.04315641
v 0.03498175 0.00947779 -0.04048788
v 0.03244207 0.01106351 -0.04305705
v 0.03321030 0.01156672 -0.04065437
v 0.03376161 0.01094078 -0.04065437
v 0.03250834 0.01238412 -0.04056911
v 0.03440934 0.01020683 -0.04048788
v 0.03388815 0.01084504 -0.04048788
v 0.02709759 0.01296097 -0.04626600
v 0.02626308 0.01335371 -0.04655870
v 0.02556113 0.01285051 -0.04734617
v 0.02425363 0.01391829 -0.04734617
v 0.02356372 0.01442150 -0.04734617
v 0.03149609 0.01349609 -0.04048788
v 0.03244508 0.01248967 -0.04048788
v 0.02972765 0.01184164 -0.04511736
v 0.02751032 0.01212638 -0.04658220
v 0.01909593 0.01737692 -0.04726158
v 0.03168890 0.00591852 -0.04734617
v 0.03150513 0.00616890 -0.04734617
v 0.03139667 0.00630882 -0.04734617
v 0.03057421 0.00734714 -0.04734617
v 0.03152320 0.00736432 -0.04672116
v 0.03112854 0.00827010 -0.04647411
v 0.03075798 0.00910223 -0.04619820
v 0.02992648 0.00957107 -0.04651104
v 0.02871840 0.01086959 -0.04654931
v 0.02834483 0.01170418 -0.04626130
v 0.03323440 0.01159372 -0.04048788
v 0.03379174 0.01096041 -0.04048788
v 0.02659146 0.01244058 -0.04698768
v 0.02570875 0.01271795 -0.04734617
v 0.02706143 0.01146607 -0.04734617
v 0.02686260 0.01166736 -0.04734617
v 0.02782063 0.01119361 -0.04698231
v 0.02931491 0.00886167 -0.04734617
v 0.02820625 0.01016756 -0.04734617
v 0.02810081 0.01028783 -0.04734617
v -0.01805528 -0.06015926 -0.01188105
v -0.01805528 -0.06013134 -0.01139559
v -0.01854369 -0.06000463 -0.01188105
v -0.01854369 -0.06000034 -0.01513961
v -0.01806105 -0.06014208 -0.01513961
v -0.01805528 -0.06010557 -0.01513961
v -0.01805528 -0.05594992 0.03314687
v -0.02043847 -0.05833593 -0.00364156
v -0.01929075 -0.05964168 -0.01188105
v -0.02206652 -0.05852922 -0.01513961
v -0.01945471 -0.05967604 -0.01513961
v -0.01912217 -0.05979846 -0.01513961
v -0.01812918 -0.05591986 0.03314687
v -0.01826658 -0.05597999 0.03189665
v -0.01921108 -0.05584469 0.02897725
v -0.01929306 -0.05588764 0.02813933
v -0.01805528 -0.05875257 -0.01513961
v -0.01805528 -0.05588550 0.03381188
v -0.02116012 -0.05735017 0.00319476
v -0.02172821 -0.05710320 0.00282235
v -0.02203765 -0.05725997 -0.00062241
v -0.02238520 -0.05731796 -0.00319600
v -0.02311263 -0.05717192 -0.00562329
v -0.02322578 -0.05722776 -0.00687352
v -0.02172012 -0.05835097 -0.01096999
v -0.02072828 -0.05847982 -0.00687352
v -0.02096037 -0.05733514 0.00437848
v -0.02179864 -0.05839177 -0.01188105
v -0.02190256 -0.05844546 -0.01313127
v -0.02343477 -0.05733944 -0.00938061
v -0.02364607 -0.05733514 -0.01068403
v -0.02418760 -0.05708387 -0.01113624
v -0.02423956 -0.05711394 -0.01188105
v -0.02441045 -0.05721273 -0.01438150
v -0.02446241 -0.05724065 -0.01513961
v -0.01805528 -0.05582751 0.03439709
v -0.01971450 -0.05482243 0.03689753
v -0.01991541 -0.05484605 0.03575371
v -0.02049273 -0.05461196 0.03540790
v -0.02064630 -0.05594348 0.02063800
v -0.02985114 -0.05188878 -0.01513961
v -0.02392550 -0.05067108 -0.01033822
v -0.02159427 -0.05201763 -0.01005227
v -0.01899054 -0.05320312 -0.00886190
v -0.01805528 -0.05329976 -0.00756513
v -0.02076639 -0.05600362 0.01938778
v -0.02210808 -0.05605731 0.01188646
v -0.02243831 -0.05682401 0.00187803
v -0.02293712 -0.05708172 -0.00366816
v -0.02222009 -0.05611744 0.01063623
v -0.02241291 -0.05612818 0.00946581
v -0.02362529 -0.05678750 -0.00437307
v -0.02333432 -0.05728360 -0.00813039
v -0.02486422 -0.05675314 -0.01188105
v -0.02495082 -0.05680468 -0.01313127
v -0.02373729 -0.05683904 -0.00562329
v -0.02488155 -0.05609597 -0.00449278
v -0.02542423 -0.05582536 -0.00499153
v -0.02556163 -0.05590912 -0.00687352
v -0.02676939 -0.05588979 -0.01513961
v -0.01805528 -0.05518108 0.04065485
v -0.01854369 -0.05496846 0.04064820
v -0.01957595 -0.05475800 0.03814775
v -0.01943392 -0.05469356 0.03939798
v -0.02041307 -0.05456042 0.03623917
v -0.02104581 -0.05374002 0.04064820
v -0.02187254 -0.05344366 0.03939798
v -0.02198800 -0.05351452 0.03814775
v -0.02210347 -0.05357895 0.03689753
v -0.02364723 -0.05485249 0.01562382
v -0.02803142 -0.04702871 -0.00638806
v -0.02793905 -0.04830225 -0.00876215
v -0.02763999 -0.04830225 -0.00876215
v -0.02680634 -0.04833661 -0.00872225
v -0.02541845 -0.04956720 -0.01000572
v -0.02985114 -0.05363479 -0.01513961
v -0.02985114 -0.04258314 0.00292210
v -0.01873075 -0.05307641 -0.00813039
v -0.01805528 -0.05325681 -0.00733902
v -0.02985114 -0.04234690 0.00395287
v -0.02985114 -0.04063310 0.01188646
v -0.02298100 -0.05585758 0.00910006
v -0.02317613 -0.05596496 0.00688557
v -0.02328582 -0.05602509 0.00563535
v -0.02339667 -0.05608523 0.00437848
v -0.02363337 -0.05608308 0.00303515
v -0.02417952 -0.05582966 0.00255635
v -0.02454323 -0.05604227 -0.00187263
v -0.02464484 -0.05610241 -0.00312285
v -0.02583297 -0.05607449 -0.01063083
v -0.02592188 -0.05612818 -0.01188105
v -0.02614011 -0.05611100 -0.01323103
v -0.02565169 -0.05596496 -0.00813039
v -0.02586992 -0.05486538 0.00187803
v -0.02596691 -0.05492766 0.00062781
v -0.02609623 -0.05545812 -0.00562329
v -0.02618745 -0.05551611 -0.00687352
v -0.02667817 -0.05582751 -0.01371648
v -0.02496352 -0.05555262 0.00062781
v -0.02419915 -0.05459048 0.01519821
v -0.02567478 -0.05474082 0.00437848
v -0.02701764 -0.05571369 -0.01513961
v -0.02672205 -0.05585758 -0.01438150
v -0.02734671 -0.05541517 -0.01438150
v -0.01805528 -0.05463773 0.04564908
v -0.01821231 -0.05470860 0.04440551
v -0.01836357 -0.05477733 0.04315529
v -0.01928613 -0.05462699 0.04064820
v -0.01862683 -0.05479880 0.04185187
v -0.01919722 -0.05458619 0.04139966
v -0.01991195 -0.05431988 0.04064820
v -0.02111047 -0.05356606 0.04179202
v -0.02174668 -0.05336849 0.04064820
v -0.02249836 -0.05306567 0.03939798
v -0.02316459 -0.05222810 0.04315529
v -0.02297984 -0.05335560 0.03411113
v -0.02785938 -0.04702871 -0.00638806
v -0.02973221 -0.05372929 -0.01513961
v -0.02968833 -0.05370566 -0.01438150
v -0.02985114 -0.05357466 -0.01438150
v -0.02985114 -0.03959365 0.01748585
v -0.01805528 -0.05064316 0.00824219
v -0.02671397 -0.05460122 -0.00096822
v -0.02677863 -0.05464847 -0.00187263
v -0.02695413 -0.05477303 -0.00437307
v -0.02704073 -0.05483316 -0.00562329
v -0.02799678 -0.05462484 -0.01063083
v -0.02720816 -0.05494699 -0.00813039
v -0.02542769 -0.05457760 0.00754393
v -0.02557664 -0.05467639 0.00563535
v -0.02417837 -0.05332768 0.02756077
v -0.02423494 -0.05336205 0.02688911
v -0.02433886 -0.05342647 0.02563889
v -0.02739521 -0.05544524 -0.01513961
v -0.02807529 -0.05468068 -0.01188105
v -0.02814919 -0.05473652 -0.01313127
v -0.01805528 -0.05451961 0.04648035
v -0.01868110 -0.05432203 0.04565573
v -0.02081835 -0.05353815 0.04315529
v -0.02167625 -0.05332553 0.04129991
v -0.01971104 -0.05361976 0.04690596
v -0.02327659 -0.05230112 0.04189842
v -0.02368533 -0.05303131 0.03314687
v -0.02379040 -0.05181146 0.04315529
v -0.02417721 -0.05207562 0.03880612
v -0.02303411 -0.05214220 0.04440551
v -0.02365993 -0.05172985 0.04440551
v -0.02939736 -0.05397841 -0.01513961
v -0.02985114 -0.05354459 -0.01400909
v -0.02850829 -0.05463773 -0.01513961
v -0.02884429 -0.05433062 -0.01438150
v -0.02877501 -0.05428122 -0.01313127
v -0.02947126 -0.05355533 -0.01063083
v -0.02985114 -0.03943473 0.01860972
v -0.01805528 -0.04949204 0.01606273
v -0.02711347 -0.05362620 0.00563535
v -0.02794944 -0.05334271 0.00269600
v -0.02506282 -0.05307856 0.02438867
v -0.02559281 -0.05219159 0.02938955
v -0.02587570 -0.05238917 0.02563889
v -0.02671397 -0.05210139 0.02279264
v -0.02740444 -0.05419961 -0.00187263
v -0.02757995 -0.05432633 -0.00437307
v -0.02862144 -0.05418029 -0.01063083
v -0.02794482 -0.05458833 -0.00983947
v -0.02466216 -0.05240635 0.03314687
v -0.02486076 -0.05294970 0.02688911
v -0.02496352 -0.05301413 0.02563889
v -0.02826004 -0.05481813 -0.01513961
v -0.02821847 -0.05478806 -0.01438150
v -0.02870111 -0.05423183 -0.01188105
v -0.01805528 -0.05397626 0.04939975
v -0.01861874 -0.05354889 0.05068322
v -0.01925265 -0.05336849 0.05028421
v -0.01937850 -0.05343721 0.04940640
v -0.01954593 -0.05352956 0.04815617
v -0.02066016 -0.05345224 0.04440551
v -0.02052738 -0.05338137 0.04544293
v -0.02098461 -0.05308285 0.04577544
v -0.02041999 -0.05332124 0.04628084
v -0.02456633 -0.05110490 0.04440551
v -0.02468410 -0.05118651 0.04315529
v -0.02546002 -0.05084718 0.04149276
v -0.02553392 -0.05089873 0.04064820
v -0.02585606 -0.05112637 0.03689753
v -0.02596345 -0.05120154 0.03564731
v -0.02543924 -0.05208421 0.03137129
v -0.02294751 -0.05208636 0.04511042
v -0.02443931 -0.05100610 0.04565573
v -0.02985114 -0.05335990 -0.01188105
v -0.02939852 -0.05349949 -0.00938061
v -0.02985114 -0.05324607 -0.01063083
v -0.01805528 -0.04937606 0.01688734
v -0.02985114 -0.03843823 0.02813933
v -0.02754878 -0.05305494 0.00813579
v -0.02802565 -0.05215294 0.01313668
v -0.02837666 -0.05242783 0.00813579
v -0.02918953 -0.05333413 -0.00614865
v -0.02923802 -0.05337278 -0.00687352
v -0.02843901 -0.05370137 -0.00437307
v -0.02697376 -0.05105550 0.03064642
v -0.02549697 -0.05212286 0.03064642
v -0.02612279 -0.05168046 0.03064642
v -0.02688601 -0.05098463 0.03189665
v -0.02932000 -0.05343721 -0.00813039
v -0.01805528 -0.05373358 0.05066992
v -0.01908638 -0.05328473 0.05112213
v -0.01972028 -0.05300339 0.05068322
v -0.02173283 -0.05210998 0.04898079
v -0.02185868 -0.05218944 0.04815617
v -0.02689871 -0.04974760 0.04189842
v -0.02615858 -0.05045631 0.04064820
v -0.02506398 -0.05057014 0.04565573
v -0.02626597 -0.05053363 0.03939798
v -0.02672089 -0.05085577 0.03407124
v -0.02248335 -0.05179428 0.04815617
v -0.02418298 -0.05082785 0.04756431
v -0.02427882 -0.05089228 0.04690596
v -0.02490464 -0.05048208 0.04690596
v -0.02985114 -0.05312581 -0.00938061
v -0.02985114 -0.05299909 -0.00813039
v -0.01805528 -0.04926224 0.01814421
v -0.02985114 -0.03834589 0.02938955
v -0.02920338 -0.05209495 0.00521639
v -0.02942854 -0.05227535 0.00187803
v -0.02985114 -0.05182865 0.00285560
v -0.02985114 -0.05198327 0.00141253
v -0.02985114 -0.05206703 0.00062781
v -0.02759958 -0.05055725 0.03064642
v -0.02679248 -0.05091161 0.03314687
v -0.02741830 -0.05041336 0.03314687
v -0.02751067 -0.05048423 0.03189665
v -0.01805528 -0.05345869 0.05155439
v -0.01825272 -0.05343936 0.05147458
v -0.01976415 -0.05241065 0.05192014
v -0.02058857 -0.05218944 0.05150783
v -0.02080795 -0.05232689 0.05065662
v -0.02359873 -0.05110275 0.04804977
v -0.02678325 -0.04965740 0.04315529
v -0.02752453 -0.04922358 0.04189842
v -0.02763076 -0.04931378 0.04064820
v -0.02700494 -0.04983136 0.04064820
v -0.02579602 -0.04985498 0.04690596
v -0.02591611 -0.04994518 0.04565573
v -0.02710308 -0.04990867 0.03939798
v -0.02562398 -0.04972183 0.04815617
v -0.01805528 -0.04878547 0.02563889
v -0.02985114 -0.03833729 0.02999471
v -0.01805528 -0.04868882 0.02783343
v -0.01805528 -0.04871460 0.02688911
v -0.01805528 -0.04873177 0.02654995
v -0.02952437 -0.05110060 0.01188646
v -0.02961097 -0.05116932 0.01063623
v -0.02985114 -0.05166328 0.00437848
v -0.02800602 -0.04964237 0.03564731
v -0.02919992 -0.04959083 0.02769378
v -0.02925419 -0.04963807 0.02688911
v -0.02794944 -0.04959297 0.03645197
v -0.01805528 -0.05335131 0.05170069
v -0.01861874 -0.05296474 0.05190019
v -0.01932770 -0.05214005 0.05259180
v -0.02016135 -0.05188663 0.05233910
v -0.02171435 -0.05084933 0.05255855
v -0.02543462 -0.04833017 0.05253860
v -0.02428459 -0.04964881 0.05147458
v -0.02285399 -0.05076557 0.05112878
v -0.02303642 -0.05090087 0.05029751
v -0.02322809 -0.05102329 0.04940640
v -0.02670704 -0.04959727 0.04395995
v -0.02740906 -0.04913338 0.04315529
v -0.02802796 -0.04841178 0.04440551
v -0.02813303 -0.04850842 0.04315529
v -0.02822886 -0.04860077 0.04189842
v -0.02832123 -0.04868882 0.04064820
v -0.02624980 -0.04923861 0.04815617
v -0.02642184 -0.04935458 0.04690596
v -0.02548196 -0.04961230 0.04892094
v -0.02671512 -0.04835165 0.05013126
v -0.02684098 -0.04845903 0.04940640
v -0.01805528 -0.04868453 0.02813933
v -0.02985114 -0.03822562 0.04117355
v -0.01805528 -0.04853419 0.04189842
v -0.02985114 -0.05083215 0.01188646
v -0.02985114 -0.05090946 0.01119484
v -0.02985114 -0.05097174 0.01063623
v -0.02985114 -0.04909687 0.02682261
v -0.02958211 -0.04869527 0.03189665
v -0.02985114 -0.04844829 0.03189665
v -0.02985114 -0.04938680 0.02438867
v -0.02985114 -0.04953498 0.02313845
v -0.02985114 -0.04968102 0.02188823
v -0.02931423 -0.04844829 0.03564731
v -0.02949320 -0.04861366 0.03314687
v -0.02917683 -0.04832158 0.03753594
v -0.01805528 -0.05303990 0.05211299
v -0.01805528 -0.05242783 0.05267825
v -0.01854369 -0.05227749 0.05267160
v -0.02104581 -0.05101470 0.05263170
v -0.02312648 -0.04968962 0.05260510
v -0.02219699 -0.05014062 0.05265165
v -0.02354446 -0.04894224 0.05267160
v -0.02479726 -0.04769448 0.05270485
v -0.02592996 -0.04757850 0.05258515
v -0.02668510 -0.04708241 0.05253860
v -0.02919530 -0.04584537 0.05131498
v -0.02794597 -0.04708670 0.05130833
v -0.02564592 -0.04848050 0.05190684
v -0.02654192 -0.04820991 0.05096918
v -0.02447857 -0.04978411 0.05065662
v -0.02795637 -0.04834735 0.04519687
v -0.02918837 -0.04708455 0.04635399
v -0.02875884 -0.04793715 0.04315529
v -0.02924264 -0.04713609 0.04565573
v -0.02885468 -0.04802306 0.04189842
v -0.02894705 -0.04810897 0.04064820
v -0.02985114 -0.04778467 0.03689753
v -0.02701995 -0.04861581 0.04815617
v -0.02805105 -0.04717905 0.05065662
v -0.02715966 -0.04873177 0.04690596
v -0.02609392 -0.04865017 0.05059677
v -0.02985114 -0.03822133 0.04189842
v -0.02985114 -0.03822133 0.04242378
v -0.02985114 -0.03822992 0.04815617
v -0.01805528 -0.04853635 0.04315529
v -0.02985114 -0.04828507 0.03314687
v -0.02985114 -0.04795434 0.03564731
v -0.02985114 -0.04817554 0.03397813
v -0.01805528 -0.05144637 0.05279795
v -0.01854369 -0.05144637 0.05279130
v -0.02985114 -0.04275710 0.05269156
v -0.02948512 -0.04366339 0.05262505
v -0.02789286 -0.04579169 0.05252530
v -0.02862837 -0.04530203 0.05227259
v -0.02985114 -0.04409292 0.05209969
v -0.02985114 -0.04419815 0.05201324
v -0.02985114 -0.04514955 0.05087607
v -0.02985114 -0.04528914 0.05066327
v -0.02930846 -0.04595920 0.05065662
v -0.02909716 -0.04449882 0.05249870
v -0.02867571 -0.04658416 0.05065662
v -0.02985114 -0.04627705 0.04684610
v -0.02985114 -0.04641235 0.04610129
v -0.02985114 -0.04648107 0.04572223
v -0.02985114 -0.04669369 0.04440551
v -0.02764577 -0.04808319 0.04815617
v -0.02836627 -0.04745609 0.04815617
v -0.02910177 -0.04699435 0.04718526
v -0.02985114 -0.04601718 0.04815617
v -0.02985114 -0.04618470 0.04732491
v -0.02933386 -0.04722629 0.04440551
v -0.02985114 -0.04688267 0.04315529
v -0.02985114 -0.04724777 0.04064820
v -0.02821963 -0.04732723 0.04940640
v -0.02884429 -0.04675597 0.04940640
v -0.02985114 -0.03825139 0.04940640
v -0.01805528 -0.04857500 0.04440551
v -0.02985114 -0.04137188 0.05267825
v -0.01805528 -0.05041336 0.05261840
v -0.02985114 -0.04101538 0.05265165
v -0.02972297 -0.04136115 0.05267160
v -0.02985114 -0.04278501 0.05268490
v -0.02985114 -0.04400916 0.05214624
v -0.02985114 -0.04572940 0.04940640
v -0.02947704 -0.04613101 0.04940640
v -0.02899208 -0.04689126 0.04815617
v -0.02985114 -0.03848548 0.05007806
v -0.01805528 -0.04939539 0.05166079
v -0.01805528 -0.04904747 0.05065662
v -0.01805528 -0.04884990 0.04946625
v -0.01805528 -0.04872104 0.04815617
v -0.01805528 -0.04870386 0.04781702
v -0.01805528 -0.04866735 0.04690596
v -0.01805528 -0.04985498 0.05223269
v -0.02925303 -0.04088867 0.05249870
v -0.02985114 -0.04017566 0.05230584
v -0.02985114 -0.03869380 0.05063002
v -0.02985114 -0.03965164 0.05190684
v -0.01805528 -0.04966384 0.05199995
f 1 2 3
f 1 3 7
f 1 7 15
f 1 15 28
f 1 28 47
f 1 47 48
f 1 48 89
f 1 89 92
f 1 92 91
f 1 91 129
f 1 129 130
f 1 130 168
f 1 168 171
f 1 171 208
f 1 208 277
f 1 277 335
f 1 335 279
f 1 279 278
f 1 278 281
f 1 281 280
f 1 280 215
f 1 215 214
f 1 214 213
f 1 213 212
f 1 212 274
f 1 274 273
f 1 273 271
f 1 271 270
f 1 270 269
f 1 269 268
f 1 268 267
f 1 267 264
f 1 264 263
f 1 263 334
f 1 334 348
f 1 348 346
f 1 346 324
f 1 324 323
f 1 323 322
f 1 322 321
f 1 321 330
f 1 330 329
f 1 329 345
f 1 345 319
f 1 319 318
f 1 318 317
f 1 317 316
f 1 316 336
f 1 336 282
f 1 282 219
f 1 219 177
f 1 177 138
f 1 138 134
f 1 134 96
f 1 96 70
f 1 70 69
f 1 69 68
f 1 68 67
f 1 67 66
f 1 66 65
f 1 65 64
f 1 64 63
f 1 63 62
f 1 62 61
f 1 61 60
f 1 60 59
f 1 59 58
f 1 58 57
f 1 57 56
f 1 56 55
f 1 55 54
f 1 54 53
f 1 53 38
f 1 38 34
f 1 34 18
f 1 18 10
f 1 10 4
f 1 4 12
f 1 12 24
f 1 24 41
f 1 41 82
f 1 82 80
f 1 80 113
f 1 113 116
f 1 116 84
f 1 84 42
f 1 42 25
f 1 25 13
f 1 13 5
f 1 5 2
f 2 5 6
f 2 6 3
f 3 6 8
f 3 8 9
f 3 9 7
f 4 10 11
f 4 11 12
f 5 13 14
f 5 14 6
f 6 14 8
f 7 9 15
f 8 14 9
f 9 16 15
f 9 14 17
f 9 17 16
f 10 18 19
f 10 19 11
f 11 20 21
f 11 21 22
f 11 22 23
f 11 23 24
f 11 24 12
f 11 19 20
f 13 25 26
f 13 26 14
f 14 26 27
f 14 27 17
f 15 16 28
f 16 17 29
f 16 29 30
f 16 30 28
f 17 27 31
f 17 31 32
f 17 32 33
f 17 33 30
f 17 30 29
f 18 34 19
f 19 35 36
f 19 36 37
f 19 37 22
f 19 22 20
f 19 34 38
f 19 38 35
f 20 22 21
f 22 39 23
f 22 37 40
f 22 40 39
f 23 39 41
f 23 41 24
f 25 42 43
f 25 43 44
f 25 44 26
f 26 44 45
f 26 45 27
f 27 45 46
f 27 46 31
f 28 30 47
f 30 48 47
f 30 33 32
f 30 32 49
f 30 49 50
f 30 50 48
f 31 46 51
f 31 51 32
f 32 51 52
f 32 52 49
f 35 38 53
f 35 53 54
f 35 54 55
f 35 55 56
f 35 56 57
f 35 57 58
f 35 58 59
f 35 59 60
f 35 60 61
f 35 61 62
f 35 62 63
f 35 63 64
f 35 64 65
f 35 65 66
f 35 66 67
f 35 67 68
f 35 68 69
f 35 69 70
f 35 70 71
f 35 71 72
f 35 72 73
f 35 73 36
f 36 74 37
f 36 73 75
f 36 75 76
f 36 76 77
f 36 77 74
f 37 74 77
f 37 77 78
f 37 78 40
f 39 40 41
f 40 78 79
f 40 79 80
f 40 80 81
f 40 81 41
f 41 81 82
f 42 83 43
f 42 84 85
f 42 85 83
f 43 83 86
f 43 86 44
f 44 87 45
f 44 86 87
f 45 87 88
f 45 88 46
f 46 88 51
f 48 50 49
f 48 49 89
f 49 90 91
f 49 91 92
f 49 92 89
f 49 52 93
f 49 93 90
f 51 88 94
f 51 94 52
f 52 94 95
f 52 95 93
f 70 96 71
f 71 73 72
f 71 96 97
f 71 97 98
f 71 98 99
f 71 99 100
f 71 100 101
f 71 101 73
f 73 101 102
f 73 102 103
f 73 103 75
f 75 103 104
f 75 104 105
f 75 105 106
f 75 106 76
f 76 106 77
f 77 107 78
f 77 106 108
f 77 108 109
f 77 109 107
f 78 107 110
f 78 110 79
f 79 110 111
f 79 111 112
f 79 112 80
f 80 82 81
f 80 112 113
f 83 114 115
f 83 115 86
f 83 85 114
f 84 116 85
f 85 116 117
f 85 117 118
f 85 118 119
f 85 119 114
f 86 120 121
f 86 121 122
f 86 122 123
f 86 123 124
f 86 124 125
f 86 125 126
f 86 126 87
f 86 115 120
f 87 126 127
f 87 127 88
f 88 127 128
f 88 128 94
f 90 129 91
f 90 93 130
f 90 130 129
f 93 131 130
f 93 95 131
f 94 128 95
f 95 128 132
f 95 132 133
f 95 133 131
f 96 134 97
f 97 134 98
f 98 135 136
f 98 136 137
f 98 137 99
f 98 134 138
f 98 138 139
f 98 139 135
f 99 137 140
f 99 140 100
f 100 136 141
f 100 141 142
f 100 142 143
f 100 143 144
f 100 144 101
f 100 140 136
f 101 144 143
f 101 143 145
f 101 145 146
f 101 146 102
f 102 146 103
f 103 147 148
f 103 148 105
f 103 105 104
f 103 146 147
f 105 148 106
f 106 148 149
f 106 149 108
f 107 109 150
f 107 150 110
f 108 149 151
f 108 151 109
f 109 151 150
f 110 150 111
f 111 150 152
f 111 152 153
f 111 153 118
f 111 118 112
f 112 118 117
f 112 117 113
f 113 117 116
f 114 154 155
f 114 155 115
f 114 119 156
f 114 156 154
f 115 155 157
f 115 157 120
f 118 153 158
f 118 158 119
f 119 158 159
f 119 159 156
f 120 160 161
f 120 161 121
f 120 157 162
f 120 162 160
f 121 161 160
f 121 160 163
f 121 163 164
f 121 164 122
f 122 164 165
f 122 165 166
f 122 166 123
f 123 166 167
f 123 167 124
f 124 167 125
f 125 167 128
f 125 128 127
f 125 127 126
f 128 167 132
f 130 131 168
f 131 169 170
f 131 170 171
f 131 171 168
f 131 133 172
f 131 172 169
f 132 167 133
f 133 173 172
f 133 167 174
f 133 174 173
f 135 139 136
f 136 140 137
f 136 139 175
f 136 175 176
f 136 176 141
f 138 177 178
f 138 178 139
f 139 179 180
f 139 180 175
f 139 178 177
f 139 177 179
f 141 176 142
f 142 176 181
f 142 181 182
f 142 182 183
f 142 183 184
f 142 184 143
f 143 184 145
f 145 183 146
f 145 184 183
f 146 183 185
f 146 185 147
f 147 186 187
f 147 187 151
f 147 151 148
f 147 185 188
f 147 188 186
f 148 151 149
f 150 151 152
f 151 187 152
f 152 187 153
f 153 187 158
f 154 156 189
f 154 189 190
f 154 190 191
f 154 191 155
f 155 192 193
f 155 193 194
f 155 194 157
f 155 191 192
f 156 159 195
f 156 195 189
f 157 196 160
f 157 160 162
f 157 194 197
f 157 197 196
f 158 187 159
f 159 187 195
f 160 198 199
f 160 199 200
f 160 200 163
f 160 196 201
f 160 201 202
f 160 202 198
f 163 203 204
f 163 204 164
f 163 200 199
f 163 199 203
f 164 205 206
f 164 206 165
f 164 204 205
f 165 206 174
f 165 174 166
f 166 174 167
f 169 207 208
f 169 208 170
f 169 172 207
f 170 208 171
f 172 173 209
f 172 209 210
f 172 210 211
f 172 211 207
f 173 174 209
f 174 206 212
f 174 212 213
f 174 213 214
f 174 214 215
f 174 215 216
f 174 216 217
f 174 217 209
f 175 180 181
f 175 181 176
f 177 218 179
f 177 219 220
f 177 220 221
f 177 221 222
f 177 222 223
f 177 223 224
f 177 224 225
f 177 225 226
f 177 226 227
f 177 227 218
f 179 218 228
f 179 228 180
f 180 228 181
f 181 228 229
f 181 229 230
f 181 230 231
f 181 231 232
f 181 232 233
f 181 233 234
f 181 234 182
f 182 234 183
f 183 235 185
f 183 234 236
f 183 236 237
f 183 237 238
f 183 238 239
f 183 239 240
f 183 240 241
f 183 241 242
f 183 242 235
f 185 243 188
f 185 235 242
f 185 242 243
f 186 188 243
f 186 243 187
f 187 243 195
f 189 195 244
f 189 244 190
f 190 244 245
f 190 245 246
f 190 246 247
f 190 247 248
f 190 248 191
f 191 248 249
f 191 249 250
f 191 250 192
f 192 250 251
f 192 251 193
f 193 252 194
f 193 251 253
f 193 253 252
f 194 252 197
f 195 254 244
f 195 243 255
f 195 255 256
f 195 256 242
f 195 242 254
f 196 197 257
f 196 257 258
f 196 258 201
f 197 252 259
f 197 259 257
f 198 260 261
f 198 261 199
f 198 202 262
f 198 262 260
f 199 261 260
f 199 260 263
f 199 263 264
f 199 264 265
f 199 265 203
f 201 258 202
f 202 258 266
f 202 266 262
f 203 267 268
f 203 268 204
f 203 265 264
f 203 264 267
f 204 268 269
f 204 269 270
f 204 270 271
f 204 271 272
f 204 272 273
f 204 273 274
f 204 274 275
f 204 275 205
f 205 275 212
f 205 212 206
f 207 276 208
f 207 211 276
f 208 276 277
f 209 217 210
f 210 217 278
f 210 278 279
f 210 279 276
f 210 276 211
f 212 275 274
f 215 280 216
f 216 280 217
f 217 280 281
f 217 281 278
f 218 227 228
f 219 282 283
f 219 283 284
f 219 284 285
f 219 285 286
f 219 286 287
f 219 287 288
f 219 288 289
f 219 289 290
f 219 290 291
f 219 291 292
f 219 292 293
f 219 293 294
f 219 294 220
f 220 294 295
f 220 295 221
f 221 295 296
f 221 296 222
f 222 296 231
f 222 231 230
f 222 230 223
f 223 230 224
f 224 230 225
f 225 230 228
f 225 228 226
f 226 228 227
f 228 230 229
f 231 296 297
f 231 297 232
f 232 297 233
f 233 297 236
f 233 236 234
f 236 298 299
f 236 299 300
f 236 300 237
f 236 297 295
f 236 295 298
f 237 300 299
f 237 299 301
f 237 301 238
f 238 301 302
f 238 302 244
f 238 244 239
f 239 244 240
f 240 303 304
f 240 304 241
f 240 244 303
f 241 304 242
f 242 304 254
f 242 256 255
f 242 255 243
f 244 254 303
f 244 302 305
f 244 305 306
f 244 306 307
f 244 307 308
f 244 308 245
f 245 247 246
f 245 308 309
f 245 309 310
f 245 310 283
f 245 283 311
f 245 311 247
f 247 311 312
f 247 312 249
f 247 249 248
f 249 312 250
f 250 312 251
f 251 312 253
f 252 313 314
f 252 314 259
f 252 253 315
f 252 315 313
f 253 312 316
f 253 316 317
f 253 317 318
f 253 318 319
f 253 319 320
f 253 320 315
f 254 304 303
f 257 259 321
f 257 321 322
f 257 322 323
f 257 323 324
f 257 324 325
f 257 325 326
f 257 326 327
f 257 327 328
f 257 328 266
f 257 266 258
f 259 329 330
f 259 330 321
f 259 314 315
f 259 315 329
f 260 262 331
f 260 331 332
f 260 332 333
f 260 333 334
f 260 334 263
f 262 266 328
f 262 328 327
f 262 327 331
f 271 273 272
f 276 335 277
f 276 279 335
f 282 336 283
f 283 310 284
f 283 336 337
f 283 337 311
f 284 310 285
f 285 310 286
f 286 310 338
f 286 338 307
f 286 307 287
f 287 307 306
f 287 306 339
f 287 339 288
f 288 339 289
f 289 339 340
f 289 340 290
f 290 340 341
f 290 341 291
f 291 341 292
f 292 341 342
f 292 342 343
f 292 343 293
f 293 343 294
f 294 343 295
f 295 297 296
f 295 343 302
f 295 302 299
f 295 299 298
f 299 302 301
f 302 343 342
f 302 342 344
f 302 344 340
f 302 340 305
f 305 340 339
f 305 339 306
f 307 338 308
f 308 338 309
f 309 338 310
f 311 337 312
f 312 337 316
f 313 315 314
f 315 320 345
f 315 345 329
f 316 337 336
f 319 345 320
f 324 346 325
f 325 347 326
f 325 346 333
f 325 333 327
f 325 327 347
f 326 347 327
f 327 333 332
f 327 332 331
f 333 346 348
f 333 348 334
f 340 344 342
f 340 342 341
f 349 350 351
f 349 351 352
f 349 352 353
f 349 353 354
f 349 354 355
f 349 355 356
f 349 356 350
f 350 357 351
f 350 356 358
f 350 358 357
f 351 359 352
f 351 357 360
f 351 360 359
f 352 361 353
f 352 359 362
f 352 362 361
f 353 361 374
f 353 374 389
f 353 389 409
f 353 409 413
f 353 413 443
f 353 443 472
f 353 472 494
f 353 494 515
f 353 515 536
f 353 536 535
f 353 535 534
f 353 534 556
f 353 556 577
f 353 577 576
f 353 576 596
f 353 596 621
f 353 621 620
f 353 620 641
f 353 641 663
f 353 663 662
f 353 662 661
f 353 661 660
f 353 660 689
f 353 689 711
f 353 711 708
f 353 708 707
f 353 707 728
f 353 728 753
f 353 753 773
f 353 773 779
f 353 779 777
f 353 777 757
f 353 757 731
f 353 731 713
f 353 713 691
f 353 691 666
f 353 666 664
f 353 664 642
f 353 642 624
f 353 624 599
f 353 599 597
f 353 597 578
f 353 578 557
f 353 557 537
f 353 537 516
f 353 516 495
f 353 495 474
f 353 474 446
f 353 446 416
f 353 416 414
f 353 414 393
f 353 393 377
f 353 377 363
f 353 363 354
f 354 363 355
f 355 364 378
f 355 378 394
f 355 394 415
f 355 415 445
f 355 445 448
f 355 448 447
f 355 447 475
f 355 475 496
f 355 496 517
f 355 517 538
f 355 538 558
f 355 558 579
f 355 579 598
f 355 598 623
f 355 623 625
f 355 625 643
f 355 643 665
f 355 665 690
f 355 690 712
f 355 712 730
f 355 730 756
f 355 756 761
f 355 761 760
f 355 760 759
f 355 759 758
f 355 758 778
f 355 778 769
f 355 769 768
f 355 768 764
f 355 764 763
f 355 763 736
f 355 736 732
f 355 732 714
f 355 714 692
f 355 692 668
f 355 668 667
f 355 667 644
f 355 644 626
f 355 626 600
f 355 600 580
f 355 580 560
f 355 560 559
f 355 559 540
f 355 540 519
f 355 519 498
f 355 498 477
f 355 477 450
f 355 450 419
f 355 419 418
f 355 418 417
f 355 417 395
f 355 395 379
f 355 379 365
f 355 365 366
f 355 366 367
f 355 367 356
f 355 363 364
f 356 367 368
f 356 368 369
f 356 369 370
f 356 370 358
f 357 358 371
f 357 371 360
f 358 370 372
f 358 372 371
f 359 360 373
f 359 373 362
f 360 371 373
f 361 362 374
f 362 373 375
f 362 375 376
f 362 376 374
f 363 377 364
f 364 377 378
f 365 379 380
f 365 380 366
f 366 380 381
f 366 381 367
f 367 381 368
f 368 381 369
f 369 381 370
f 370 381 372
f 371 382 373
f 371 372 383
f 371 383 382
f 372 381 384
f 372 384 385
f 372 385 383
f 373 382 386
f 373 386 387
f 373 387 388
f 373 388 375
f 374 376 389
f 375 390 391
f 375 391 392
f 375 392 376
f 375 388 390
f 376 392 389
f 377 393 394
f 377 394 378
f 379 395 396
f 379 396 380
f 380 396 397
f 380 397 381
f 381 397 398
f 381 398 384
f 382 383 399
f 382 399 400
f 382 400 401
f 382 401 386
f 383 385 399
f 384 398 385
f 385 398 402
f 385 402 403
f 385 403 399
f 386 401 387
f 387 401 404
f 387 404 388
f 388 404 405
f 388 405 406
f 388 406 407
f 388 407 408
f 388 408 390
f 389 392 409
f 390 410 392
f 390 392 391
f 390 408 411
f 390 411 412
f 390 412 410
f 392 410 413
f 392 413 409
f 393 414 394
f 394 414 416
f 394 416 415
f 395 417 396
f 396 417 418
f 396 418 419
f 396 419 420
f 396 420 397
f 397 420 421
f 397 421 398
f 398 421 422
f 398 422 423
f 398 423 424
f 398 424 402
f 399 403 400
f 400 403 401
f 401 403 425
f 401 425 426
f 401 426 404
f 402 427 428
f 402 428 425
f 402 425 403
f 402 424 427
f 404 426 429
f 404 429 430
f 404 430 405
f 405 430 406
f 406 430 431
f 406 431 407
f 407 432 408
f 407 431 432
f 408 432 433
f 408 433 434
f 408 434 435
f 408 435 411
f 410 412 436
f 410 436 437
f 410 437 438
f 410 438 413
f 411 435 439
f 411 439 412
f 412 439 440
f 412 440 441
f 412 441 442
f 412 442 436
f 413 438 444
f 413 444 443
f 415 416 445
f 416 446 447
f 416 447 448
f 416 448 445
f 419 449 420
f 419 450 449
f 420 449 451
f 420 451 421
f 421 451 452
f 421 452 422
f 422 452 423
f 423 453 424
f 423 452 453
f 424 453 427
f 425 428 426
f 426 428 454
f 426 454 429
f 427 455 456
f 427 456 457
f 427 457 428
f 427 453 458
f 427 458 455
f 428 457 459
f 428 459 460
f 428 460 454
f 429 454 461
f 429 461 430
f 430 461 431
f 431 461 462
f 431 462 432
f 432 462 433
f 433 462 434
f 434 462 435
f 435 462 463
f 435 463 464
f 435 464 439
f 436 442 437
f 437 465 438
f 437 442 465
f 438 465 444
f 439 464 466
f 439 466 467
f 439 467 468
f 439 468 469
f 439 469 470
f 439 470 442
f 439 442 441
f 439 441 440
f 442 470 471
f 442 471 465
f 443 444 472
f 444 465 473
f 444 473 472
f 446 474 475
f 446 475 447
f 449 450 476
f 449 476 451
f 450 477 476
f 451 476 478
f 451 478 479
f 451 479 452
f 452 479 480
f 452 480 453
f 453 480 458
f 454 460 461
f 455 458 480
f 455 480 456
f 456 481 482
f 456 482 483
f 456 483 484
f 456 484 460
f 456 460 459
f 456 459 457
f 456 480 485
f 456 485 486
f 456 486 487
f 456 487 481
f 460 484 461
f 461 484 462
f 462 484 463
f 463 484 483
f 463 483 464
f 464 483 482
f 464 482 466
f 465 471 473
f 466 488 489
f 466 489 467
f 466 482 488
f 467 489 490
f 467 490 468
f 468 490 469
f 469 490 491
f 469 491 492
f 469 492 470
f 470 492 493
f 470 493 471
f 471 493 494
f 471 494 473
f 472 473 494
f 474 495 475
f 475 495 496
f 476 477 497
f 476 497 478
f 477 498 497
f 478 497 479
f 479 497 499
f 479 499 500
f 479 500 480
f 480 500 501
f 480 501 485
f 481 487 482
f 482 487 502
f 482 502 503
f 482 503 488
f 485 501 504
f 485 504 486
f 486 504 487
f 487 504 505
f 487 505 506
f 487 506 507
f 487 507 502
f 488 503 508
f 488 508 509
f 488 509 489
f 489 509 490
f 490 510 491
f 490 509 510
f 491 510 492
f 492 511 512
f 492 512 493
f 492 510 511
f 493 512 513
f 493 513 514
f 493 514 515
f 493 515 494
f 495 516 496
f 496 516 517
f 497 498 519
f 497 519 518
f 497 518 499
f 499 518 500
f 500 518 520
f 500 520 521
f 500 521 501
f 501 521 522
f 501 522 523
f 501 523 524
f 501 524 504
f 502 525 503
f 502 507 526
f 502 526 525
f 503 525 508
f 504 524 505
f 505 524 527
f 505 527 506
f 506 527 507
f 507 527 526
f 508 525 528
f 508 528 529
f 508 529 530
f 508 530 510
f 508 510 509
f 510 530 531
f 510 531 511
f 511 531 512
f 512 531 513
f 513 531 532
f 513 532 533
f 513 533 534
f 513 534 514
f 514 534 535
f 514 535 536
f 514 536 515
f 516 537 517
f 517 537 538
f 518 519 539
f 518 539 541
f 518 541 520
f 519 540 539
f 520 541 521
f 521 541 522
f 522 541 542
f 522 542 523
f 523 542 543
f 523 543 524
f 524 543 544
f 524 544 527
f 525 545 546
f 525 546 528
f 525 526 547
f 525 547 548
f 525 548 545
f 526 527 547
f 527 544 547
f 528 546 529
f 529 546 549
f 529 549 550
f 529 550 530
f 530 550 551
f 530 551 552
f 530 552 553
f 530 553 531
f 531 553 554
f 531 554 555
f 531 555 534
f 531 534 532
f 532 534 533
f 534 555 556
f 537 557 538
f 538 557 558
f 539 540 559
f 539 559 560
f 539 560 561
f 539 561 541
f 541 561 562
f 541 562 542
f 542 562 543
f 543 563 564
f 543 564 544
f 543 562 563
f 544 564 565
f 544 565 566
f 544 566 567
f 544 567 547
f 545 568 546
f 545 548 568
f 546 569 549
f 546 568 569
f 547 567 548
f 548 567 568
f 549 569 550
f 550 569 551
f 551 569 570
f 551 570 571
f 551 571 572
f 551 572 552
f 552 572 573
f 552 573 553
f 553 573 574
f 553 574 554
f 554 574 575
f 554 575 555
f 555 575 576
f 555 576 577
f 555 577 556
f 557 578 558
f 558 578 579
f 560 580 561
f 561 580 581
f 561 581 562
f 562 581 582
f 562 582 563
f 563 583 584
f 563 584 565
f 563 565 564
f 563 582 583
f 565 585 566
f 565 584 586
f 565 586 568
f 565 568 585
f 566 585 567
f 567 585 568
f 568 587 569
f 568 586 587
f 569 587 588
f 569 588 589
f 569 589 570
f 570 589 571
f 571 589 590
f 571 590 591
f 571 591 592
f 571 592 593
f 571 593 572
f 572 593 573
f 573 593 594
f 573 594 574
f 574 594 595
f 574 595 575
f 575 595 576
f 576 595 596
f 578 597 579
f 579 597 599
f 579 599 598
f 580 600 581
f 581 601 602
f 581 602 582
f 581 600 601
f 582 602 603
f 582 603 583
f 583 604 605
f 583 605 584
f 583 603 604
f 584 605 606
f 584 606 586
f 586 606 607
f 586 607 587
f 587 608 588
f 587 607 608
f 588 609 610
f 588 610 589
f 588 608 609
f 589 610 590
f 590 610 611
f 590 611 612
f 590 612 613
f 590 613 614
f 590 614 591
f 591 614 615
f 591 615 616
f 591 616 617
f 591 617 592
f 592 617 618
f 592 618 593
f 593 618 594
f 594 618 595
f 595 619 620
f 595 620 621
f 595 621 596
f 595 618 622
f 595 622 619
f 598 599 623
f 599 624 625
f 599 625 623
f 600 626 601
f 601 626 627
f 601 627 628
f 601 628 602
f 602 628 629
f 602 629 603
f 603 629 630
f 603 630 604
f 604 630 631
f 604 631 605
f 605 631 632
f 605 632 633
f 605 633 634
f 605 634 606
f 606 634 635
f 606 635 607
f 607 635 608
f 608 635 611
f 608 611 609
f 609 611 610
f 611 635 634
f 611 634 612
f 612 636 613
f 612 634 636
f 613 636 614
f 614 637 615
f 614 636 637
f 615 638 639
f 615 639 616
f 615 637 638
f 616 622 617
f 616 639 640
f 616 640 619
f 616 619 622
f 617 622 618
f 619 640 620
f 620 640 641
f 624 642 643
f 624 643 625
f 626 644 627
f 627 644 645
f 627 645 646
f 627 646 628
f 628 646 629
f 629 646 631
f 629 631 630
f 631 647 648
f 631 648 649
f 631 649 650
f 631 650 633
f 631 633 632
f 631 646 647
f 633 650 651
f 633 651 634
f 634 652 653
f 634 653 654
f 634 654 636
f 634 651 652
f 636 654 655
f 636 655 656
f 636 656 657
f 636 657 637
f 637 657 656
f 637 656 658
f 637 658 659
f 637 659 660
f 637 660 638
f 638 660 661
f 638 661 662
f 638 662 663
f 638 663 641
f 638 641 639
f 639 641 640
f 642 664 643
f 643 664 666
f 643 666 665
f 644 667 645
f 645 667 668
f 645 668 669
f 645 669 670
f 645 670 671
f 645 671 646
f 646 671 672
f 646 672 647
f 647 673 674
f 647 674 675
f 647 675 676
f 647 676 648
f 647 672 677
f 647 677 673
f 648 676 678
f 648 678 649
f 649 678 651
f 649 651 650
f 651 678 679
f 651 679 680
f 651 680 652
f 652 681 682
f 652 682 683
f 652 683 653
f 652 680 684
f 652 684 685
f 652 685 686
f 652 686 681
f 653 683 655
f 653 655 654
f 655 683 656
f 656 682 687
f 656 687 688
f 656 688 658
f 656 683 682
f 658 688 659
f 659 688 660
f 660 688 687
f 660 687 689
f 665 666 691
f 665 691 690
f 668 692 693
f 668 693 669
f 669 693 694
f 669 694 670
f 670 694 671
f 671 694 672
f 672 694 677
f 673 677 695
f 673 695 696
f 673 696 674
f 674 696 675
f 675 696 676
f 676 696 697
f 676 697 698
f 676 698 699
f 676 699 679
f 676 679 678
f 677 700 695
f 677 694 701
f 677 701 700
f 679 702 685
f 679 685 680
f 679 699 698
f 679 698 702
f 680 685 684
f 681 686 703
f 681 703 704
f 681 704 682
f 682 704 687
f 685 702 705
f 685 705 703
f 685 703 686
f 687 706 707
f 687 707 708
f 687 708 709
f 687 709 689
f 687 704 710
f 687 710 706
f 689 709 711
f 690 691 712
f 691 713 712
f 692 714 715
f 692 715 693
f 693 715 716
f 693 716 694
f 694 716 701
f 695 717 718
f 695 718 719
f 695 719 696
f 695 700 717
f 696 719 698
f 696 698 697
f 698 719 720
f 698 720 702
f 700 701 717
f 701 716 721
f 701 721 722
f 701 722 723
f 701 723 717
f 702 720 724
f 702 724 705
f 703 705 704
f 704 725 710
f 704 705 725
f 705 724 726
f 705 726 725
f 706 727 728
f 706 728 707
f 706 710 727
f 708 711 709
f 710 725 726
f 710 726 729
f 710 729 727
f 712 713 730
f 713 731 730
f 714 732 733
f 714 733 734
f 714 734 716
f 714 716 715
f 716 735 721
f 716 734 736
f 716 736 737
f 716 737 738
f 716 738 735
f 717 723 739
f 717 739 718
f 718 739 720
f 718 720 719
f 720 740 724
f 720 739 740
f 721 741 742
f 721 742 743
f 721 743 722
f 721 735 744
f 721 744 745
f 721 745 741
f 722 746 747
f 722 747 723
f 722 743 742
f 722 742 746
f 723 747 748
f 723 748 749
f 723 749 750
f 723 750 739
f 724 740 751
f 724 751 752
f 724 752 726
f 726 752 729
f 727 753 728
f 727 729 754
f 727 754 753
f 729 752 751
f 729 751 740
f 729 740 755
f 729 755 754
f 730 731 756
f 731 757 758
f 731 758 759
f 731 759 760
f 731 760 761
f 731 761 756
f 732 736 733
f 733 736 734
f 735 738 762
f 735 762 744
f 736 763 737
f 737 763 764
f 737 764 762
f 737 762 738
f 739 765 740
f 739 750 749
f 739 749 765
f 740 765 766
f 740 766 755
f 741 745 767
f 741 767 742
f 742 767 746
f 744 762 768
f 744 768 769
f 744 769 770
f 744 770 745
f 745 770 767
f 746 767 771
f 746 771 747
f 747 771 772
f 747 772 748
f 748 772 749
f 749 772 765
f 753 754 774
f 753 774 773
f 754 755 766
f 754 766 775
f 754 775 767
f 754 767 776
f 754 776 774
f 757 777 758
f 758 777 779
f 758 779 773
f 758 773 778
f 762 764 768
f 765 772 766
f 766 772 771
f 766 771 775
f 767 774 776
f 767 775 771
f 767 770 774
f 769 778 773
f 769 773 774
f 769 774 770
f 780 781 785
f 780 785 801
f 780 801 828
f 780 828 833
f 780 833 811
f 780 811 791
f 780 791 782
f 780 782 792
f 780 792 815
f 780 815 840
f 780 840 857
f 780 857 872
f 780 872 874
f 780 874 873
f 780 873 861
f 780 861 846
f 780 846 845
f 780 845 842
f 780 842 817
f 780 817 793
f 780 793 783
f 780 783 784
f 780 784 781
f 781 784 786
f 781 786 787
f 781 787 788
f 781 788 789
f 781 789 790
f 781 790 785
f 782 791 810
f 782 810 831
f 782 831 816
f 782 816 792
f 783 793 818
f 783 818 844
f 783 844 860
f 783 860 876
f 783 876 863
f 783 863 852
f 783 852 850
f 783 850 829
f 783 829 809
f 783 809 808
f 783 808 807
f 783 807 794
f 783 794 784
f 784 794 795
f 784 795 796
f 784 796 797
f 784 797 786
f 785 798 799
f 785 799 800
f 785 800 801
f 785 790 802
f 785 802 803
f 785 803 804
f 785 804 805
f 785 805 798
f 786 797 787
f 787 806 802
f 787 802 788
f 787 797 796
f 787 796 795
f 787 795 794
f 787 794 807
f 787 807 808
f 787 808 809
f 787 809 806
f 788 802 789
f 789 802 790
f 791 811 812
f 791 812 813
f 791 813 814
f 791 814 810
f 792 816 815
f 793 817 818
f 798 819 799
f 798 805 820
f 798 820 821
f 798 821 822
f 798 822 819
f 799 819 823
f 799 823 824
f 799 824 825
f 799 825 826
f 799 826 800
f 800 826 827
f 800 827 801
f 801 827 828
f 802 806 829
f 802 829 803
f 803 829 830
f 803 830 820
f 803 820 804
f 804 820 805
f 806 809 829
f 810 814 832
f 810 832 831
f 811 833 812
f 812 824 823
f 812 823 834
f 812 834 813
f 812 833 824
f 813 834 835
f 813 835 814
f 814 835 836
f 814 836 837
f 814 837 838
f 814 838 839
f 814 839 832
f 815 816 841
f 815 841 840
f 816 831 832
f 816 832 839
f 816 839 854
f 816 854 853
f 816 853 869
f 816 869 868
f 816 868 867
f 816 867 866
f 816 866 865
f 816 865 864
f 816 864 882
f 816 882 881
f 816 881 880
f 816 880 879
f 816 879 878
f 816 878 877
f 816 877 875
f 816 875 871
f 816 871 855
f 816 855 841
f 817 842 818
f 818 843 858
f 818 858 856
f 818 856 855
f 818 855 871
f 818 871 859
f 818 859 844
f 818 842 845
f 818 845 846
f 818 846 843
f 819 822 847
f 819 847 834
f 819 834 823
f 820 830 848
f 820 848 821
f 821 848 822
f 822 848 830
f 822 830 829
f 822 829 847
f 824 833 849
f 824 849 825
f 825 849 827
f 825 827 826
f 827 849 833
f 827 833 828
f 829 850 836
f 829 836 834
f 829 834 847
f 834 836 835
f 836 851 837
f 836 850 852
f 836 852 851
f 837 851 853
f 837 853 854
f 837 854 839
f 837 839 838
f 840 841 855
f 840 855 856
f 840 856 857
f 843 846 858
f 844 859 860
f 846 861 858
f 851 862 853
f 851 852 862
f 852 863 864
f 852 864 865
f 852 865 866
f 852 866 867
f 852 867 868
f 852 868 869
f 852 869 870
f 852 870 862
f 853 862 870
f 853 870 869
f 856 858 872
f 856 872 857
f 858 861 873
f 858 873 874
f 858 874 872
f 859 871 875
f 859 875 863
f 859 863 876
f 859 876 860
f 863 875 877
f 863 877 878
f 863 878 879
f 863 879 880
f 863 880 881
f 863 881 882
f 863 882 864
f 883 884 889
f 883 889 900
f 883 900 952
f 883 952 951
f 883 951 1005
f 883 1005 1076
f 883 1076 1153
f 883 1153 1249
f 883 1249 1254
f 883 1254 1253
f 883 1253 1272
f 883 1272 1179
f 883 1179 1098
f 883 1098 1023
f 883 1023 967
f 883 967 906
f 883 906 891
f 883 891 885
f 883 885 890
f 883 890 901
f 883 901 914
f 883 914 913
f 883 913 909
f 883 909 895
f 883 895 886
f 883 886 887
f 883 887 884
f 884 888 897
f 884 897 915
f 884 915 973
f 884 973 1041
f 884 1041 1121
f 884 1121 1211
f 884 1211 1210
f 884 1210 1308
f 884 1308 1336
f 884 1336 1330
f 884 1330 1238
f 884 1238 1143
f 884 1143 1068
f 884 1068 999
f 884 999 948
f 884 948 898
f 884 898 889
f 884 887 888
f 885 891 892
f 885 892 893
f 885 893 894
f 885 894 890
f 886 895 896
f 886 896 887
f 887 896 888
f 888 896 897
f 889 898 899
f 889 899 900
f 890 894 902
f 890 902 903
f 890 903 904
f 890 904 905
f 890 905 901
f 891 906 892
f 892 907 955
f 892 955 908
f 892 908 894
f 892 894 893
f 892 906 907
f 894 908 902
f 895 909 896
f 896 910 911
f 896 911 912
f 896 912 897
f 896 909 913
f 896 913 914
f 896 914 901
f 896 901 905
f 896 905 910
f 897 912 916
f 897 916 917
f 897 917 918
f 897 918 919
f 897 919 920
f 897 920 921
f 897 921 922
f 897 922 923
f 897 923 924
f 897 924 925
f 897 925 926
f 897 926 927
f 897 927 928
f 897 928 929
f 897 929 930
f 897 930 931
f 897 931 932
f 897 932 933
f 897 933 934
f 897 934 935
f 897 935 936
f 897 936 937
f 897 937 938
f 897 938 939
f 897 939 940
f 897 940 941
f 897 941 942
f 897 942 943
f 897 943 944
f 897 944 945
f 897 945 946
f 897 946 947
f 897 947 915
f 898 948 899
f 899 948 949
f 899 949 950
f 899 950 951
f 899 951 952
f 899 952 900
f 902 908 903
f 903 953 954
f 903 954 904
f 903 908 955
f 903 955 953
f 904 954 956
f 904 956 905
f 905 956 957
f 905 957 958
f 905 958 959
f 905 959 960
f 905 960 961
f 905 961 962
f 905 962 963
f 905 963 964
f 905 964 965
f 905 965 966
f 905 966 910
f 906 967 907
f 907 967 968
f 907 968 969
f 907 969 955
f 910 966 911
f 911 970 971
f 911 971 918
f 911 918 917
f 911 917 916
f 911 916 912
f 911 966 965
f 911 965 970
f 915 972 973
f 915 947 974
f 915 974 972
f 918 971 919
f 919 975 976
f 919 976 920
f 919 971 975
f 920 976 977
f 920 977 921
f 921 977 978
f 921 978 922
f 922 979 923
f 922 978 979
f 923 980 924
f 923 979 980
f 924 980 981
f 924 981 982
f 924 982 925
f 925 982 926
f 926 983 984
f 926 984 985
f 926 985 927
f 926 982 983
f 927 985 928
f 928 985 929
f 929 985 986
f 929 986 987
f 929 987 988
f 929 988 930
f 930 988 989
f 930 989 931
f 931 989 990
f 931 990 932
f 932 990 933
f 933 990 934
f 934 990 991
f 934 991 992
f 934 992 935
f 935 992 936
f 936 992 937
f 937 993 938
f 937 992 993
f 938 993 939
f 939 993 940
f 940 994 941
f 940 993 994
f 941 994 995
f 941 995 942
f 942 995 943
f 943 995 944
f 944 996 997
f 944 997 945
f 944 995 996
f 945 997 946
f 946 997 998
f 946 998 947
f 947 998 974
f 948 999 1000
f 948 1000 949
f 949 1001 950
f 949 1000 1002
f 949 1002 1003
f 949 1003 1004
f 949 1004 1001
f 950 1005 951
f 950 1001 1006
f 950 1006 1005
f 953 955 1007
f 953 1007 1008
f 953 1008 1009
f 953 1009 1010
f 953 1010 954
f 954 1010 1011
f 954 1011 956
f 955 969 1012
f 955 1012 1013
f 955 1013 1014
f 955 1014 1015
f 955 1015 1016
f 955 1016 1017
f 955 1017 1007
f 956 1011 1018
f 956 1018 957
f 957 1018 958
f 958 1019 959
f 958 1018 1019
f 959 1019 960
f 960 1020 961
f 960 1019 1021
f 960 1021 1020
f 961 1020 962
f 962 1020 1022
f 962 1022 963
f 963 1022 964
f 964 970 965
f 964 1022 970
f 967 1023 1024
f 967 1024 1025
f 967 1025 1026
f 967 1026 968
f 968 1026 1027
f 968 1027 969
f 969 1027 1028
f 969 1028 1029
f 969 1029 1030
f 969 1030 1031
f 969 1031 1032
f 969 1032 1033
f 969 1033 1012
f 970 1022 1034
f 970 1034 976
f 970 976 971
f 971 976 975
f 972 1035 1036
f 972 1036 1037
f 972 1037 1038
f 972 1038 1039
f 972 1039 1040
f 972 1040 1041
f 972 1041 973
f 972 974 998
f 972 998 1035
f 976 1034 1042
f 976 1042 1043
f 976 1043 1044
f 976 1044 1045
f 976 1045 977
f 977 1045 979
f 977 979 978
f 979 1045 980
f 980 1046 1047
f 980 1047 1048
f 980 1048 1049
f 980 1049 981
f 980 1045 1046
f 981 1049 982
f 982 1049 983
f 983 1050 986
f 983 986 985
f 983 985 984
f 983 1049 1051
f 983 1051 1050
f 986 1050 1052
f 986 1052 1053
f 986 1053 987
f 987 1053 988
f 988 1053 989
f 989 1054 1055
f 989 1055 990
f 989 1053 1056
f 989 1056 1057
f 989 1057 1058
f 989 1058 1054
f 990 1055 1059
f 990 1059 1060
f 990 1060 991
f 991 1060 1059
f 991 1059 992
f 992 1059 993
f 993 1061 1062
f 993 1062 1063
f 993 1063 994
f 993 1059 1061
f 994 1063 1062
f 994 1062 1064
f 994 1064 995
f 995 1065 996
f 995 1064 1065
f 996 1065 1066
f 996 1066 997
f 997 1067 1036
f 997 1036 998
f 997 1066 1067
f 998 1036 1035
f 999 1068 1000
f 1000 1069 1070
f 1000 1070 1003
f 1000 1003 1002
f 1000 1068 1071
f 1000 1071 1072
f 1000 1072 1069
f 1001 1004 1073
f 1001 1073 1074
f 1001 1074 1075
f 1001 1075 1006
f 1003 1070 1073
f 1003 1073 1004
f 1005 1006 1076
f 1006 1075 1077
f 1006 1077 1078
f 1006 1078 1076
f 1007 1017 1008
f 1008 1017 1016
f 1008 1016 1079
f 1008 1079 1080
f 1008 1080 1009
f 1009 1080 1081
f 1009 1081 1082
f 1009 1082 1083
f 1009 1083 1084
f 1009 1084 1085
f 1009 1085 1010
f 1010 1085 1011
f 1011 1085 1018
f 1012 1086 1087
f 1012 1087 1088
f 1012 1088 1089
f 1012 1089 1013
f 1012 1033 1086
f 1013 1090 1014
f 1013 1089 1090
f 1014 1090 1015
f 1015 1090 1016
f 1016 1091 1092
f 1016 1092 1079
f 1016 1090 1091
f 1018 1085 1093
f 1018 1093 1094
f 1018 1094 1019
f 1019 1095 1021
f 1019 1094 1096
f 1019 1096 1095
f 1020 1021 1022
f 1021 1095 1022
f 1022 1095 1097
f 1022 1097 1034
f 1023 1098 1099
f 1023 1099 1100
f 1023 1100 1024
f 1024 1100 1101
f 1024 1101 1102
f 1024 1102 1025
f 1025 1102 1028
f 1025 1028 1026
f 1026 1028 1027
f 1028 1102 1103
f 1028 1103 1029
f 1029 1103 1030
f 1030 1103 1104
f 1030 1104 1031
f 1031 1104 1105
f 1031 1105 1106
f 1031 1106 1107
f 1031 1107 1032
f 1032 1107 1108
f 1032 1108 1033
f 1033 1108 1109
f 1033 1109 1110
f 1033 1110 1111
f 1033 1111 1112
f 1033 1112 1113
f 1033 1113 1086
f 1034 1097 1042
f 1036 1038 1037
f 1036 1067 1038
f 1038 1067 1114
f 1038 1114 1115
f 1038 1115 1116
f 1038 1116 1039
f 1039 1116 1117
f 1039 1117 1118
f 1039 1118 1119
f 1039 1119 1120
f 1039 1120 1040
f 1040 1120 1041
f 1041 1120 1121
f 1042 1122 1123
f 1042 1123 1124
f 1042 1124 1043
f 1042 1097 1125
f 1042 1125 1122
f 1043 1124 1126
f 1043 1126 1044
f 1044 1126 1045
f 1045 1126 1046
f 1046 1126 1127
f 1046 1127 1047
f 1047 1127 1048
f 1048 1051 1049
f 1048 1127 1128
f 1048 1128 1129
f 1048 1129 1050
f 1048 1050 1051
f 1050 1129 1130
f 1050 1130 1131
f 1050 1131 1056
f 1050 1056 1052
f 1052 1056 1053
f 1054 1058 1059
f 1054 1059 1055
f 1056 1131 1058
f 1056 1058 1057
f 1058 1132 1133
f 1058 1133 1059
f 1058 1131 1134
f 1058 1134 1132
f 1059 1133 1135
f 1059 1135 1136
f 1059 1136 1137
f 1059 1137 1138
f 1059 1138 1061
f 1061 1138 1062
f 1062 1138 1139
f 1062 1139 1066
f 1062 1066 1064
f 1064 1066 1065
f 1066 1140 1067
f 1066 1139 1141
f 1066 1141 1140
f 1067 1140 1142
f 1067 1142 1114
f 1068 1143 1071
f 1069 1072 1144
f 1069 1144 1145
f 1069 1145 1146
f 1069 1146 1070
f 1070 1146 1073
f 1071 1143 1147
f 1071 1147 1148
f 1071 1148 1149
f 1071 1149 1072
f 1072 1150 1144
f 1072 1149 1150
f 1073 1151 1074
f 1073 1146 1151
f 1074 1151 1152
f 1074 1152 1077
f 1074 1077 1075
f 1076 1078 1153
f 1077 1152 1078
f 1078 1154 1155
f 1078 1155 1156
f 1078 1156 1157
f 1078 1157 1153
f 1078 1152 1154
f 1079 1092 1080
f 1080 1158 1081
f 1080 1092 1159
f 1080 1159 1160
f 1080 1160 1158
f 1081 1161 1162
f 1081 1162 1163
f 1081 1163 1164
f 1081 1164 1165
f 1081 1165 1082
f 1081 1158 1166
f 1081 1166 1161
f 1082 1165 1167
f 1082 1167 1168
f 1082 1168 1169
f 1082 1169 1083
f 1083 1169 1084
f 1084 1093 1085
f 1084 1169 1093
f 1086 1170 1087
f 1086 1113 1170
f 1087 1170 1088
f 1088 1170 1171
f 1088 1171 1172
f 1088 1172 1173
f 1088 1173 1174
f 1088 1174 1089
f 1089 1174 1175
f 1089 1175 1090
f 1090 1176 1091
f 1090 1175 1177
f 1090 1177 1176
f 1091 1159 1092
f 1091 1176 1159
f 1093 1169 1096
f 1093 1096 1094
f 1095 1096 1125
f 1095 1125 1097
f 1096 1169 1178
f 1096 1178 1125
f 1098 1179 1180
f 1098 1180 1099
f 1099 1180 1155
f 1099 1155 1181
f 1099 1181 1182
f 1099 1182 1183
f 1099 1183 1184
f 1099 1184 1100
f 1100 1184 1185
f 1100 1185 1101
f 1101 1185 1102
f 1102 1185 1103
f 1103 1185 1186
f 1103 1186 1187
f 1103 1187 1188
f 1103 1188 1104
f 1104 1188 1106
f 1104 1106 1105
f 1106 1188 1107
f 1107 1189 1190
f 1107 1190 1191
f 1107 1191 1110
f 1107 1110 1109
f 1107 1109 1108
f 1107 1188 1189
f 1110 1191 1111
f 1111 1191 1192
f 1111 1192 1193
f 1111 1193 1194
f 1111 1194 1195
f 1111 1195 1196
f 1111 1196 1197
f 1111 1197 1112
f 1112 1197 1198
f 1112 1198 1199
f 1112 1199 1200
f 1112 1200 1113
f 1113 1200 1170
f 1114 1142 1115
f 1115 1201 1202
f 1115 1202 1203
f 1115 1203 1204
f 1115 1204 1117
f 1115 1117 1116
f 1115 1142 1201
f 1117 1203 1205
f 1117 1205 1118
f 1117 1204 1206
f 1117 1206 1203
f 1118 1205 1119
f 1119 1205 1207
f 1119 1207 1120
f 1120 1207 1208
f 1120 1208 1209
f 1120 1209 1210
f 1120 1210 1211
f 1120 1211 1121
f 1122 1168 1123
f 1122 1125 1168
f 1123 1168 1212
f 1123 1212 1213
f 1123 1213 1124
f 1124 1213 1164
f 1124 1164 1214
f 1124 1214 1126
f 1125 1178 1168
f 1126 1214 1215
f 1126 1215 1127
f 1127 1215 1216
f 1127 1216 1128
f 1128 1216 1217
f 1128 1217 1129
f 1129 1218 1219
f 1129 1219 1220
f 1129 1220 1130
f 1129 1217 1218
f 1130 1221 1222
f 1130 1222 1223
f 1130 1223 1224
f 1130 1224 1225
f 1130 1225 1134
f 1130 1134 1131
f 1130 1220 1221
f 1132 1134 1226
f 1132 1226 1133
f 1133 1226 1225
f 1133 1225 1135
f 1134 1225 1226
f 1135 1225 1136
f 1136 1225 1227
f 1136 1227 1228
f 1136 1228 1137
f 1137 1228 1229
f 1137 1229 1139
f 1137 1139 1138
f 1139 1229 1141
f 1140 1230 1142
f 1140 1141 1231
f 1140 1231 1230
f 1141 1229 1232
f 1141 1232 1233
f 1141 1233 1234
f 1141 1234 1235
f 1141 1235 1231
f 1142 1230 1236
f 1142 1236 1237
f 1142 1237 1201
f 1143 1238 1147
f 1144 1239 1145
f 1144 1150 1240
f 1144 1240 1241
f 1144 1241 1239
f 1145 1242 1243
f 1145 1243 1146
f 1145 1239 1242
f 1146 1243 1151
f 1147 1238 1244
f 1147 1244 1245
f 1147 1245 1148
f 1148 1245 1149
f 1149 1245 1246
f 1149 1246 1240
f 1149 1240 1150
f 1151 1247 1152
f 1151 1243 1247
f 1152 1248 1154
f 1152 1247 1248
f 1153 1157 1249
f 1154 1248 1155
f 1155 1248 1250
f 1155 1250 1251
f 1155 1251 1184
f 1155 1184 1183
f 1155 1183 1182
f 1155 1182 1181
f 1155 1180 1252
f 1155 1252 1156
f 1156 1252 1253
f 1156 1253 1254
f 1156 1254 1157
f 1157 1254 1249
f 1158 1160 1166
f 1159 1176 1160
f 1160 1176 1255
f 1160 1255 1166
f 1161 1256 1257
f 1161 1257 1162
f 1161 1166 1258
f 1161 1258 1259
f 1161 1259 1256
f 1162 1257 1260
f 1162 1260 1163
f 1163 1260 1164
f 1164 1215 1214
f 1164 1213 1167
f 1164 1167 1165
f 1164 1260 1217
f 1164 1217 1261
f 1164 1261 1215
f 1166 1255 1258
f 1167 1213 1212
f 1167 1212 1168
f 1168 1178 1169
f 1170 1262 1263
f 1170 1263 1171
f 1170 1200 1264
f 1170 1264 1262
f 1171 1265 1172
f 1171 1263 1265
f 1172 1265 1266
f 1172 1266 1267
f 1172 1267 1173
f 1173 1267 1268
f 1173 1268 1174
f 1174 1268 1269
f 1174 1269 1175
f 1175 1269 1177
f 1176 1177 1270
f 1176 1270 1271
f 1176 1271 1255
f 1177 1269 1270
f 1179 1272 1252
f 1179 1252 1180
f 1184 1251 1185
f 1185 1273 1186
f 1185 1251 1273
f 1186 1274 1275
f 1186 1275 1187
f 1186 1273 1276
f 1186 1276 1277
f 1186 1277 1278
f 1186 1278 1274
f 1187 1275 1279
f 1187 1279 1280
f 1187 1280 1188
f 1188 1280 1189
f 1189 1281 1282
f 1189 1282 1190
f 1189 1280 1281
f 1190 1283 1284
f 1190 1284 1191
f 1190 1282 1283
f 1191 1284 1192
f 1192 1284 1285
f 1192 1285 1286
f 1192 1286 1193
f 1193 1286 1194
f 1194 1286 1195
f 1195 1286 1196
f 1196 1287 1288
f 1196 1288 1289
f 1196 1289 1290
f 1196 1290 1197
f 1196 1286 1287
f 1197 1290 1198
f 1198 1291 1199
f 1198 1290 1291
f 1199 1291 1264
f 1199 1264 1200
f 1201 1237 1292
f 1201 1292 1202
f 1202 1292 1293
f 1202 1293 1294
f 1202 1294 1203
f 1203 1295 1288
f 1203 1288 1296
f 1203 1296 1297
f 1203 1297 1205
f 1203 1206 1298
f 1203 1298 1204
f 1203 1294 1299
f 1203 1299 1295
f 1204 1298 1206
f 1205 1300 1301
f 1205 1301 1302
f 1205 1302 1207
f 1205 1297 1300
f 1207 1303 1209
f 1207 1209 1208
f 1207 1302 1304
f 1207 1304 1305
f 1207 1305 1303
f 1209 1303 1306
f 1209 1306 1307
f 1209 1307 1210
f 1210 1307 1308
f 1215 1261 1309
f 1215 1309 1216
f 1216 1309 1217
f 1217 1257 1218
f 1217 1309 1261
f 1217 1260 1257
f 1218 1256 1310
f 1218 1310 1311
f 1218 1311 1312
f 1218 1312 1219
f 1218 1257 1256
f 1219 1312 1220
f 1220 1312 1221
f 1221 1312 1222
f 1222 1312 1313
f 1222 1313 1314
f 1222 1314 1315
f 1222 1315 1223
f 1223 1315 1316
f 1223 1316 1224
f 1224 1316 1225
f 1225 1316 1315
f 1225 1315 1317
f 1225 1317 1318
f 1225 1318 1319
f 1225 1319 1320
f 1225 1320 1227
f 1227 1320 1228
f 1228 1320 1229
f 1229 1321 1232
f 1229 1320 1321
f 1230 1322 1236
f 1230 1231 1234
f 1230 1234 1322
f 1231 1235 1234
f 1232 1323 1233
f 1232 1321 1323
f 1233 1324 1234
f 1233 1323 1324
f 1234 1324 1325
f 1234 1325 1326
f 1234 1326 1322
f 1236 1322 1327
f 1236 1327 1328
f 1236 1328 1329
f 1236 1329 1292
f 1236 1292 1237
f 1238 1330 1244
f 1239 1241 1242
f 1240 1246 1331
f 1240 1331 1332
f 1240 1332 1333
f 1240 1333 1242
f 1240 1242 1241
f 1242 1333 1334
f 1242 1334 1335
f 1242 1335 1243
f 1243 1335 1247
f 1244 1330 1245
f 1245 1330 1336
f 1245 1336 1306
f 1245 1306 1246
f 1246 1306 1305
f 1246 1305 1337
f 1246 1337 1331
f 1247 1338 1339
f 1247 1339 1248
f 1247 1335 1338
f 1248 1339 1250
f 1250 1339 1338
f 1250 1338 1340
f 1250 1340 1273
f 1250 1273 1251
f 1252 1272 1253
f 1255 1271 1341
f 1255 1341 1258
f 1256 1259 1310
f 1258 1342 1343
f 1258 1343 1259
f 1258 1341 1344
f 1258 1344 1342
f 1259 1343 1342
f 1259 1342 1345
f 1259 1345 1310
f 1262 1346 1347
f 1262 1347 1348
f 1262 1348 1266
f 1262 1266 1265
f 1262 1265 1263
f 1262 1264 1349
f 1262 1349 1346
f 1264 1291 1350
f 1264 1350 1349
f 1266 1348 1351
f 1266 1351 1352
f 1266 1352 1353
f 1266 1353 1354
f 1266 1354 1355
f 1266 1355 1267
f 1267 1355 1356
f 1267 1356 1357
f 1267 1357 1268
f 1268 1357 1358
f 1268 1358 1270
f 1268 1270 1269
f 1270 1358 1359
f 1270 1359 1271
f 1271 1359 1341
f 1273 1340 1276
f 1274 1278 1360
f 1274 1360 1361
f 1274 1361 1279
f 1274 1279 1275
f 1276 1340 1338
f 1276 1338 1277
f 1277 1338 1335
f 1277 1335 1362
f 1277 1362 1363
f 1277 1363 1278
f 1278 1363 1364
f 1278 1364 1360
f 1279 1361 1365
f 1279 1365 1281
f 1279 1281 1280
f 1281 1365 1366
f 1281 1366 1282
f 1282 1366 1283
f 1283 1367 1368
f 1283 1368 1284
f 1283 1366 1369
f 1283 1369 1367
f 1284 1368 1285
f 1285 1368 1286
f 1286 1368 1370
f 1286 1370 1371
f 1286 1371 1287
f 1287 1296 1288
f 1287 1371 1296
f 1288 1295 1299
f 1288 1299 1372
f 1288 1372 1373
f 1288 1373 1374
f 1288 1374 1289
f 1289 1374 1375
f 1289 1375 1290
f 1290 1375 1376
f 1290 1376 1377
f 1290 1377 1378
f 1290 1378 1379
f 1290 1379 1380
f 1290 1380 1381
f 1290 1381 1291
f 1291 1381 1350
f 1292 1329 1382
f 1292 1382 1383
f 1292 1383 1384
f 1292 1384 1293
f 1293 1384 1385
f 1293 1385 1299
f 1293 1299 1294
f 1296 1371 1297
f 1297 1371 1300
f 1299 1386 1372
f 1299 1385 1386
f 1300 1371 1370
f 1300 1370 1387
f 1300 1387 1388
f 1300 1388 1337
f 1300 1337 1389
f 1300 1389 1390
f 1300 1390 1301
f 1301 1390 1302
f 1302 1390 1304
f 1303 1305 1306
f 1304 1389 1305
f 1304 1390 1389
f 1305 1389 1337
f 1306 1336 1307
f 1307 1336 1308
f 1310 1345 1311
f 1311 1345 1312
f 1312 1345 1391
f 1312 1391 1313
f 1313 1391 1392
f 1313 1392 1314
f 1314 1344 1393
f 1314 1393 1315
f 1314 1392 1391
f 1314 1391 1342
f 1314 1342 1344
f 1315 1393 1394
f 1315 1394 1317
f 1317 1394 1395
f 1317 1395 1318
f 1318 1395 1396
f 1318 1396 1319
f 1319 1396 1397
f 1319 1397 1398
f 1319 1398 1320
f 1320 1398 1321
f 1321 1398 1399
f 1321 1399 1323
f 1322 1326 1327
f 1323 1347 1400
f 1323 1400 1324
f 1323 1399 1401
f 1323 1401 1347
f 1324 1400 1402
f 1324 1402 1325
f 1325 1402 1326
f 1326 1402 1327
f 1327 1402 1328
f 1328 1403 1329
f 1328 1402 1404
f 1328 1404 1403
f 1329 1405 1382
f 1329 1403 1405
f 1331 1406 1332
f 1331 1337 1407
f 1331 1407 1406
f 1332 1406 1408
f 1332 1408 1409
f 1332 1409 1334
f 1332 1334 1333
f 1334 1362 1335
f 1334 1409 1366
f 1334 1366 1362
f 1337 1388 1407
f 1341 1359 1393
f 1341 1393 1344
f 1342 1391 1345
f 1346 1349 1402
f 1346 1402 1347
f 1347 1401 1410
f 1347 1410 1411
f 1347 1411 1348
f 1347 1402 1400
f 1348 1411 1351
f 1349 1412 1402
f 1349 1350 1412
f 1350 1381 1413
f 1350 1413 1380
f 1350 1380 1412
f 1351 1411 1414
f 1351 1414 1396
f 1351 1396 1353
f 1351 1353 1352
f 1353 1396 1415
f 1353 1415 1395
f 1353 1395 1356
f 1353 1356 1354
f 1354 1356 1355
f 1356 1395 1394
f 1356 1394 1357
f 1357 1394 1358
f 1358 1394 1359
f 1359 1394 1393
f 1360 1364 1361
f 1361 1364 1416
f 1361 1416 1365
f 1362 1366 1417
f 1362 1417 1363
f 1363 1417 1416
f 1363 1416 1364
f 1365 1417 1366
f 1365 1416 1417
f 1366 1409 1369
f 1367 1407 1418
f 1367 1418 1368
f 1367 1369 1406
f 1367 1406 1407
f 1368 1418 1419
f 1368 1419 1387
f 1368 1387 1370
f 1369 1409 1408
f 1369 1408 1406
f 1372 1386 1420
f 1372 1420 1373
f 1373 1420 1421
f 1373 1421 1422
f 1373 1422 1374
f 1374 1422 1375
f 1375 1422 1421
f 1375 1421 1379
f 1375 1379 1378
f 1375 1378 1376
f 1376 1378 1377
f 1379 1421 1423
f 1379 1423 1424
f 1379 1424 1404
f 1379 1404 1412
f 1379 1412 1380
f 1380 1413 1381
f 1382 1405 1404
f 1382 1404 1424
f 1382 1424 1423
f 1382 1423 1421
f 1382 1421 1384
f 1382 1384 1383
f 1384 1421 1420
f 1384 1420 1386
f 1384 1386 1385
f 1387 1419 1388
f 1388 1419 1407
f 1395 1415 1396
f 1396 1414 1401
f 1396 1401 1397
f 1397 1401 1399
f 1397 1399 1398
f 1401 1414 1410
f 1402 1412 1404
f 1403 1404 1405
f 1407 1419 1418
f 1410 1414 1411
f 1425 1426 1427
f 1425 1427 1428
f 1425 1428 1429
f 1425 1429 1430
f 1425 1430 1431
f 1425 1431 1432
f 1425 1432 1433
f 1425 1433 1434
f 1425 1434 1435
f 1425 1435 1436
f 1425 1436 1437
f 1425 1437 1438
f 1425 1438 1439
f 1425 1439 1440
f 1425 1440 1441
f 1425 1441 1442
f 1425 1442 1443
f 1425 1443 1444
f 1425 1444 1445
f 1425 1445 1446
f 1425 1446 1447
f 1425 1447 1448
f 1425 1448 1449
f 1425 1449 1450
f 1425 1450 1451
f 1425 1451 1452
f 1425 1452 1453
f 1425 1453 1454
f 1425 1454 1455
f 1425 1455 1456
f 1425 1456 1457
f 1425 1457 1426
f 1426 1458 1427
f 1426 1457 1458
f 1427 1459 1428
f 1427 1458 1460
f 1427 1460 1461
f 1427 1461 1462
f 1427 1462 1463
f 1427 1463 1459
f 1428 1464 1429
f 1428 1459 1463
f 1428 1463 1465
f 1428 1465 1464
f 1429 1464 1466
f 1429 1466 1430
f 1430 1466 1467
f 1430 1467 1431
f 1431 1467 1432
f 1432 1467 1468
f 1432 1468 1469
f 1432 1469 1470
f 1432 1470 1471
f 1432 1471 1433
f 1433 1471 1470
f 1433 1470 1472
f 1433 1472 1434
f 1434 1473 1435
f 1434 1472 1470
f 1434 1470 1474
f 1434 1474 1473
f 1435 1473 1436
f 1436 1473 1437
f 1437 1473 1475
f 1437 1475 1438
f 1438 1475 1439
f 1439 1475 1440
f 1440 1475 1441
f 1441 1475 1476
f 1441 1476 1442
f 1442 1476 1477
f 1442 1477 1519
f 1442 1519 1518
f 1442 1518 1565
f 1442 1565 1563
f 1442 1563 1616
f 1442 1616 1668
f 1442 1668 1673
f 1442 1673 1672
f 1442 1672 1671
f 1442 1671 1617
f 1442 1617 1566
f 1442 1566 1520
f 1442 1520 1480
f 1442 1480 1479
f 1442 1479 1478
f 1442 1478 1443
f 1443 1478 1444
f 1444 1478 1479
f 1444 1479 1480
f 1444 1480 1481
f 1444 1481 1482
f 1444 1482 1483
f 1444 1483 1484
f 1444 1484 1485
f 1444 1485 1486
f 1444 1486 1445
f 1445 1486 1446
f 1446 1486 1487
f 1446 1487 1488
f 1446 1488 1489
f 1446 1489 1447
f 1447 1489 1448
f 1448 1489 1490
f 1448 1490 1450
f 1448 1450 1449
f 1450 1490 1491
f 1450 1491 1492
f 1450 1492 1451
f 1451 1492 1452
f 1452 1492 1493
f 1452 1493 1494
f 1452 1494 1495
f 1452 1495 1496
f 1452 1496 1497
f 1452 1497 1498
f 1452 1498 1453
f 1453 1498 1499
f 1453 1499 1455
f 1453 1455 1454
f 1455 1500 1501
f 1455 1501 1457
f 1455 1457 1456
f 1455 1499 1502
f 1455 1502 1500
f 1457 1501 1503
f 1457 1503 1504
f 1457 1504 1505
f 1457 1505 1506
f 1457 1506 1461
f 1457 1461 1460
f 1457 1460 1458
f 1461 1506 1507
f 1461 1507 1463
f 1461 1463 1462
f 1463 1507 1465
f 1464 1467 1466
f 1464 1465 1467
f 1465 1507 1508
f 1465 1508 1467
f 1467 1508 1509
f 1467 1509 1468
f 1468 1509 1469
f 1469 1509 1470
f 1470 1509 1510
f 1470 1510 1511
f 1470 1511 1512
f 1470 1512 1474
f 1473 1513 1517
f 1473 1517 1475
f 1473 1474 1513
f 1474 1512 1514
f 1474 1514 1515
f 1474 1515 1516
f 1474 1516 1513
f 1475 1517 1518
f 1475 1518 1519
f 1475 1519 1477
f 1475 1477 1476
f 1480 1520 1481
f 1481 1520 1521
f 1481 1521 1522
f 1481 1522 1483
f 1481 1483 1482
f 1483 1522 1523
f 1483 1523 1484
f 1484 1523 1524
f 1484 1524 1485
f 1485 1524 1487
f 1485 1487 1486
f 1487 1524 1488
f 1488 1525 1489
f 1488 1524 1525
f 1489 1526 1490
f 1489 1525 1526
f 1490 1526 1525
f 1490 1525 1491
f 1491 1525 1527
f 1491 1527 1493
f 1491 1493 1492
f 1493 1527 1494
f 1494 1528 1495
f 1494 1527 1529
f 1494 1529 1530
f 1494 1530 1531
f 1494 1531 1532
f 1494 1532 1528
f 1495 1528 1533
f 1495 1533 1496
f 1496 1534 1535
f 1496 1535 1497
f 1496 1533 1534
f 1497 1535 1499
f 1497 1499 1498
f 1499 1535 1534
f 1499 1534 1536
f 1499 1536 1502
f 1500 1537 1538
f 1500 1538 1501
f 1500 1502 1539
f 1500 1539 1540
f 1500 1540 1537
f 1501 1538 1503
f 1502 1536 1541
f 1502 1541 1542
f 1502 1542 1543
f 1502 1543 1544
f 1502 1544 1539
f 1503 1538 1545
f 1503 1545 1546
f 1503 1546 1547
f 1503 1547 1504
f 1504 1547 1548
f 1504 1548 1549
f 1504 1549 1550
f 1504 1550 1551
f 1504 1551 1506
f 1504 1506 1505
f 1506 1551 1552
f 1506 1552 1507
f 1507 1552 1553
f 1507 1553 1510
f 1507 1510 1509
f 1507 1509 1508
f 1510 1553 1511
f 1511 1553 1552
f 1511 1552 1554
f 1511 1554 1555
f 1511 1555 1512
f 1512 1555 1514
f 1513 1516 1517
f 1514 1555 1556
f 1514 1556 1515
f 1515 1556 1557
f 1515 1557 1558
f 1515 1558 1559
f 1515 1559 1516
f 1516 1559 1560
f 1516 1560 1561
f 1516 1561 1562
f 1516 1562 1563
f 1516 1563 1564
f 1516 1564 1517
f 1517 1564 1563
f 1517 1563 1565
f 1517 1565 1518
f 1520 1566 1567
f 1520 1567 1521
f 1521 1567 1532
f 1521 1532 1568
f 1521 1568 1530
f 1521 1530 1522
f 1522 1530 1523
f 1523 1529 1527
f 1523 1527 1524
f 1523 1530 1529
f 1524 1527 1525
f 1528 1569 1570
f 1528 1570 1533
f 1528 1532 1569
f 1530 1568 1532
f 1530 1532 1531
f 1532 1567 1571
f 1532 1571 1572
f 1532 1572 1570
f 1532 1570 1573
f 1532 1573 1569
f 1533 1570 1574
f 1533 1574 1534
f 1534 1574 1575
f 1534 1575 1536
f 1536 1575 1541
f 1537 1576 1545
f 1537 1545 1538
f 1537 1540 1577
f 1537 1577 1578
f 1537 1578 1576
f 1539 1544 1540
f 1540 1544 1579
f 1540 1579 1577
f 1541 1575 1580
f 1541 1580 1542
f 1542 1580 1581
f 1542 1581 1582
f 1542 1582 1543
f 1543 1582 1544
f 1544 1582 1579
f 1545 1576 1583
f 1545 1583 1584
f 1545 1584 1585
f 1545 1585 1546
f 1546 1585 1586
f 1546 1586 1587
f 1546 1587 1588
f 1546 1588 1589
f 1546 1589 1590
f 1546 1590 1591
f 1546 1591 1548
f 1546 1548 1547
f 1548 1591 1592
f 1548 1592 1593
f 1548 1593 1594
f 1548 1594 1595
f 1548 1595 1596
f 1548 1596 1597
f 1548 1597 1598
f 1548 1598 1599
f 1548 1599 1600
f 1548 1600 1601
f 1548 1601 1602
f 1548 1602 1603
f 1548 1603 1549
f 1549 1603 1552
f 1549 1552 1550
f 1550 1552 1551
f 1552 1603 1602
f 1552 1602 1601
f 1552 1601 1600
f 1552 1600 1604
f 1552 1604 1554
f 1554 1556 1555
f 1554 1604 1605
f 1554 1605 1606
f 1554 1606 1556
f 1556 1606 1607
f 1556 1607 1608
f 1556 1608 1609
f 1556 1609 1557
f 1557 1609 1610
f 1557 1610 1558
f 1558 1610 1611
f 1558 1611 1559
f 1559 1611 1612
f 1559 1612 1613
f 1559 1613 1560
f 1560 1613 1561
f 1561 1613 1614
f 1561 1614 1562
f 1562 1614 1647
f 1562 1647 1615
f 1562 1615 1660
f 1562 1660 1659
f 1562 1659 1658
f 1562 1658 1657
f 1562 1657 1656
f 1562 1656 1694
f 1562 1694 1718
f 1562 1718 1717
f 1562 1717 1722
f 1562 1722 1724
f 1562 1724 1723
f 1562 1723 1719
f 1562 1719 1702
f 1562 1702 1669
f 1562 1669 1616
f 1562 1616 1563
f 1566 1617 1618
f 1566 1618 1619
f 1566 1619 1567
f 1567 1620 1621
f 1567 1621 1571
f 1567 1619 1622
f 1567 1622 1623
f 1567 1623 1580
f 1567 1580 1620
f 1569 1573 1570
f 1570 1572 1574
f 1571 1621 1624
f 1571 1624 1572
f 1572 1624 1574
f 1574 1625 1626
f 1574 1626 1575
f 1574 1624 1625
f 1575 1626 1580
f 1576 1627 1583
f 1576 1578 1628
f 1576 1628 1629
f 1576 1629 1627
f 1577 1579 1630
f 1577 1630 1578
f 1578 1631 1628
f 1578 1630 1632
f 1578 1632 1633
f 1578 1633 1631
f 1579 1582 1630
f 1580 1623 1622
f 1580 1622 1581
f 1580 1626 1625
f 1580 1625 1624
f 1580 1624 1621
f 1580 1621 1620
f 1581 1634 1582
f 1581 1622 1635
f 1581 1635 1636
f 1581 1636 1634
f 1582 1634 1637
f 1582 1637 1638
f 1582 1638 1639
f 1582 1639 1640
f 1582 1640 1630
f 1583 1627 1641
f 1583 1641 1642
f 1583 1642 1643
f 1583 1643 1644
f 1583 1644 1645
f 1583 1645 1584
f 1584 1645 1646
f 1584 1646 1586
f 1584 1586 1585
f 1586 1647 1614
f 1586 1614 1613
f 1586 1613 1648
f 1586 1648 1649
f 1586 1649 1650
f 1586 1650 1651
f 1586 1651 1605
f 1586 1605 1587
f 1586 1646 1652
f 1586 1652 1653
f 1586 1653 1654
f 1586 1654 1655
f 1586 1655 1656
f 1586 1656 1657
f 1586 1657 1658
f 1586 1658 1659
f 1586 1659 1660
f 1586 1660 1647
f 1587 1605 1588
f 1588 1605 1589
f 1589 1605 1590
f 1590 1605 1591
f 1591 1605 1592
f 1592 1605 1593
f 1593 1605 1604
f 1593 1604 1594
f 1594 1604 1661
f 1594 1661 1595
f 1595 1661 1596
f 1596 1661 1597
f 1597 1661 1598
f 1598 1661 1599
f 1599 1661 1604
f 1599 1604 1600
f 1605 1651 1607
f 1605 1607 1606
f 1607 1651 1608
f 1608 1651 1650
f 1608 1650 1609
f 1609 1650 1649
f 1609 1649 1648
f 1609 1648 1662
f 1609 1662 1611
f 1609 1611 1610
f 1611 1662 1663
f 1611 1663 1664
f 1611 1664 1612
f 1612 1664 1648
f 1612 1648 1613
f 1615 1647 1660
f 1616 1665 1666
f 1616 1666 1667
f 1616 1667 1668
f 1616 1669 1670
f 1616 1670 1665
f 1617 1671 1618
f 1618 1671 1672
f 1618 1672 1673
f 1618 1673 1668
f 1618 1668 1667
f 1618 1667 1635
f 1618 1635 1674
f 1618 1674 1619
f 1619 1674 1635
f 1619 1635 1622
f 1627 1629 1641
f 1628 1631 1629
f 1629 1675 1688
f 1629 1688 1642
f 1629 1642 1641
f 1629 1631 1676
f 1629 1676 1677
f 1629 1677 1678
f 1629 1678 1675
f 1630 1640 1633
f 1630 1633 1632
f 1631 1633 1676
f 1633 1640 1676
f 1634 1636 1679
f 1634 1679 1680
f 1634 1680 1681
f 1634 1681 1686
f 1634 1686 1637
f 1635 1667 1682
f 1635 1682 1636
f 1636 1682 1683
f 1636 1683 1684
f 1636 1684 1685
f 1636 1685 1679
f 1637 1686 1638
f 1638 1686 1687
f 1638 1687 1639
f 1639 1687 1676
f 1639 1676 1640
f 1642 1688 1689
f 1642 1689 1643
f 1643 1689 1690
f 1643 1690 1644
f 1644 1690 1652
f 1644 1652 1646
f 1644 1646 1645
f 1648 1664 1663
f 1648 1663 1662
f 1652 1690 1689
f 1652 1689 1691
f 1652 1691 1653
f 1653 1691 1692
f 1653 1692 1693
f 1653 1693 1655
f 1653 1655 1654
f 1655 1693 1694
f 1655 1694 1656
f 1665 1695 1696
f 1665 1696 1697
f 1665 1697 1666
f 1665 1670 1698
f 1665 1698 1695
f 1666 1684 1667
f 1666 1697 1696
f 1666 1696 1699
f 1666 1699 1685
f 1666 1685 1684
f 1667 1684 1683
f 1667 1683 1700
f 1667 1700 1682
f 1669 1701 1670
f 1669 1702 1703
f 1669 1703 1701
f 1670 1704 1705
f 1670 1705 1706
f 1670 1706 1707
f 1670 1707 1698
f 1670 1701 1708
f 1670 1708 1704
f 1675 1678 1709
f 1675 1709 1692
f 1675 1692 1688
f 1676 1687 1677
f 1677 1708 1678
f 1677 1687 1686
f 1677 1686 1681
f 1677 1681 1710
f 1677 1710 1711
f 1677 1711 1708
f 1678 1708 1712
f 1678 1712 1713
f 1678 1713 1714
f 1678 1714 1709
f 1679 1707 1705
f 1679 1705 1680
f 1679 1685 1699
f 1679 1699 1696
f 1679 1696 1707
f 1680 1705 1710
f 1680 1710 1681
f 1682 1700 1683
f 1688 1692 1715
f 1688 1715 1689
f 1689 1715 1691
f 1691 1715 1716
f 1691 1716 1692
f 1692 1709 1717
f 1692 1717 1718
f 1692 1718 1693
f 1692 1716 1715
f 1693 1718 1694
f 1695 1698 1696
f 1696 1698 1707
f 1701 1703 1708
f 1702 1719 1712
f 1702 1712 1703
f 1703 1712 1708
f 1704 1720 1705
f 1704 1708 1720
f 1705 1720 1721
f 1705 1721 1711
f 1705 1711 1710
f 1705 1707 1706
f 1708 1711 1721
f 1708 1721 1720
f 1709 1714 1722
f 1709 1722 1717
f 1712 1719 1723
f 1712 1723 1713
f 1713 1724 1722
f 1713 1722 1714
f 1713 1723 1724
f 1725 1726 1734
f 1725 1734 1749
f 1725 1749 1773
f 1725 1773 1818
f 1725 1818 1824
f 1725 1824 1823
f 1725 1823 1822
f 1725 1822 1821
f 1725 1821 1820
f 1725 1820 1876
f 1725 1876 1936
f 1725 1936 1935
f 1725 1935 1877
f 1725 1877 1825
f 1725 1825 1776
f 1725 1776 1750
f 1725 1750 1735
f 1725 1735 1727
f 1725 1727 1736
f 1725 1736 1752
f 1725 1752 1777
f 1725 1777 1829
f 1725 1829 1885
f 1725 1885 1943
f 1725 1943 1986
f 1725 1986 1985
f 1725 1985 1984
f 1725 1984 2008
f 1725 2008 2007
f 1725 2007 2011
f 1725 2011 2010
f 1725 2010 2009
f 1725 2009 1988
f 1725 1988 1987
f 1725 1987 1944
f 1725 1944 1887
f 1725 1887 1898
f 1725 1898 1897
f 1725 1897 1896
f 1725 1896 1886
f 1725 1886 1830
f 1725 1830 1778
f 1725 1778 1753
f 1725 1753 1737
f 1725 1737 1728
f 1725 1728 1729
f 1725 1729 1730
f 1725 1730 1726
f 1726 1731 1732
f 1726 1732 1733
f 1726 1733 1734
f 1726 1730 1731
f 1727 1735 1736
f 1728 1737 1729
f 1729 1738 1754
f 1729 1754 1794
f 1729 1794 1844
f 1729 1844 1911
f 1729 1911 1916
f 1729 1916 1915
f 1729 1915 1970
f 1729 1970 1969
f 1729 1969 2001
f 1729 2001 2000
f 1729 2000 1999
f 1729 1999 1998
f 1729 1998 1996
f 1729 1996 2005
f 1729 2005 1976
f 1729 1976 1930
f 1729 1930 1865
f 1729 1865 1864
f 1729 1864 1863
f 1729 1863 1861
f 1729 1861 1812
f 1729 1812 1770
f 1729 1770 1744
f 1729 1744 1730
f 1729 1737 1753
f 1729 1753 1738
f 1730 1739 1740
f 1730 1740 1741
f 1730 1741 1742
f 1730 1742 1743
f 1730 1743 1731
f 1730 1744 1739
f 1731 1745 1746
f 1731 1746 1732
f 1731 1743 1747
f 1731 1747 1745
f 1732 1746 1733
f 1733 1746 1748
f 1733 1748 1734
f 1734 1748 1749
f 1735 1750 1751
f 1735 1751 1736
f 1736 1751 1752
f 1738 1753 1755
f 1738 1755 1756
f 1738 1756 1754
f 1739 1757 1758
f 1739 1758 1740
f 1739 1744 1759
f 1739 1759 1760
f 1739 1760 1761
f 1739 1761 1762
f 1739 1762 1763
f 1739 1763 1764
f 1739 1764 1765
f 1739 1765 1766
f 1739 1766 1757
f 1740 1758 1767
f 1740 1767 1741
f 1741 1767 1768
f 1741 1768 1769
f 1741 1769 1742
f 1742 1769 1747
f 1742 1747 1743
f 1744 1770 1771
f 1744 1771 1759
f 1745 1747 1769
f 1745 1769 1768
f 1745 1768 1767
f 1745 1767 1758
f 1745 1758 1804
f 1745 1804 1849
f 1745 1849 1848
f 1745 1848 1847
f 1745 1847 1852
f 1745 1852 1851
f 1745 1851 1850
f 1745 1850 1811
f 1745 1811 1810
f 1745 1810 1809
f 1745 1809 1854
f 1745 1854 1919
f 1745 1919 1953
f 1745 1953 1951
f 1745 1951 1950
f 1745 1950 1949
f 1745 1949 1948
f 1745 1948 1994
f 1745 1994 1993
f 1745 1993 1992
f 1745 1992 1980
f 1745 1980 1979
f 1745 1979 1978
f 1745 1978 1977
f 1745 1977 1937
f 1745 1937 1875
f 1745 1875 1819
f 1745 1819 1775
f 1745 1775 1774
f 1745 1774 1772
f 1745 1772 1746
f 1746 1772 1748
f 1748 1773 1749
f 1748 1772 1774
f 1748 1774 1775
f 1748 1775 1773
f 1750 1776 1777
f 1750 1777 1751
f 1751 1777 1752
f 1753 1778 1779
f 1753 1779 1780
f 1753 1780 1781
f 1753 1781 1782
f 1753 1782 1783
f 1753 1783 1784
f 1753 1784 1785
f 1753 1785 1786
f 1753 1786 1787
f 1753 1787 1788
f 1753 1788 1789
f 1753 1789 1790
f 1753 1790 1791
f 1753 1791 1792
f 1753 1792 1793
f 1753 1793 1755
f 1754 1756 1794
f 1755 1793 1756
f 1756 1793 1792
f 1756 1792 1795
f 1756 1795 1796
f 1756 1796 1797
f 1756 1797 1794
f 1757 1798 1799
f 1757 1799 1800
f 1757 1800 1758
f 1757 1766 1801
f 1757 1801 1802
f 1757 1802 1803
f 1757 1803 1798
f 1758 1800 1804
f 1759 1771 1760
f 1760 1805 1761
f 1760 1771 1805
f 1761 1805 1762
f 1762 1805 1763
f 1763 1805 1806
f 1763 1806 1807
f 1763 1807 1764
f 1764 1807 1808
f 1764 1808 1765
f 1765 1808 1809
f 1765 1809 1766
f 1766 1809 1810
f 1766 1810 1811
f 1766 1811 1801
f 1770 1812 1771
f 1771 1812 1813
f 1771 1813 1814
f 1771 1814 1815
f 1771 1815 1816
f 1771 1816 1817
f 1771 1817 1805
f 1773 1775 1818
f 1775 1819 1820
f 1775 1820 1821
f 1775 1821 1822
f 1775 1822 1823
f 1775 1823 1824
f 1775 1824 1818
f 1776 1825 1826
f 1776 1826 1827
f 1776 1827 1828
f 1776 1828 1777
f 1777 1828 1829
f 1778 1830 1779
f 1779 1830 1831
f 1779 1831 1832
f 1779 1832 1833
f 1779 1833 1834
f 1779 1834 1780
f 1780 1834 1835
f 1780 1835 1836
f 1780 1836 1781
f 1781 1837 1782
f 1781 1836 1838
f 1781 1838 1837
f 1782 1837 1783
f 1783 1837 1784
f 1784 1839 1840
f 1784 1840 1785
f 1784 1837 1839
f 1785 1840 1841
f 1785 1841 1786
f 1786 1841 1787
f 1787 1841 1840
f 1787 1840 1788
f 1788 1840 1842
f 1788 1842 1789
f 1789 1842 1790
f 1790 1842 1843
f 1790 1843 1795
f 1790 1795 1791
f 1791 1795 1792
f 1794 1797 1844
f 1795 1843 1796
f 1796 1843 1845
f 1796 1845 1846
f 1796 1846 1844
f 1796 1844 1797
f 1798 1847 1848
f 1798 1848 1799
f 1798 1803 1847
f 1799 1848 1849
f 1799 1849 1800
f 1800 1849 1804
f 1801 1811 1850
f 1801 1850 1851
f 1801 1851 1852
f 1801 1852 1802
f 1802 1852 1847
f 1802 1847 1803
f 1805 1817 1806
f 1806 1817 1816
f 1806 1816 1807
f 1807 1816 1808
f 1808 1816 1815
f 1808 1815 1853
f 1808 1853 1809
f 1809 1853 1855
f 1809 1855 1856
f 1809 1856 1857
f 1809 1857 1858
f 1809 1858 1859
f 1809 1859 1860
f 1809 1860 1854
f 1812 1861 1813
f 1813 1862 1814
f 1813 1861 1863
f 1813 1863 1864
f 1813 1864 1865
f 1813 1865 1862
f 1814 1866 1867
f 1814 1867 1815
f 1814 1862 1868
f 1814 1868 1869
f 1814 1869 1870
f 1814 1870 1871
f 1814 1871 1872
f 1814 1872 1873
f 1814 1873 1874
f 1814 1874 1866
f 1815 1867 1853
f 1819 1875 1876
f 1819 1876 1820
f 1825 1877 1826
f 1826 1878 1879
f 1826 1879 1827
f 1826 1877 1878
f 1827 1879 1880
f 1827 1880 1828
f 1828 1881 1882
f 1828 1882 1883
f 1828 1883 1829
f 1828 1880 1884
f 1828 1884 1881
f 1829 1883 1885
f 1830 1886 1831
f 1831 1886 1832
f 1832 1887 1888
f 1832 1888 1889
f 1832 1889 1890
f 1832 1890 1891
f 1832 1891 1892
f 1832 1892 1893
f 1832 1893 1894
f 1832 1894 1895
f 1832 1895 1834
f 1832 1834 1833
f 1832 1886 1896
f 1832 1896 1897
f 1832 1897 1898
f 1832 1898 1887
f 1834 1895 1899
f 1834 1899 1835
f 1835 1899 1836
f 1836 1899 1900
f 1836 1900 1901
f 1836 1901 1838
f 1837 1838 1902
f 1837 1902 1903
f 1837 1903 1839
f 1838 1901 1904
f 1838 1904 1899
f 1838 1899 1905
f 1838 1905 1906
f 1838 1906 1902
f 1839 1903 1907
f 1839 1907 1840
f 1840 1907 1908
f 1840 1908 1842
f 1842 1909 1843
f 1842 1908 1909
f 1843 1909 1910
f 1843 1910 1845
f 1844 1846 1911
f 1845 1910 1912
f 1845 1912 1913
f 1845 1913 1914
f 1845 1914 1846
f 1846 1914 1915
f 1846 1915 1916
f 1846 1916 1911
f 1853 1867 1917
f 1853 1917 1918
f 1853 1918 1855
f 1854 1860 1920
f 1854 1920 1921
f 1854 1921 1922
f 1854 1922 1923
f 1854 1923 1919
f 1855 1918 1858
f 1855 1858 1857
f 1855 1857 1856
f 1858 1918 1924
f 1858 1924 1925
f 1858 1925 1917
f 1858 1917 1859
f 1859 1917 1874
f 1859 1874 1873
f 1859 1873 1926
f 1859 1926 1927
f 1859 1927 1928
f 1859 1928 1860
f 1860 1928 1929
f 1860 1929 1920
f 1862 1865 1868
f 1865 1930 1868
f 1866 1874 1917
f 1866 1917 1867
f 1868 1930 1931
f 1868 1931 1869
f 1869 1931 1870
f 1870 1931 1932
f 1870 1932 1933
f 1870 1933 1934
f 1870 1934 1871
f 1871 1934 1926
f 1871 1926 1872
f 1872 1926 1873
f 1875 1878 1935
f 1875 1935 1936
f 1875 1936 1876
f 1875 1937 1878
f 1877 1935 1878
f 1878 1938 1879
f 1878 1937 1939
f 1878 1939 1938
f 1879 1938 1880
f 1880 1938 1884
f 1881 1884 1939
f 1881 1939 1940
f 1881 1940 1941
f 1881 1941 1882
f 1882 1941 1942
f 1882 1942 1883
f 1883 1943 1885
f 1883 1942 1943
f 1884 1938 1939
f 1887 1944 1888
f 1888 1944 1889
f 1889 1944 1945
f 1889 1945 1890
f 1890 1946 1947
f 1890 1947 1948
f 1890 1948 1949
f 1890 1949 1950
f 1890 1950 1951
f 1890 1951 1952
f 1890 1952 1891
f 1890 1945 1946
f 1891 1952 1892
f 1892 1952 1951
f 1892 1951 1893
f 1893 1951 1953
f 1893 1953 1894
f 1894 1953 1954
f 1894 1954 1899
f 1894 1899 1895
f 1899 1954 1955
f 1899 1955 1905
f 1899 1904 1900
f 1900 1904 1901
f 1902 1906 1956
f 1902 1956 1919
f 1902 1919 1903
f 1903 1957 1958
f 1903 1958 1959
f 1903 1959 1907
f 1903 1919 1957
f 1905 1955 1953
f 1905 1953 1919
f 1905 1919 1906
f 1906 1919 1956
f 1907 1922 1960
f 1907 1960 1961
f 1907 1961 1962
f 1907 1962 1908
f 1907 1959 1958
f 1907 1958 1963
f 1907 1963 1923
f 1907 1923 1922
f 1908 1962 1961
f 1908 1961 1909
f 1909 1961 1964
f 1909 1964 1910
f 1910 1964 1961
f 1910 1961 1912
f 1912 1961 1913
f 1913 1961 1965
f 1913 1965 1966
f 1913 1966 1967
f 1913 1967 1914
f 1914 1968 1969
f 1914 1969 1970
f 1914 1970 1915
f 1914 1967 1968
f 1917 1925 1924
f 1917 1924 1918
f 1919 1923 1971
f 1919 1971 1958
f 1919 1958 1957
f 1920 1929 1972
f 1920 1972 1921
f 1921 1972 1922
f 1922 1972 1960
f 1923 1963 1971
f 1926 1934 1927
f 1927 1934 1928
f 1928 1934 1933
f 1928 1933 1973
f 1928 1973 1974
f 1928 1974 1929
f 1929 1974 1975
f 1929 1975 1972
f 1930 1976 1931
f 1931 1976 1932
f 1932 1973 1933
f 1932 1976 1973
f 1937 1977 1940
f 1937 1940 1939
f 1940 1977 1941
f 1941 1978 1979
f 1941 1979 1980
f 1941 1980 1981
f 1941 1981 1942
f 1941 1977 1978
f 1942 1982 1943
f 1942 1981 1983
f 1942 1983 1984
f 1942 1984 1985
f 1942 1985 1982
f 1943 1982 1986
f 1944 1987 1946
f 1944 1946 1945
f 1946 1987 1988
f 1946 1988 1989
f 1946 1989 1947
f 1947 1989 1990
f 1947 1990 1991
f 1947 1991 1980
f 1947 1980 1992
f 1947 1992 1993
f 1947 1993 1994
f 1947 1994 1948
f 1953 1955 1954
f 1958 1971 1963
f 1960 1972 1975
f 1960 1975 1965
f 1960 1965 1961
f 1965 1975 1966
f 1966 1975 1967
f 1967 1975 1995
f 1967 1995 1996
f 1967 1996 1997
f 1967 1997 1998
f 1967 1998 1999
f 1967 1999 2000
f 1967 2000 2001
f 1967 2001 1968
f 1968 2001 1969
f 1973 1976 2002
f 1973 2002 2003
f 1973 2003 1974
f 1974 2003 2004
f 1974 2004 1975
f 1975 2004 1995
f 1976 2005 2006
f 1976 2006 2002
f 1980 1991 1981
f 1981 1991 1983
f 1982 1985 1986
f 1983 1991 1990
f 1983 1990 2007
f 1983 2007 2008
f 1983 2008 1984
f 1988 2009 1989
f 1989 2010 2011
f 1989 2011 2007
f 1989 2007 1990
f 1989 2009 2010
f 1995 2003 2002
f 1995 2002 2006
f 1995 2006 1996
f 1995 2004 2003
f 1996 1998 1997
f 1996 2006 2005
f 2012 2013 2014
f 2012 2014 2015
f 2012 2015 2021
f 2012 2021 2033
f 2012 2033 2036
f 2012 2036 2057
f 2012 2057 2088
f 2012 2088 2087
f 2012 2087 2121
f 2012 2121 2120
f 2012 2120 2119
f 2012 2119 2164
f 2012 2164 2200
f 2012 2200 2199
f 2012 2199 2198
f 2012 2198 2245
f 2012 2245 2302
f 2012 2302 2350
f 2012 2350 2373
f 2012 2373 2385
f 2012 2385 2391
f 2012 2391 2388
f 2012 2388 2390
f 2012 2390 2386
f 2012 2386 2374
f 2012 2374 2353
f 2012 2353 2305
f 2012 2305 2304
f 2012 2304 2303
f 2012 2303 2246
f 2012 2246 2201
f 2012 2201 2165
f 2012 2165 2122
f 2012 2122 2090
f 2012 2090 2089
f 2012 2089 2060
f 2012 2060 2059
f 2012 2059 2058
f 2012 2058 2037
f 2012 2037 2023
f 2012 2023 2016
f 2012 2016 2017
f 2012 2017 2018
f 2012 2018 2013
f 2013 2018 2019
f 2013 2019 2020
f 2013 2020 2014
f 2014 2021 2015
f 2014 2020 2022
f 2014 2022 2021
f 2016 2023 2024
f 2016 2024 2025
f 2016 2025 2026
f 2016 2026 2017
f 2017 2026 2027
f 2017 2027 2028
f 2017 2028 2019
f 2017 2019 2018
f 2019 2028 2029
f 2019 2029 2020
f 2020 2029 2030
f 2020 2030 2031
f 2020 2031 2032
f 2020 2032 2022
f 2021 2022 2033
f 2022 2032 2034
f 2022 2034 2035
f 2022 2035 2036
f 2022 2036 2033
f 2023 2037 2024
f 2024 2026 2025
f 2024 2037 2038
f 2024 2038 2026
f 2026 2038 2039
f 2026 2039 2040
f 2026 2040 2041
f 2026 2041 2042
f 2026 2042 2027
f 2027 2042 2043
f 2027 2043 2044
f 2027 2044 2045
f 2027 2045 2028
f 2028 2045 2029
f 2029 2045 2030
f 2030 2045 2046
f 2030 2046 2047
f 2030 2047 2048
f 2030 2048 2049
f 2030 2049 2050
f 2030 2050 2031
f 2031 2050 2051
f 2031 2051 2032
f 2032 2051 2052
f 2032 2052 2053
f 2032 2053 2054
f 2032 2054 2055
f 2032 2055 2034
f 2034 2055 2056
f 2034 2056 2035
f 2035 2057 2036
f 2035 2056 2057
f 2037 2058 2038
f 2038 2058 2059
f 2038 2059 2060
f 2038 2060 2061
f 2038 2061 2039
f 2039 2061 2062
f 2039 2062 2063
f 2039 2063 2040
f 2040 2063 2041
f 2041 2064 2065
f 2041 2065 2043
f 2041 2043 2042
f 2041 2063 2066
f 2041 2066 2064
f 2043 2065 2067
f 2043 2067 2046
f 2043 2046 2044
f 2044 2046 2045
f 2046 2067 2068
f 2046 2068 2069
f 2046 2069 2047
f 2047 2070 2071
f 2047 2071 2048
f 2047 2069 2072
f 2047 2072 2073
f 2047 2073 2070
f 2048 2071 2074
f 2048 2074 2049
f 2049 2074 2075
f 2049 2075 2076
f 2049 2076 2050
f 2050 2077 2051
f 2050 2076 2078
f 2050 2078 2079
f 2050 2079 2077
f 2051 2077 2080
f 2051 2080 2081
f 2051 2081 2052
f 2052 2081 2053
f 2053 2082 2054
f 2053 2081 2083
f 2053 2083 2084
f 2053 2084 2082
f 2054 2082 2055
f 2055 2082 2085
f 2055 2085 2086
f 2055 2086 2056
f 2056 2087 2088
f 2056 2088 2057
f 2056 2086 2087
f 2060 2089 2061
f 2061 2089 2062
f 2062 2089 2090
f 2062 2090 2091
f 2062 2091 2063
f 2063 2091 2066
f 2064 2092 2068
f 2064 2068 2065
f 2064 2066 2093
f 2064 2093 2092
f 2065 2068 2067
f 2066 2091 2094
f 2066 2094 2095
f 2066 2095 2093
f 2068 2072 2069
f 2068 2092 2072
f 2070 2096 2097
f 2070 2097 2071
f 2070 2073 2096
f 2071 2097 2135
f 2071 2135 2098
f 2071 2098 2099
f 2071 2099 2074
f 2072 2092 2100
f 2072 2100 2101
f 2072 2101 2073
f 2073 2102 2103
f 2073 2103 2096
f 2073 2101 2104
f 2073 2104 2102
f 2074 2099 2105
f 2074 2105 2106
f 2074 2106 2107
f 2074 2107 2108
f 2074 2108 2075
f 2075 2108 2076
f 2076 2108 2109
f 2076 2109 2078
f 2077 2079 2080
f 2078 2110 2111
f 2078 2111 2112
f 2078 2112 2079
f 2078 2109 2110
f 2079 2112 2080
f 2080 2112 2081
f 2081 2112 2083
f 2082 2084 2113
f 2082 2113 2085
f 2083 2112 2114
f 2083 2114 2115
f 2083 2115 2116
f 2083 2116 2084
f 2084 2117 2113
f 2084 2116 2117
f 2085 2113 2117
f 2085 2117 2086
f 2086 2117 2118
f 2086 2118 2119
f 2086 2119 2120
f 2086 2120 2121
f 2086 2121 2087
f 2090 2122 2123
f 2090 2123 2091
f 2091 2124 2094
f 2091 2123 2125
f 2091 2125 2126
f 2091 2126 2127
f 2091 2127 2128
f 2091 2128 2124
f 2092 2093 2100
f 2093 2095 2100
f 2094 2129 2095
f 2094 2124 2130
f 2094 2130 2131
f 2094 2131 2129
f 2095 2132 2100
f 2095 2129 2132
f 2096 2133 2134
f 2096 2134 2097
f 2096 2103 2133
f 2097 2134 2135
f 2098 2135 2136
f 2098 2136 2105
f 2098 2105 2099
f 2100 2132 2101
f 2101 2132 2129
f 2101 2129 2137
f 2101 2137 2138
f 2101 2138 2104
f 2102 2139 2140
f 2102 2140 2103
f 2102 2104 2139
f 2103 2141 2133
f 2103 2140 2141
f 2104 2138 2142
f 2104 2142 2143
f 2104 2143 2144
f 2104 2144 2145
f 2104 2145 2146
f 2104 2146 2147
f 2104 2147 2139
f 2105 2136 2148
f 2105 2148 2106
f 2106 2148 2107
f 2107 2148 2149
f 2107 2149 2150
f 2107 2150 2151
f 2107 2151 2108
f 2108 2151 2110
f 2108 2110 2109
f 2110 2151 2152
f 2110 2152 2111
f 2111 2152 2153
f 2111 2153 2154
f 2111 2154 2114
f 2111 2114 2112
f 2114 2154 2155
f 2114 2155 2156
f 2114 2156 2115
f 2115 2156 2157
f 2115 2157 2158
f 2115 2158 2159
f 2115 2159 2116
f 2116 2159 2117
f 2117 2159 2158
f 2117 2158 2160
f 2117 2160 2161
f 2117 2161 2162
f 2117 2162 2163
f 2117 2163 2118
f 2118 2163 2164
f 2118 2164 2119
f 2122 2165 2166
f 2122 2166 2126
f 2122 2126 2125
f 2122 2125 2123
f 2124 2167 2130
f 2124 2128 2167
f 2126 2166 2127
f 2127 2166 2168
f 2127 2168 2128
f 2128 2168 2169
f 2128 2169 2167
f 2129 2131 2137
f 2130 2169 2170
f 2130 2170 2131
f 2130 2167 2169
f 2131 2170 2171
f 2131 2171 2172
f 2131 2172 2137
f 2133 2173 2174
f 2133 2174 2175
f 2133 2175 2134
f 2133 2141 2173
f 2134 2175 2176
f 2134 2176 2177
f 2134 2177 2135
f 2135 2177 2136
f 2136 2177 2148
f 2137 2172 2138
f 2138 2178 2142
f 2138 2172 2178
f 2139 2147 2179
f 2139 2179 2140
f 2140 2179 2141
f 2141 2180 2181
f 2141 2181 2173
f 2141 2179 2182
f 2141 2182 2183
f 2141 2183 2180
f 2142 2178 2143
f 2143 2178 2145
f 2143 2145 2144
f 2145 2178 2184
f 2145 2184 2185
f 2145 2185 2179
f 2145 2179 2146
f 2146 2179 2147
f 2148 2176 2186
f 2148 2186 2149
f 2148 2177 2176
f 2149 2186 2150
f 2150 2187 2188
f 2150 2188 2189
f 2150 2189 2155
f 2150 2155 2153
f 2150 2153 2152
f 2150 2152 2151
f 2150 2186 2187
f 2153 2155 2154
f 2155 2190 2156
f 2155 2189 2191
f 2155 2191 2192
f 2155 2192 2190
f 2156 2190 2193
f 2156 2193 2160
f 2156 2160 2157
f 2157 2160 2158
f 2160 2193 2194
f 2160 2194 2195
f 2160 2195 2196
f 2160 2196 2161
f 2161 2196 2197
f 2161 2197 2162
f 2162 2197 2198
f 2162 2198 2199
f 2162 2199 2200
f 2162 2200 2163
f 2163 2200 2164
f 2165 2201 2202
f 2165 2202 2166
f 2166 2202 2203
f 2166 2203 2204
f 2166 2204 2168
f 2168 2170 2169
f 2168 2204 2205
f 2168 2205 2170
f 2170 2206 2171
f 2170 2205 2207
f 2170 2207 2206
f 2171 2208 2209
f 2171 2209 2172
f 2171 2206 2210
f 2171 2210 2211
f 2171 2211 2212
f 2171 2212 2213
f 2171 2213 2214
f 2171 2214 2208
f 2172 2209 2178
f 2173 2215 2216
f 2173 2216 2217
f 2173 2217 2174
f 2173 2181 2215
f 2174 2217 2218
f 2174 2218 2219
f 2174 2219 2175
f 2175 2219 2176
f 2176 2220 2186
f 2176 2219 2220
f 2178 2209 2184
f 2179 2183 2182
f 2179 2185 2221
f 2179 2221 2183
f 2180 2183 2181
f 2181 2183 2215
f 2183 2221 2222
f 2183 2222 2223
f 2183 2223 2224
f 2183 2224 2225
f 2183 2225 2226
f 2183 2226 2215
f 2184 2209 2227
f 2184 2227 2185
f 2185 2227 2214
f 2185 2214 2228
f 2185 2228 2221
f 2186 2229 2187
f 2186 2220 2229
f 2187 2230 2231
f 2187 2231 2232
f 2187 2232 2192
f 2187 2192 2189
f 2187 2189 2188
f 2187 2229 2233
f 2187 2233 2230
f 2189 2192 2191
f 2190 2234 2193
f 2190 2192 2235
f 2190 2235 2236
f 2190 2236 2237
f 2190 2237 2238
f 2190 2238 2234
f 2192 2232 2231
f 2192 2231 2239
f 2192 2239 2235
f 2193 2234 2195
f 2193 2195 2194
f 2195 2240 2241
f 2195 2241 2196
f 2195 2234 2240
f 2196 2242 2197
f 2196 2241 2243
f 2196 2243 2242
f 2197 2242 2198
f 2198 2242 2244
f 2198 2244 2245
f 2201 2246 2247
f 2201 2247 2202
f 2202 2247 2248
f 2202 2248 2204
f 2202 2204 2203
f 2204 2249 2250
f 2204 2250 2207
f 2204 2207 2205
f 2204 2248 2251
f 2204 2251 2252
f 2204 2252 2253
f 2204 2253 2249
f 2206 2207 2210
f 2207 2254 2210
f 2207 2250 2249
f 2207 2249 2253
f 2207 2253 2255
f 2207 2255 2256
f 2207 2256 2257
f 2207 2257 2258
f 2207 2258 2259
f 2207 2259 2254
f 2208 2214 2227
f 2208 2227 2209
f 2210 2254 2260
f 2210 2260 2211
f 2211 2260 2261
f 2211 2261 2212
f 2212 2261 2262
f 2212 2262 2263
f 2212 2263 2264
f 2212 2264 2213
f 2213 2264 2265
f 2213 2265 2214
f 2214 2265 2266
f 2214 2266 2267
f 2214 2267 2268
f 2214 2268 2228
f 2215 2226 2216
f 2216 2226 2217
f 2217 2226 2269
f 2217 2269 2218
f 2218 2269 2233
f 2218 2233 2229
f 2218 2229 2220
f 2218 2220 2219
f 2221 2228 2222
f 2222 2270 2223
f 2222 2228 2271
f 2222 2271 2272
f 2222 2272 2273
f 2222 2273 2270
f 2223 2270 2274
f 2223 2274 2224
f 2224 2274 2225
f 2225 2274 2275
f 2225 2275 2276
f 2225 2276 2335
f 2225 2335 2277
f 2225 2277 2278
f 2225 2278 2226
f 2226 2278 2269
f 2228 2268 2271
f 2230 2233 2279
f 2230 2279 2280
f 2230 2280 2281
f 2230 2281 2282
f 2230 2282 2231
f 2231 2282 2239
f 2233 2269 2279
f 2234 2238 2240
f 2235 2239 2283
f 2235 2283 2284
f 2235 2284 2285
f 2235 2285 2286
f 2235 2286 2287
f 2235 2287 2288
f 2235 2288 2236
f 2236 2288 2237
f 2237 2289 2238
f 2237 2288 2290
f 2237 2290 2291
f 2237 2291 2292
f 2237 2292 2289
f 2238 2289 2240
f 2239 2282 2293
f 2239 2293 2294
f 2239 2294 2283
f 2240 2289 2295
f 2240 2295 2241
f 2241 2295 2243
f 2242 2243 2296
f 2242 2296 2297
f 2242 2297 2298
f 2242 2298 2244
f 2243 2299 2300
f 2243 2300 2301
f 2243 2301 2296
f 2243 2295 2299
f 2244 2298 2245
f 2245 2298 2302
f 2246 2303 2247
f 2247 2303 2304
f 2247 2304 2305
f 2247 2305 2306
f 2247 2306 2248
f 2248 2306 2251
f 2251 2306 2307
f 2251 2307 2308
f 2251 2308 2309
f 2251 2309 2310
f 2251 2310 2252
f 2252 2310 2311
f 2252 2311 2312
f 2252 2312 2253
f 2253 2312 2313
f 2253 2313 2255
f 2254 2259 2314
f 2254 2314 2315
f 2254 2315 2316
f 2254 2316 2317
f 2254 2317 2260
f 2255 2313 2256
f 2256 2313 2312
f 2256 2312 2318
f 2256 2318 2314
f 2256 2314 2257
f 2257 2314 2258
f 2258 2314 2259
f 2260 2317 2261
f 2261 2317 2316
f 2261 2316 2319
f 2261 2319 2320
f 2261 2320 2321
f 2261 2321 2262
f 2262 2321 2320
f 2262 2320 2322
f 2262 2322 2323
f 2262 2323 2324
f 2262 2324 2264
f 2262 2264 2263
f 2264 2324 2325
f 2264 2325 2326
f 2264 2326 2266
f 2264 2266 2265
f 2266 2326 2325
f 2266 2325 2267
f 2267 2325 2268
f 2268 2325 2327
f 2268 2327 2328
f 2268 2328 2271
f 2269 2278 2329
f 2269 2329 2277
f 2269 2277 2280
f 2269 2280 2279
f 2270 2273 2330
f 2270 2330 2275
f 2270 2275 2274
f 2271 2328 2272
f 2272 2328 2331
f 2272 2331 2332
f 2272 2332 2330
f 2272 2330 2273
f 2275 2333 2334
f 2275 2334 2335
f 2275 2335 2276
f 2275 2330 2332
f 2275 2332 2362
f 2275 2362 2328
f 2275 2328 2361
f 2275 2361 2360
f 2275 2360 2381
f 2275 2381 2380
f 2275 2380 2387
f 2275 2387 2382
f 2275 2382 2368
f 2275 2368 2346
f 2275 2346 2367
f 2275 2367 2366
f 2275 2366 2365
f 2275 2365 2364
f 2275 2364 2363
f 2275 2363 2333
f 2277 2329 2278
f 2277 2335 2334
f 2277 2334 2336
f 2277 2336 2280
f 2280 2336 2281
f 2281 2336 2282
f 2282 2336 2337
f 2282 2337 2338
f 2282 2338 2293
f 2283 2294 2339
f 2283 2339 2285
f 2283 2285 2284
f 2285 2339 2340
f 2285 2340 2287
f 2285 2287 2286
f 2287 2341 2342
f 2287 2342 2343
f 2287 2343 2290
f 2287 2290 2288
f 2287 2340 2341
f 2289 2292 2295
f 2290 2343 2291
f 2291 2343 2344
f 2291 2344 2345
f 2291 2345 2292
f 2292 2345 2295
f 2293 2338 2294
f 2294 2338 2346
f 2294 2346 2347
f 2294 2347 2339
f 2295 2345 2348
f 2295 2348 2299
f 2296 2301 2349
f 2296 2349 2298
f 2296 2298 2297
f 2298 2349 2350
f 2298 2350 2302
f 2299 2351 2370
f 2299 2370 2344
f 2299 2344 2369
f 2299 2369 2342
f 2299 2342 2341
f 2299 2341 2339
f 2299 2339 2368
f 2299 2368 2382
f 2299 2382 2388
f 2299 2388 2391
f 2299 2391 2384
f 2299 2384 2383
f 2299 2383 2372
f 2299 2372 2371
f 2299 2371 2352
f 2299 2352 2300
f 2299 2348 2351
f 2300 2352 2349
f 2300 2349 2301
f 2305 2353 2306
f 2306 2353 2354
f 2306 2354 2307
f 2307 2355 2308
f 2307 2354 2355
f 2308 2355 2375
f 2308 2375 2386
f 2308 2386 2390
f 2308 2390 2389
f 2308 2389 2387
f 2308 2387 2380
f 2308 2380 2379
f 2308 2379 2377
f 2308 2377 2376
f 2308 2376 2358
f 2308 2358 2322
f 2308 2322 2357
f 2308 2357 2356
f 2308 2356 2315
f 2308 2315 2314
f 2308 2314 2318
f 2308 2318 2311
f 2308 2311 2309
f 2309 2311 2310
f 2311 2318 2312
f 2315 2356 2316
f 2316 2356 2320
f 2316 2320 2319
f 2320 2356 2357
f 2320 2357 2322
f 2322 2358 2323
f 2323 2359 2360
f 2323 2360 2361
f 2323 2361 2327
f 2323 2327 2324
f 2323 2358 2359
f 2324 2327 2325
f 2327 2361 2328
f 2328 2362 2331
f 2331 2362 2332
f 2333 2363 2334
f 2334 2363 2364
f 2334 2364 2336
f 2336 2364 2337
f 2337 2364 2365
f 2337 2365 2338
f 2338 2365 2366
f 2338 2366 2367
f 2338 2367 2346
f 2339 2346 2368
f 2339 2341 2340
f 2339 2347 2346
f 2342 2369 2343
f 2343 2369 2344
f 2344 2370 2345
f 2345 2370 2348
f 2348 2370 2351
f 2349 2352 2371
f 2349 2371 2372
f 2349 2372 2373
f 2349 2373 2350
f 2353 2374 2354
f 2354 2374 2375
f 2354 2375 2355
f 2358 2376 2359
f 2359 2376 2377
f 2359 2377 2378
f 2359 2378 2379
f 2359 2379 2380
f 2359 2380 2381
f 2359 2381 2360
f 2372 2383 2373
f 2373 2383 2384
f 2373 2384 2385
f 2374 2386 2375
f 2377 2379 2378
f 2382 2387 2389
f 2382 2389 2390
f 2382 2390 2388
f 2384 2391 2385
f 2392 2393 2397
f 2392 2397 2405
f 2392 2405 2418
f 2392 2418 2427
f 2392 2427 2426
f 2392 2426 2425
f 2392 2425 2444
f 2392 2444 2467
f 2392 2467 2493
f 2392 2493 2533
f 2392 2533 2532
f 2392 2532 2531
f 2392 2531 2570
f 2392 2570 2569
f 2392 2569 2568
f 2392 2568 2612
f 2392 2612 2611
f 2392 2611 2610
f 2392 2610 2671
f 2392 2671 2746
f 2392 2746 2819
f 2392 2819 2820
f 2392 2820 2751
f 2392 2751 2750
f 2392 2750 2676
f 2392 2676 2674
f 2392 2674 2617
f 2392 2617 2574
f 2392 2574 2541
f 2392 2541 2501
f 2392 2501 2499
f 2392 2499 2498
f 2392 2498 2494
f 2392 2494 2468
f 2392 2468 2445
f 2392 2445 2428
f 2392 2428 2410
f 2392 2410 2400
f 2392 2400 2394
f 2392 2394 2401
f 2392 2401 2413
f 2392 2413 2412
f 2392 2412 2434
f 2392 2434 2452
f 2392 2452 2476
f 2392 2476 2475
f 2392 2475 2509
f 2392 2509 2508
f 2392 2508 2507
f 2392 2507 2546
f 2392 2546 2586
f 2392 2586 2635
f 2392 2635 2708
f 2392 2708 2783
f 2392 2783 2840
f 2392 2840 2901
f 2392 2901 2973
f 2392 2973 3045
f 2392 3045 3124
f 2392 3124 3123
f 2392 3123 3122
f 2392 3122 3205
f 2392 3205 3267
f 2392 3267 3322
f 2392 3322 3375
f 2392 3375 3377
f 2392 3377 3325
f 2392 3325 3324
f 2392 3324 3323
f 2392 3323 3270
f 2392 3270 3268
f 2392 3268 3206
f 2392 3206 3125
f 2392 3125 3047
f 2392 3047 2977
f 2392 2977 2975
f 2392 2975 2903
f 2392 2903 2843
f 2392 2843 2841
f 2392 2841 2784
f 2392 2784 2709
f 2392 2709 2637
f 2392 2637 2636
f 2392 2636 2587
f 2392 2587 2547
f 2392 2547 2510
f 2392 2510 2477
f 2392 2477 2456
f 2392 2456 2435
f 2392 2435 2415
f 2392 2415 2414
f 2392 2414 2402
f 2392 2402 2395
f 2392 2395 2396
f 2392 2396 2393
f 2393 2396 2398
f 2393 2398 2399
f 2393 2399 2397
f 2394 2400 2401
f 2395 2402 2396
f 2396 2402 2403
f 2396 2403 2404
f 2396 2404 2399
f 2396 2399 2398
f 2397 2399 2405
f 2399 2404 2406
f 2399 2406 2407
f 2399 2407 2408
f 2399 2408 2409
f 2399 2409 2405
f 2400 2410 2429
f 2400 2429 2448
f 2400 2448 2473
f 2400 2473 2505
f 2400 2505 2544
f 2400 2544 2584
f 2400 2584 2633
f 2400 2633 2701
f 2400 2701 2700
f 2400 2700 2704
f 2400 2704 2703
f 2400 2703 2778
f 2400 2778 2838
f 2400 2838 2900
f 2400 2900 2972
f 2400 2972 2971
f 2400 2971 3041
f 2400 3041 3039
f 2400 3039 3120
f 2400 3120 3203
f 2400 3203 3264
f 2400 3264 3315
f 2400 3315 3360
f 2400 3360 3410
f 2400 3410 3411
f 2400 3411 3362
f 2400 3362 3361
f 2400 3361 3403
f 2400 3403 3402
f 2400 3402 3441
f 2400 3441 3462
f 2400 3462 3461
f 2400 3461 3460
f 2400 3460 3459
f 2400 3459 3450
f 2400 3450 3446
f 2400 3446 3412
f 2400 3412 3364
f 2400 3364 3316
f 2400 3316 3265
f 2400 3265 3204
f 2400 3204 3121
f 2400 3121 3044
f 2400 3044 3043
f 2400 3043 3042
f 2400 3042 2974
f 2400 2974 2902
f 2400 2902 2839
f 2400 2839 2782
f 2400 2782 2781
f 2400 2781 2780
f 2400 2780 2779
f 2400 2779 2707
f 2400 2707 2706
f 2400 2706 2705
f 2400 2705 2634
f 2400 2634 2585
f 2400 2585 2545
f 2400 2545 2506
f 2400 2506 2474
f 2400 2474 2451
f 2400 2451 2450
f 2400 2450 2455
f 2400 2455 2454
f 2400 2454 2453
f 2400 2453 2449
f 2400 2449 2433
f 2400 2433 2432
f 2400 2432 2431
f 2400 2431 2430
f 2400 2430 2411
f 2400 2411 2412
f 2400 2412 2413
f 2400 2413 2401
f 2402 2414 2403
f 2403 2406 2404
f 2403 2414 2415
f 2403 2415 2416
f 2403 2416 2417
f 2403 2417 2406
f 2405 2409 2418
f 2406 2419 2407
f 2406 2417 2420
f 2406 2420 2421
f 2406 2421 2422
f 2406 2422 2419
f 2407 2419 2423
f 2407 2423 2424
f 2407 2424 2408
f 2408 2425 2426
f 2408 2426 2427
f 2408 2427 2418
f 2408 2418 2409
f 2408 2424 2425
f 2410 2428 2429
f 2411 2430 2412
f 2412 2430 2431
f 2412 2431 2432
f 2412 2432 2433
f 2412 2433 2434
f 2415 2435 2436
f 2415 2436 2416
f 2416 2436 2417
f 2417 2436 2437
f 2417 2437 2438
f 2417 2438 2420
f 2419 2422 2423
f 2420 2438 2421
f 2421 2439 2422
f 2421 2438 2439
f 2422 2439 2423
f 2423 2439 2440
f 2423 2440 2441
f 2423 2441 2424
f 2424 2441 2442
f 2424 2442 2443
f 2424 2443 2444
f 2424 2444 2425
f 2428 2445 2446
f 2428 2446 2429
f 2429 2446 2445
f 2429 2445 2447
f 2429 2447 2448
f 2433 2449 2434
f 2434 2450 2451
f 2434 2451 2452
f 2434 2449 2453
f 2434 2453 2454
f 2434 2454 2455
f 2434 2455 2450
f 2435 2456 2436
f 2436 2456 2457
f 2436 2457 2458
f 2436 2458 2437
f 2437 2458 2438
f 2438 2458 2459
f 2438 2459 2460
f 2438 2460 2461
f 2438 2461 2462
f 2438 2462 2440
f 2438 2440 2439
f 2440 2462 2441
f 2441 2462 2463
f 2441 2463 2464
f 2441 2464 2442
f 2442 2464 2465
f 2442 2465 2444
f 2442 2444 2443
f 2444 2465 2466
f 2444 2466 2467
f 2445 2468 2447
f 2447 2469 2470
f 2447 2470 2471
f 2447 2471 2448
f 2447 2468 2469
f 2448 2471 2472
f 2448 2472 2473
f 2451 2474 2475
f 2451 2475 2476
f 2451 2476 2452
f 2456 2477 2457
f 2457 2477 2478
f 2457 2478 2479
f 2457 2479 2480
f 2457 2480 2459
f 2457 2459 2458
f 2459 2480 2481
f 2459 2481 2460
f 2460 2482 2461
f 2460 2481 2483
f 2460 2483 2484
f 2460 2484 2482
f 2461 2485 2486
f 2461 2486 2487
f 2461 2487 2463
f 2461 2463 2462
f 2461 2482 2488
f 2461 2488 2489
f 2461 2489 2490
f 2461 2490 2485
f 2463 2487 2464
f 2464 2487 2486
f 2464 2486 2491
f 2464 2491 2465
f 2465 2492 2466
f 2465 2491 2492
f 2466 2492 2493
f 2466 2493 2467
f 2468 2494 2469
f 2469 2495 2496
f 2469 2496 2497
f 2469 2497 2471
f 2469 2471 2470
f 2469 2494 2498
f 2469 2498 2499
f 2469 2499 2500
f 2469 2500 2501
f 2469 2501 2495
f 2471 2496 2502
f 2471 2502 2472
f 2471 2497 2496
f 2472 2502 2503
f 2472 2503 2504
f 2472 2504 2473
f 2473 2504 2505
f 2474 2506 2507
f 2474 2507 2508
f 2474 2508 2509
f 2474 2509 2475
f 2477 2510 2511
f 2477 2511 2478
f 2478 2511 2512
f 2478 2512 2513
f 2478 2513 2514
f 2478 2514 2479
f 2479 2515 2480
f 2479 2514 2515
f 2480 2515 2481
f 2481 2515 2516
f 2481 2516 2483
f 2482 2484 2488
f 2483 2516 2484
f 2484 2516 2488
f 2485 2490 2517
f 2485 2517 2518
f 2485 2518 2519
f 2485 2519 2520
f 2485 2520 2486
f 2486 2520 2491
f 2488 2516 2521
f 2488 2521 2522
f 2488 2522 2489
f 2489 2522 2523
f 2489 2523 2524
f 2489 2524 2525
f 2489 2525 2490
f 2490 2525 2517
f 2491 2520 2526
f 2491 2526 2527
f 2491 2527 2528
f 2491 2528 2529
f 2491 2529 2530
f 2491 2530 2531
f 2491 2531 2492
f 2492 2531 2532
f 2492 2532 2533
f 2492 2533 2493
f 2495 2501 2534
f 2495 2534 2535
f 2495 2535 2496
f 2496 2535 2534
f 2496 2534 2536
f 2496 2536 2537
f 2496 2537 2538
f 2496 2538 2539
f 2496 2539 2540
f 2496 2540 2502
f 2499 2501 2500
f 2501 2541 2542
f 2501 2542 2534
f 2502 2540 2543
f 2502 2543 2503
f 2503 2543 2504
f 2504 2543 2505
f 2505 2543 2544
f 2506 2545 2546
f 2506 2546 2507
f 2510 2547 2511
f 2511 2547 2548
f 2511 2548 2549
f 2511 2549 2512
f 2512 2549 2550
f 2512 2550 2551
f 2512 2551 2513
f 2513 2551 2514
f 2514 2551 2552
f 2514 2552 2515
f 2515 2552 2553
f 2515 2553 2516
f 2516 2553 2521
f 2517 2525 2524
f 2517 2524 2523
f 2517 2523 2554
f 2517 2554 2555
f 2517 2555 2556
f 2517 2556 2557
f 2517 2557 2558
f 2517 2558 2519
f 2517 2519 2518
f 2519 2558 2559
f 2519 2559 2520
f 2520 2559 2526
f 2521 2553 2560
f 2521 2560 2522
f 2522 2560 2523
f 2523 2560 2561
f 2523 2561 2562
f 2523 2562 2563
f 2523 2563 2554
f 2526 2559 2558
f 2526 2558 2527
f 2527 2564 2528
f 2527 2558 2564
f 2528 2564 2565
f 2528 2565 2566
f 2528 2566 2567
f 2528 2567 2529
f 2529 2567 2530
f 2530 2567 2566
f 2530 2566 2568
f 2530 2568 2569
f 2530 2569 2570
f 2530 2570 2531
f 2534 2571 2572
f 2534 2572 2573
f 2534 2573 2536
f 2534 2542 2574
f 2534 2574 2571
f 2536 2575 2576
f 2536 2576 2537
f 2536 2573 2575
f 2537 2576 2577
f 2537 2577 2538
f 2538 2577 2539
f 2539 2577 2578
f 2539 2578 2579
f 2539 2579 2543
f 2539 2543 2540
f 2541 2574 2542
f 2543 2579 2580
f 2543 2580 2581
f 2543 2581 2582
f 2543 2582 2583
f 2543 2583 2544
f 2544 2583 2582
f 2544 2582 2581
f 2544 2581 2584
f 2545 2585 2546
f 2546 2585 2586
f 2547 2587 2588
f 2547 2588 2548
f 2548 2588 2549
f 2549 2588 2589
f 2549 2589 2590
f 2549 2590 2593
f 2549 2593 2550
f 2550 2591 2592
f 2550 2592 2551
f 2550 2593 2594
f 2550 2594 2591
f 2551 2592 2552
f 2552 2592 2595
f 2552 2595 2553
f 2553 2595 2560
f 2554 2563 2555
f 2555 2596 2597
f 2555 2597 2556
f 2555 2563 2598
f 2555 2598 2599
f 2555 2599 2596
f 2556 2597 2600
f 2556 2600 2601
f 2556 2601 2557
f 2557 2601 2558
f 2558 2602 2603
f 2558 2603 2564
f 2558 2601 2602
f 2560 2595 2604
f 2560 2604 2561
f 2561 2604 2605
f 2561 2605 2606
f 2561 2606 2562
f 2562 2598 2563
f 2562 2606 2607
f 2562 2607 2608
f 2562 2608 2598
f 2564 2603 2565
f 2565 2609 2566
f 2565 2603 2609
f 2566 2609 2610
f 2566 2610 2611
f 2566 2611 2612
f 2566 2612 2568
f 2571 2613 2572
f 2571 2574 2614
f 2571 2614 2615
f 2571 2615 2613
f 2572 2613 2616
f 2572 2616 2575
f 2572 2575 2573
f 2574 2617 2618
f 2574 2618 2614
f 2575 2619 2576
f 2575 2616 2613
f 2575 2613 2620
f 2575 2620 2621
f 2575 2621 2622
f 2575 2622 2623
f 2575 2623 2619
f 2576 2619 2624
f 2576 2624 2577
f 2577 2580 2579
f 2577 2579 2578
f 2577 2624 2625
f 2577 2625 2626
f 2577 2626 2627
f 2577 2627 2628
f 2577 2628 2629
f 2577 2629 2630
f 2577 2630 2631
f 2577 2631 2580
f 2580 2631 2581
f 2581 2631 2632
f 2581 2632 2584
f 2584 2632 2633
f 2585 2634 2586
f 2586 2634 2635
f 2587 2636 2588
f 2588 2636 2589
f 2589 2636 2637
f 2589 2637 2638
f 2589 2638 2639
f 2589 2639 2640
f 2589 2640 2590
f 2590 2640 2639
f 2590 2639 2641
f 2590 2641 2642
f 2590 2642 2643
f 2590 2643 2593
f 2591 2644 2592
f 2591 2594 2645
f 2591 2645 2646
f 2591 2646 2644
f 2592 2644 2647
f 2592 2647 2595
f 2593 2643 2648
f 2593 2648 2649
f 2593 2649 2594
f 2594 2649 2645
f 2595 2647 2604
f 2596 2599 2650
f 2596 2650 2597
f 2597 2650 2651
f 2597 2651 2600
f 2598 2608 2652
f 2598 2652 2653
f 2598 2653 2599
f 2599 2653 2650
f 2600 2654 2601
f 2600 2651 2654
f 2601 2654 2655
f 2601 2655 2656
f 2601 2656 2657
f 2601 2657 2603
f 2601 2603 2602
f 2603 2657 2658
f 2603 2658 2659
f 2603 2659 2660
f 2603 2660 2661
f 2603 2661 2609
f 2604 2647 2662
f 2604 2662 2663
f 2604 2663 2605
f 2605 2663 2606
f 2606 2663 2664
f 2606 2664 2665
f 2606 2665 2607
f 2607 2665 2666
f 2607 2666 2608
f 2608 2666 2667
f 2608 2667 2668
f 2608 2668 2669
f 2608 2669 2652
f 2609 2661 2670
f 2609 2670 2610
f 2610 2670 2671
f 2613 2672 2621
f 2613 2621 2620
f 2613 2615 2618
f 2613 2618 2673
f 2613 2673 2672
f 2614 2618 2615
f 2617 2674 2618
f 2618 2675 2673
f 2618 2674 2676
f 2618 2676 2675
f 2619 2623 2624
f 2621 2672 2677
f 2621 2677 2622
f 2622 2678 2679
f 2622 2679 2680
f 2622 2680 2681
f 2622 2681 2682
f 2622 2682 2623
f 2622 2677 2683
f 2622 2683 2684
f 2622 2684 2678
f 2623 2682 2685
f 2623 2685 2686
f 2623 2686 2687
f 2623 2687 2625
f 2623 2625 2624
f 2625 2687 2626
f 2626 2687 2688
f 2626 2688 2627
f 2627 2688 2689
f 2627 2689 2690
f 2627 2690 2628
f 2628 2690 2691
f 2628 2691 2629
f 2629 2692 2693
f 2629 2693 2630
f 2629 2691 2694
f 2629 2694 2695
f 2629 2695 2696
f 2629 2696 2697
f 2629 2697 2698
f 2629 2698 2699
f 2629 2699 2692
f 2630 2693 2631
f 2631 2693 2632
f 2632 2700 2701
f 2632 2701 2633
f 2632 2693 2702
f 2632 2702 2703
f 2632 2703 2704
f 2632 2704 2700
f 2634 2705 2635
f 2635 2706 2707
f 2635 2707 2708
f 2635 2705 2706
f 2637 2709 2710
f 2637 2710 2638
f 2638 2710 2711
f 2638 2711 2712
f 2638 2712 2713
f 2638 2713 2639
f 2639 2713 2714
f 2639 2714 2641
f 2641 2715 2642
f 2641 2714 2716
f 2641 2716 2717
f 2641 2717 2715
f 2642 2715 2718
f 2642 2718 2648
f 2642 2648 2719
f 2642 2719 2643
f 2643 2719 2648
f 2644 2720 2721
f 2644 2721 2647
f 2644 2646 2720
f 2645 2722 2723
f 2645 2723 2724
f 2645 2724 2646
f 2645 2649 2718
f 2645 2718 2725
f 2645 2725 2722
f 2646 2724 2720
f 2647 2721 2662
f 2648 2718 2649
f 2650 2653 2651
f 2651 2653 2726
f 2651 2726 2654
f 2652 2669 2727
f 2652 2727 2728
f 2652 2728 2653
f 2653 2728 2729
f 2653 2729 2730
f 2653 2730 2726
f 2654 2726 2731
f 2654 2731 2732
f 2654 2732 2733
f 2654 2733 2655
f 2655 2678 2734
f 2655 2734 2656
f 2655 2733 2732
f 2655 2732 2678
f 2656 2734 2735
f 2656 2735 2736
f 2656 2736 2658
f 2656 2658 2657
f 2658 2736 2659
f 2659 2736 2660
f 2660 2736 2737
f 2660 2737 2670
f 2660 2670 2661
f 2662 2721 2738
f 2662 2738 2663
f 2663 2738 2739
f 2663 2739 2740
f 2663 2740 2664
f 2664 2740 2665
f 2665 2740 2666
f 2666 2740 2741
f 2666 2741 2667
f 2667 2741 2742
f 2667 2742 2743
f 2667 2743 2744
f 2667 2744 2727
f 2667 2727 2668
f 2668 2727 2669
f 2670 2737 2745
f 2670 2745 2671
f 2671 2745 2746
f 2672 2747 2748
f 2672 2748 2749
f 2672 2749 2677
f 2672 2673 2675
f 2672 2675 2747
f 2675 2676 2750
f 2675 2750 2751
f 2675 2751 2752
f 2675 2752 2753
f 2675 2753 2747
f 2677 2749 2683
f 2678 2732 2754
f 2678 2754 2679
f 2678 2684 2755
f 2678 2755 2756
f 2678 2756 2734
f 2679 2754 2757
f 2679 2757 2680
f 2680 2757 2758
f 2680 2758 2759
f 2680 2759 2760
f 2680 2760 2681
f 2681 2760 2761
f 2681 2761 2682
f 2682 2761 2762
f 2682 2762 2685
f 2683 2749 2748
f 2683 2748 2763
f 2683 2763 2684
f 2684 2763 2764
f 2684 2764 2735
f 2684 2735 2755
f 2685 2762 2765
f 2685 2765 2766
f 2685 2766 2686
f 2686 2766 2688
f 2686 2688 2687
f 2688 2766 2767
f 2688 2767 2689
f 2689 2767 2768
f 2689 2768 2690
f 2690 2768 2691
f 2691 2768 2694
f 2692 2699 2698
f 2692 2698 2769
f 2692 2769 2693
f 2693 2769 2702
f 2694 2768 2770
f 2694 2770 2771
f 2694 2771 2772
f 2694 2772 2696
f 2694 2696 2695
f 2696 2772 2697
f 2697 2772 2773
f 2697 2773 2698
f 2698 2773 2774
f 2698 2774 2775
f 2698 2775 2769
f 2702 2769 2776
f 2702 2776 2777
f 2702 2777 2778
f 2702 2778 2703
f 2707 2779 2708
f 2708 2779 2780
f 2708 2780 2781
f 2708 2781 2782
f 2708 2782 2783
f 2709 2784 2710
f 2710 2785 2790
f 2710 2790 2711
f 2710 2784 2786
f 2710 2786 2785
f 2711 2787 2788
f 2711 2788 2789
f 2711 2789 2712
f 2711 2790 2791
f 2711 2791 2787
f 2712 2789 2792
f 2712 2792 2793
f 2712 2793 2713
f 2713 2793 2714
f 2714 2793 2716
f 2715 2717 2718
f 2716 2718 2717
f 2716 2793 2792
f 2716 2792 2794
f 2716 2794 2795
f 2716 2795 2718
f 2718 2795 2796
f 2718 2796 2797
f 2718 2797 2725
f 2720 2738 2721
f 2720 2724 2738
f 2722 2798 2723
f 2722 2725 2798
f 2723 2798 2799
f 2723 2799 2738
f 2723 2738 2724
f 2725 2797 2800
f 2725 2800 2801
f 2725 2801 2798
f 2726 2730 2731
f 2727 2744 2729
f 2727 2729 2728
f 2729 2744 2802
f 2729 2802 2803
f 2729 2803 2730
f 2730 2803 2804
f 2730 2804 2731
f 2731 2804 2732
f 2732 2804 2805
f 2732 2805 2806
f 2732 2806 2754
f 2734 2756 2735
f 2735 2756 2755
f 2735 2764 2736
f 2736 2764 2763
f 2736 2763 2753
f 2736 2753 2807
f 2736 2807 2745
f 2736 2745 2737
f 2738 2799 2808
f 2738 2808 2739
f 2739 2808 2809
f 2739 2809 2741
f 2739 2741 2740
f 2741 2809 2742
f 2742 2809 2810
f 2742 2810 2811
f 2742 2811 2812
f 2742 2812 2813
f 2742 2813 2814
f 2742 2814 2743
f 2743 2814 2815
f 2743 2815 2816
f 2743 2816 2817
f 2743 2817 2744
f 2744 2817 2818
f 2744 2818 2802
f 2745 2807 2819
f 2745 2819 2746
f 2747 2753 2748
f 2748 2753 2763
f 2751 2820 2752
f 2752 2820 2753
f 2753 2820 2821
f 2753 2821 2807
f 2754 2806 2757
f 2757 2806 2758
f 2758 2805 2822
f 2758 2822 2823
f 2758 2823 2824
f 2758 2824 2759
f 2758 2806 2805
f 2759 2824 2760
f 2760 2824 2825
f 2760 2825 2761
f 2761 2825 2826
f 2761 2826 2827
f 2761 2827 2762
f 2762 2827 2765
f 2765 2827 2766
f 2766 2827 2828
f 2766 2828 2767
f 2767 2828 2768
f 2768 2828 2770
f 2769 2775 2776
f 2770 2828 2829
f 2770 2829 2830
f 2770 2830 2831
f 2770 2831 2832
f 2770 2832 2771
f 2771 2832 2833
f 2771 2833 2772
f 2772 2833 2774
f 2772 2774 2773
f 2774 2833 2834
f 2774 2834 2835
f 2774 2835 2775
f 2775 2835 2776
f 2776 2835 2836
f 2776 2836 2837
f 2776 2837 2777
f 2777 2837 2778
f 2778 2837 2838
f 2782 2839 2783
f 2783 2839 2840
f 2784 2841 2786
f 2785 2786 2842
f 2785 2842 2790
f 2786 2841 2843
f 2786 2843 2844
f 2786 2844 2845
f 2786 2845 2846
f 2786 2846 2847
f 2786 2847 2848
f 2786 2848 2849
f 2786 2849 2850
f 2786 2850 2790
f 2786 2790 2842
f 2787 2851 2852
f 2787 2852 2792
f 2787 2792 2788
f 2787 2791 2851
f 2788 2792 2789
f 2790 2850 2848
f 2790 2848 2791
f 2791 2848 2853
f 2791 2853 2852
f 2791 2852 2851
f 2792 2852 2854
f 2792 2854 2794
f 2794 2854 2855
f 2794 2855 2795
f 2795 2855 2856
f 2795 2856 2796
f 2796 2856 2857
f 2796 2857 2797
f 2797 2857 2858
f 2797 2858 2859
f 2797 2859 2800
f 2798 2801 2860
f 2798 2860 2861
f 2798 2861 2862
f 2798 2862 2799
f 2799 2863 2864
f 2799 2864 2808
f 2799 2862 2861
f 2799 2861 2865
f 2799 2865 2866
f 2799 2866 2863
f 2800 2865 2867
f 2800 2867 2801
f 2800 2859 2868
f 2800 2868 2865
f 2801 2867 2860
f 2802 2818 2869
f 2802 2869 2803
f 2803 2822 2804
f 2803 2869 2822
f 2804 2822 2805
f 2807 2821 2820
f 2807 2820 2819
f 2808 2864 2870
f 2808 2870 2871
f 2808 2871 2872
f 2808 2872 2810
f 2808 2810 2809
f 2810 2872 2873
f 2810 2873 2811
f 2811 2873 2874
f 2811 2874 2875
f 2811 2875 2812
f 2812 2875 2876
f 2812 2876 2813
f 2813 2876 2877
f 2813 2877 2878
f 2813 2878 2814
f 2814 2878 2815
f 2815 2878 2879
f 2815 2879 2816
f 2816 2818 2817
f 2816 2879 2818
f 2818 2879 2880
f 2818 2880 2881
f 2818 2881 2882
f 2818 2882 2869
f 2822 2869 2883
f 2822 2883 2823
f 2823 2884 2824
f 2823 2883 2885
f 2823 2885 2884
f 2824 2884 2886
f 2824 2886 2826
f 2824 2826 2825
f 2826 2886 2827
f 2827 2886 2828
f 2828 2886 2887
f 2828 2887 2829
f 2829 2887 2888
f 2829 2888 2830
f 2830 2888 2831
f 2831 2888 2889
f 2831 2889 2890
f 2831 2890 2891
f 2831 2891 2892
f 2831 2892 2893
f 2831 2893 2832
f 2832 2893 2833
f 2833 2893 2834
f 2834 2893 2894
f 2834 2894 2895
f 2834 2895 2896
f 2834 2896 2835
f 2835 2896 2897
f 2835 2897 2898
f 2835 2898 2836
f 2836 2898 2837
f 2837 2898 2899
f 2837 2899 2838
f 2838 2899 2900
f 2839 2901 2840
f 2839 2902 2901
f 2843 2903 2844
f 2844 2903 2845
f 2845 2904 2905
f 2845 2905 2847
f 2845 2847 2846
f 2845 2903 2906
f 2845 2906 2907
f 2845 2907 2904
f 2847 2905 2908
f 2847 2908 2853
f 2847 2853 2848
f 2848 2850 2849
f 2852 2853 2909
f 2852 2909 2854
f 2853 2908 2910
f 2853 2910 2909
f 2854 2909 2911
f 2854 2911 2912
f 2854 2912 2913
f 2854 2913 2855
f 2855 2913 2914
f 2855 2914 2915
f 2855 2915 2856
f 2856 2916 2857
f 2856 2915 2917
f 2856 2917 2918
f 2856 2918 2919
f 2856 2919 2916
f 2857 2916 2918
f 2857 2918 2920
f 2857 2920 2921
f 2857 2921 2858
f 2858 2921 2922
f 2858 2922 2859
f 2859 2922 2868
f 2860 2867 2865
f 2860 2865 2861
f 2863 2866 2923
f 2863 2923 2870
f 2863 2870 2864
f 2865 2868 2924
f 2865 2924 2866
f 2866 2924 2925
f 2866 2925 2923
f 2868 2922 2926
f 2868 2926 2927
f 2868 2927 2924
f 2869 2882 2883
f 2870 2928 2929
f 2870 2929 2871
f 2870 2923 2925
f 2870 2925 2927
f 2870 2927 2928
f 2871 2929 2930
f 2871 2930 2872
f 2872 2930 2873
f 2873 2930 2874
f 2874 2930 2931
f 2874 2931 2875
f 2875 2931 2932
f 2875 2932 2933
f 2875 2933 2934
f 2875 2934 2935
f 2875 2935 2936
f 2875 2936 2937
f 2875 2937 2938
f 2875 2938 2876
f 2876 2939 2877
f 2876 2938 2939
f 2877 2939 2940
f 2877 2940 2878
f 2878 2941 2942
f 2878 2942 2879
f 2878 2940 2941
f 2879 2942 2880
f 2880 2942 2881
f 2881 2943 2944
f 2881 2944 2882
f 2881 2942 2945
f 2881 2945 2943
f 2882 2944 2885
f 2882 2885 2883
f 2884 2885 2946
f 2884 2946 2886
f 2885 2887 2886
f 2885 2886 2946
f 2885 2944 2887
f 2887 2944 2947
f 2887 2947 2888
f 2888 2947 2889
f 2889 2947 2944
f 2889 2944 2948
f 2889 2948 2890
f 2890 2949 2891
f 2890 2948 2943
f 2890 2943 2949
f 2891 2949 2950
f 2891 2950 2951
f 2891 2951 2952
f 2891 2952 2953
f 2891 2953 2892
f 2892 2954 2893
f 2892 2953 2955
f 2892 2955 2956
f 2892 2956 2957
f 2892 2957 2958
f 2892 2958 2959
f 2892 2959 2954
f 2893 2954 2959
f 2893 2959 2960
f 2893 2960 2961
f 2893 2961 2894
f 2894 2961 2962
f 2894 2962 2895
f 2895 2963 2899
f 2895 2899 2897
f 2895 2897 2896
f 2895 2962 2964
f 2895 2964 2965
f 2895 2965 2966
f 2895 2966 2967
f 2895 2967 2963
f 2897 2899 2898
f 2899 2963 2968
f 2899 2968 2969
f 2899 2969 2970
f 2899 2970 2971
f 2899 2971 2972
f 2899 2972 2900
f 2901 2902 2973
f 2902 2974 2973
f 2903 2975 2906
f 2904 2907 2906
f 2904 2906 2976
f 2904 2976 2908
f 2904 2908 2905
f 2906 2975 2977
f 2906 2977 2978
f 2906 2978 2976
f 2908 2979 2910
f 2908 2976 2980
f 2908 2980 2981
f 2908 2981 2982
f 2908 2982 2979
f 2909 2910 2911
f 2910 2979 2983
f 2910 2983 2911
f 2911 2983 2984
f 2911 2984 2912
f 2912 2984 2985
f 2912 2985 2913
f 2913 2915 2914
f 2913 2985 2986
f 2913 2986 2915
f 2915 2986 2987
f 2915 2987 2918
f 2915 2918 2917
f 2916 2919 2918
f 2918 2987 2920
f 2920 2987 2988
f 2920 2988 2989
f 2920 2989 2990
f 2920 2990 2991
f 2920 2991 2992
f 2920 2992 2993
f 2920 2993 2994
f 2920 2994 2995
f 2920 2995 2996
f 2920 2996 2997
f 2920 2997 2921
f 2921 2997 2996
f 2921 2996 2922
f 2922 2996 2926
f 2924 2927 2925
f 2926 2995 2998
f 2926 2998 2927
f 2926 2996 2995
f 2927 2998 2999
f 2927 2999 3000
f 2927 3000 3001
f 2927 3001 3002
f 2927 3002 3003
f 2927 3003 2928
f 2928 3003 3004
f 2928 3004 2929
f 2929 3005 3006
f 2929 3006 2930
f 2929 3004 3007
f 2929 3007 3008
f 2929 3008 3005
f 2930 3006 2932
f 2930 2932 2931
f 2932 3006 3009
f 2932 3009 2933
f 2933 3009 3010
f 2933 3010 3011
f 2933 3011 2934
f 2934 3011 2935
f 2935 3012 3013
f 2935 3013 3014
f 2935 3014 3015
f 2935 3015 2936
f 2935 3011 3016
f 2935 3016 3012
f 2936 3015 2937
f 2937 3015 2939
f 2937 2939 2938
f 2939 3015 3014
f 2939 3014 3017
f 2939 3017 2940
f 2940 3017 3018
f 2940 3018 3019
f 2940 3019 3020
f 2940 3020 2941
f 2941 3021 2945
f 2941 2945 2942
f 2941 3020 3021
f 2943 2948 2944
f 2943 2945 3022
f 2943 3022 2949
f 2945 3021 3023
f 2945 3023 3022
f 2949 3022 2950
f 2950 3022 2951
f 2951 3022 3023
f 2951 3023 2952
f 2952 3023 3024
f 2952 3024 2953
f 2953 3024 2955
f 2955 3024 3025
f 2955 3025 3026
f 2955 3026 3027
f 2955 3027 3028
f 2955 3028 2956
f 2956 3028 2957
f 2957 3028 3029
f 2957 3029 3030
f 2957 3030 2958
f 2958 3030 3031
f 2958 3031 2959
f 2959 3031 2961
f 2959 2961 2960
f 2961 3031 3032
f 2961 3032 3033
f 2961 3033 2962
f 2962 3033 2964
f 2963 2967 2968
f 2964 3033 3034
f 2964 3034 2965
f 2965 3034 3035
f 2965 3035 3036
f 2965 3036 3037
f 2965 3037 2966
f 2966 3037 3038
f 2966 3038 2967
f 2967 3038 2969
f 2967 2969 2968
f 2969 3038 3039
f 2969 3039 3040
f 2969 3040 2970
f 2970 3040 2971
f 2971 3040 3041
f 2973 2974 3042
f 2973 3042 3043
f 2973 3043 3044
f 2973 3044 3045
f 2976 2978 3046
f 2976 3046 2980
f 2977 3047 3048
f 2977 3048 2978
f 2978 3048 3046
f 2979 2982 2983
f 2980 3046 3048
f 2980 3048 3049
f 2980 3049 3050
f 2980 3050 3051
f 2980 3051 3052
f 2980 3052 3053
f 2980 3053 2981
f 2981 3053 3054
f 2981 3054 2982
f 2982 3054 2984
f 2982 2984 2983
f 2984 3054 3055
f 2984 3055 2985
f 2985 3055 3056
f 2985 3056 3057
f 2985 3057 2989
f 2985 2989 2986
f 2986 2989 2988
f 2986 2988 2987
f 2989 3057 2990
f 2990 3057 3058
f 2990 3058 3059
f 2990 3059 2991
f 2991 3059 3060
f 2991 3060 2993
f 2991 2993 2992
f 2993 3060 3061
f 2993 3061 2994
f 2994 3061 3062
f 2994 3062 3063
f 2994 3063 3064
f 2994 3064 2995
f 2995 3064 2998
f 2998 3064 3065
f 2998 3065 3066
f 2998 3066 3067
f 2998 3067 3068
f 2998 3068 3069
f 2998 3069 2999
f 2999 3069 3070
f 2999 3070 3071
f 2999 3071 3000
f 3000 3071 3001
f 3001 3072 3073
f 3001 3073 3002
f 3001 3071 3072
f 3002 3073 3003
f 3003 3073 3004
f 3004 3073 3074
f 3004 3074 3075
f 3004 3075 3076
f 3004 3076 3077
f 3004 3077 3078
f 3004 3078 3007
f 3005 3078 3009
f 3005 3009 3006
f 3005 3008 3078
f 3007 3078 3008
f 3009 3078 3079
f 3009 3079 3076
f 3009 3076 3080
f 3009 3080 3081
f 3009 3081 3010
f 3010 3081 3082
f 3010 3082 3083
f 3010 3083 3011
f 3011 3083 3016
f 3012 3084 3085
f 3012 3085 3086
f 3012 3086 3087
f 3012 3087 3013
f 3012 3016 3082
f 3012 3082 3084
f 3013 3087 3088
f 3013 3088 3014
f 3014 3088 3089
f 3014 3089 3018
f 3014 3018 3017
f 3016 3083 3082
f 3018 3090 3019
f 3018 3089 3090
f 3019 3090 3020
f 3020 3090 3091
f 3020 3091 3021
f 3021 3091 3092
f 3021 3092 3023
f 3023 3092 3024
f 3024 3092 3093
f 3024 3093 3025
f 3025 3094 3095
f 3025 3095 3096
f 3025 3096 3026
f 3025 3093 3094
f 3026 3096 3097
f 3026 3097 3027
f 3027 3097 3098
f 3027 3098 3099
f 3027 3099 3100
f 3027 3100 3101
f 3027 3101 3102
f 3027 3102 3103
f 3027 3103 3028
f 3028 3103 3104
f 3028 3104 3030
f 3028 3030 3029
f 3030 3032 3031
f 3030 3104 3105
f 3030 3105 3106
f 3030 3106 3032
f 3032 3034 3033
f 3032 3106 3034
f 3034 3107 3108
f 3034 3108 3109
f 3034 3109 3110
f 3034 3110 3111
f 3034 3111 3035
f 3034 3106 3112
f 3034 3112 3107
f 3035 3111 3113
f 3035 3113 3036
f 3036 3113 3114
f 3036 3114 3115
f 3036 3115 3037
f 3037 3116 3038
f 3037 3115 3117
f 3037 3117 3116
f 3038 3116 3118
f 3038 3118 3119
f 3038 3119 3039
f 3039 3119 3120
f 3039 3041 3040
f 3044 3121 3122
f 3044 3122 3123
f 3044 3123 3124
f 3044 3124 3045
f 3047 3125 3126
f 3047 3126 3048
f 3048 3126 3125
f 3048 3125 3049
f 3049 3127 3050
f 3049 3125 3127
f 3050 3128 3051
f 3050 3127 3125
f 3050 3125 3128
f 3051 3128 3129
f 3051 3129 3130
f 3051 3130 3131
f 3051 3131 3132
f 3051 3132 3053
f 3051 3053 3052
f 3053 3132 3133
f 3053 3133 3056
f 3053 3056 3054
f 3054 3056 3055
f 3056 3133 3134
f 3056 3134 3135
f 3056 3135 3136
f 3056 3136 3137
f 3056 3137 3138
f 3056 3138 3058
f 3056 3058 3057
f 3058 3138 3139
f 3058 3139 3059
f 3059 3139 3138
f 3059 3138 3140
f 3059 3140 3141
f 3059 3141 3060
f 3060 3141 3061
f 3061 3141 3140
f 3061 3140 3142
f 3061 3142 3143
f 3061 3143 3144
f 3061 3144 3145
f 3061 3145 3062
f 3062 3145 3063
f 3063 3065 3064
f 3063 3145 3065
f 3065 3146 3147
f 3065 3147 3066
f 3065 3145 3148
f 3065 3148 3149
f 3065 3149 3150
f 3065 3150 3146
f 3066 3147 3067
f 3067 3147 3068
f 3068 3147 3069
f 3069 3151 3152
f 3069 3152 3153
f 3069 3153 3154
f 3069 3154 3070
f 3069 3147 3155
f 3069 3155 3151
f 3070 3074 3071
f 3070 3154 3074
f 3071 3074 3072
f 3072 3074 3073
f 3074 3154 3153
f 3074 3153 3156
f 3074 3156 3157
f 3074 3157 3158
f 3074 3158 3159
f 3074 3159 3160
f 3074 3160 3161
f 3074 3161 3075
f 3075 3161 3076
f 3076 3162 3163
f 3076 3163 3164
f 3076 3164 3165
f 3076 3165 3082
f 3076 3082 3080
f 3076 3079 3078
f 3076 3078 3077
f 3076 3161 3162
f 3080 3082 3081
f 3082 3165 3167
f 3082 3167 3166
f 3082 3166 3084
f 3084 3166 3167
f 3084 3167 3168
f 3084 3168 3169
f 3084 3169 3170
f 3084 3170 3171
f 3084 3171 3172
f 3084 3172 3085
f 3085 3172 3173
f 3085 3173 3174
f 3085 3174 3175
f 3085 3175 3087
f 3085 3087 3086
f 3087 3175 3176
f 3087 3176 3088
f 3088 3176 3177
f 3088 3177 3178
f 3088 3178 3179
f 3088 3179 3089
f 3089 3179 3090
f 3090 3180 3093
f 3090 3093 3091
f 3090 3179 3181
f 3090 3181 3180
f 3091 3093 3092
f 3093 3180 3094
f 3094 3180 3181
f 3094 3181 3095
f 3095 3181 3182
f 3095 3182 3183
f 3095 3183 3096
f 3096 3183 3184
f 3096 3184 3097
f 3097 3184 3098
f 3098 3184 3174
f 3098 3174 3185
f 3098 3185 3099
f 3099 3185 3186
f 3099 3186 3100
f 3100 3186 3187
f 3100 3187 3188
f 3100 3188 3189
f 3100 3189 3112
f 3100 3112 3106
f 3100 3106 3105
f 3100 3105 3101
f 3101 3105 3102
f 3102 3105 3103
f 3103 3105 3104
f 3107 3112 3190
f 3107 3190 3191
f 3107 3191 3108
f 3108 3191 3192
f 3108 3192 3193
f 3108 3193 3109
f 3109 3193 3110
f 3110 3193 3194
f 3110 3194 3114
f 3110 3114 3111
f 3111 3114 3113
f 3112 3189 3195
f 3112 3195 3196
f 3112 3196 3197
f 3112 3197 3198
f 3112 3198 3190
f 3114 3194 3115
f 3115 3194 3117
f 3116 3117 3199
f 3116 3199 3200
f 3116 3200 3118
f 3117 3194 3201
f 3117 3201 3199
f 3118 3200 3202
f 3118 3202 3119
f 3119 3202 3120
f 3120 3202 3200
f 3120 3200 3203
f 3121 3204 3122
f 3122 3204 3205
f 3125 3206 3207
f 3125 3207 3128
f 3128 3208 3209
f 3128 3209 3210
f 3128 3210 3211
f 3128 3211 3129
f 3128 3207 3208
f 3129 3211 3212
f 3129 3212 3213
f 3129 3213 3133
f 3129 3133 3130
f 3130 3133 3131
f 3131 3133 3214
f 3131 3214 3132
f 3132 3214 3133
f 3133 3213 3134
f 3134 3213 3215
f 3134 3215 3216
f 3134 3216 3217
f 3134 3217 3218
f 3134 3218 3219
f 3134 3219 3220
f 3134 3220 3221
f 3134 3221 3222
f 3134 3222 3223
f 3134 3223 3224
f 3134 3224 3135
f 3135 3224 3225
f 3135 3225 3136
f 3136 3225 3137
f 3137 3225 3226
f 3137 3226 3227
f 3137 3227 3138
f 3138 3227 3228
f 3138 3228 3140
f 3140 3228 3142
f 3142 3228 3227
f 3142 3227 3226
f 3142 3226 3225
f 3142 3225 3143
f 3143 3225 3224
f 3143 3224 3223
f 3143 3223 3229
f 3143 3229 3230
f 3143 3230 3231
f 3143 3231 3232
f 3143 3232 3233
f 3143 3233 3145
f 3143 3145 3144
f 3145 3234 3150
f 3145 3150 3148
f 3145 3233 3234
f 3146 3150 3155
f 3146 3155 3147
f 3148 3150 3149
f 3150 3234 3235
f 3150 3235 3157
f 3150 3157 3155
f 3151 3155 3152
f 3152 3155 3236
f 3152 3236 3153
f 3153 3236 3156
f 3155 3157 3236
f 3156 3236 3157
f 3157 3235 3237
f 3157 3237 3238
f 3157 3238 3239
f 3157 3239 3159
f 3157 3159 3158
f 3159 3239 3238
f 3159 3238 3240
f 3159 3240 3160
f 3160 3240 3238
f 3160 3238 3241
f 3160 3241 3161
f 3161 3241 3242
f 3161 3242 3243
f 3161 3243 3162
f 3162 3243 3244
f 3162 3244 3163
f 3163 3245 3169
f 3163 3169 3168
f 3163 3168 3164
f 3163 3244 3245
f 3164 3168 3165
f 3165 3168 3167
f 3169 3171 3170
f 3169 3245 3171
f 3171 3245 3246
f 3171 3246 3173
f 3171 3173 3172
f 3173 3247 3174
f 3173 3246 3247
f 3174 3247 3248
f 3174 3248 3188
f 3174 3188 3187
f 3174 3187 3185
f 3174 3184 3183
f 3174 3183 3249
f 3174 3249 3175
f 3175 3249 3176
f 3176 3250 3182
f 3176 3182 3177
f 3176 3249 3250
f 3177 3182 3178
f 3178 3182 3181
f 3178 3181 3179
f 3182 3250 3183
f 3183 3250 3249
f 3185 3187 3186
f 3188 3195 3189
f 3188 3248 3251
f 3188 3251 3195
f 3190 3198 3191
f 3191 3198 3252
f 3191 3252 3253
f 3191 3253 3192
f 3192 3253 3193
f 3193 3254 3194
f 3193 3253 3255
f 3193 3255 3254
f 3194 3254 3256
f 3194 3256 3201
f 3195 3257 3258
f 3195 3258 3196
f 3195 3251 3259
f 3195 3259 3257
f 3196 3258 3260
f 3196 3260 3252
f 3196 3252 3197
f 3197 3252 3198
f 3199 3256 3261
f 3199 3261 3262
f 3199 3262 3200
f 3199 3201 3256
f 3200 3262 3263
f 3200 3263 3203
f 3203 3263 3264
f 3204 3265 3266
f 3204 3266 3267
f 3204 3267 3205
f 3206 3208 3207
f 3206 3268 3208
f 3208 3268 3209
f 3209 3269 3210
f 3209 3268 3270
f 3209 3270 3271
f 3209 3271 3269
f 3210 3269 3211
f 3211 3269 3272
f 3211 3272 3212
f 3212 3272 3271
f 3212 3271 3273
f 3212 3273 3215
f 3212 3215 3213
f 3215 3273 3274
f 3215 3274 3216
f 3216 3274 3275
f 3216 3275 3217
f 3217 3275 3276
f 3217 3276 3218
f 3218 3276 3277
f 3218 3277 3278
f 3218 3278 3219
f 3219 3278 3279
f 3219 3279 3280
f 3219 3280 3220
f 3220 3222 3221
f 3220 3280 3222
f 3222 3280 3281
f 3222 3281 3282
f 3222 3282 3223
f 3223 3282 3229
f 3229 3282 3281
f 3229 3281 3283
f 3229 3283 3230
f 3230 3283 3231
f 3231 3283 3232
f 3232 3283 3284
f 3232 3284 3237
f 3232 3237 3235
f 3232 3235 3234
f 3232 3234 3233
f 3237 3284 3285
f 3237 3285 3286
f 3237 3286 3238
f 3238 3286 3287
f 3238 3287 3288
f 3238 3288 3289
f 3238 3289 3290
f 3238 3290 3242
f 3238 3242 3241
f 3242 3244 3243
f 3242 3290 3244
f 3244 3290 3291
f 3244 3291 3292
f 3244 3292 3293
f 3244 3293 3294
f 3244 3294 3246
f 3244 3246 3245
f 3246 3294 3295
f 3246 3295 3296
f 3246 3296 3247
f 3247 3297 3298
f 3247 3298 3248
f 3247 3296 3297
f 3248 3298 3297
f 3248 3297 3251
f 3251 3296 3299
f 3251 3299 3300
f 3251 3300 3301
f 3251 3301 3302
f 3251 3302 3259
f 3251 3297 3296
f 3252 3260 3303
f 3252 3303 3253
f 3253 3303 3255
f 3254 3255 3304
f 3254 3304 3305
f 3254 3305 3306
f 3254 3306 3307
f 3254 3307 3256
f 3255 3303 3308
f 3255 3308 3304
f 3256 3307 3306
f 3256 3306 3305
f 3256 3305 3309
f 3256 3309 3261
f 3257 3259 3310
f 3257 3310 3258
f 3258 3310 3311
f 3258 3311 3312
f 3258 3312 3313
f 3258 3313 3260
f 3259 3302 3310
f 3260 3313 3303
f 3261 3309 3262
f 3262 3309 3263
f 3263 3309 3314
f 3263 3314 3315
f 3263 3315 3264
f 3265 3316 3317
f 3265 3317 3266
f 3266 3318 3319
f 3266 3319 3267
f 3266 3317 3320
f 3266 3320 3321
f 3266 3321 3318
f 3267 3319 3322
f 3269 3271 3272
f 3270 3323 3273
f 3270 3273 3271
f 3273 3323 3324
f 3273 3324 3325
f 3273 3325 3326
f 3273 3326 3327
f 3273 3327 3274
f 3274 3327 3328
f 3274 3328 3275
f 3275 3328 3329
f 3275 3329 3330
f 3275 3330 3277
f 3275 3277 3276
f 3277 3330 3329
f 3277 3329 3331
f 3277 3331 3278
f 3278 3332 3279
f 3278 3331 3332
f 3279 3332 3280
f 3280 3332 3333
f 3280 3333 3334
f 3280 3334 3281
f 3281 3334 3283
f 3283 3334 3284
f 3284 3334 3335
f 3284 3335 3285
f 3285 3336 3286
f 3285 3335 3337
f 3285 3337 3336
f 3286 3336 3287
f 3287 3336 3338
f 3287 3338 3339
f 3287 3339 3288
f 3288 3339 3289
f 3289 3339 3290
f 3290 3339 3340
f 3290 3340 3341
f 3290 3341 3291
f 3291 3341 3292
f 3292 3342 3293
f 3292 3341 3343
f 3292 3343 3296
f 3292 3296 3342
f 3293 3342 3295
f 3293 3295 3294
f 3295 3342 3296
f 3296 3343 3299
f 3299 3344 3300
f 3299 3343 3344
f 3300 3344 3345
f 3300 3345 3346
f 3300 3346 3301
f 3301 3347 3348
f 3301 3348 3310
f 3301 3310 3302
f 3301 3346 3349
f 3301 3349 3350
f 3301 3350 3351
f 3301 3351 3347
f 3303 3313 3312
f 3303 3312 3352
f 3303 3352 3308
f 3304 3308 3353
f 3304 3353 3354
f 3304 3354 3305
f 3305 3354 3355
f 3305 3355 3309
f 3308 3352 3356
f 3308 3356 3347
f 3308 3347 3357
f 3308 3357 3358
f 3308 3358 3353
f 3309 3359 3360
f 3309 3360 3315
f 3309 3315 3314
f 3309 3355 3361
f 3309 3361 3362
f 3309 3362 3359
f 3310 3348 3363
f 3310 3363 3312
f 3310 3312 3311
f 3312 3363 3356
f 3312 3356 3352
f 3316 3364 3317
f 3317 3364 3365
f 3317 3365 3366
f 3317 3366 3367
f 3317 3367 3368
f 3317 3368 3369
f 3317 3369 3320
f 3318 3370 3319
f 3318 3321 3371
f 3318 3371 3372
f 3318 3372 3370
f 3319 3370 3373
f 3319 3373 3329
f 3319 3329 3326
f 3319 3326 3374
f 3319 3374 3375
f 3319 3375 3322
f 3320 3369 3321
f 3321 3369 3376
f 3321 3376 3371
f 3325 3377 3326
f 3326 3329 3327
f 3326 3377 3374
f 3327 3329 3328
f 3329 3373 3378
f 3329 3378 3379
f 3329 3379 3331
f 3331 3379 3378
f 3331 3378 3380
f 3331 3380 3381
f 3331 3381 3332
f 3332 3382 3333
f 3332 3381 3382
f 3333 3382 3334
f 3334 3382 3337
f 3334 3337 3335
f 3336 3383 3338
f 3336 3337 3383
f 3337 3382 3384
f 3337 3384 3385
f 3337 3385 3383
f 3338 3386 3339
f 3338 3383 3387
f 3338 3387 3386
f 3339 3386 3340
f 3340 3343 3341
f 3340 3386 3343
f 3343 3349 3345
f 3343 3345 3344
f 3343 3386 3388
f 3343 3388 3389
f 3343 3389 3390
f 3343 3390 3391
f 3343 3391 3392
f 3343 3392 3393
f 3343 3393 3350
f 3343 3350 3349
f 3345 3349 3346
f 3347 3356 3363
f 3347 3363 3348
f 3347 3351 3394
f 3347 3394 3357
f 3350 3393 3395
f 3350 3395 3396
f 3350 3396 3398
f 3350 3398 3351
f 3351 3397 3394
f 3351 3398 3399
f 3351 3399 3400
f 3351 3400 3397
f 3353 3358 3354
f 3354 3358 3401
f 3354 3401 3402
f 3354 3402 3403
f 3354 3403 3355
f 3355 3403 3361
f 3357 3394 3404
f 3357 3404 3358
f 3358 3404 3405
f 3358 3405 3406
f 3358 3406 3407
f 3358 3407 3408
f 3358 3408 3409
f 3358 3409 3401
f 3359 3410 3360
f 3359 3362 3411
f 3359 3411 3410
f 3364 3412 3366
f 3364 3366 3365
f 3366 3413 3367
f 3366 3412 3414
f 3366 3414 3413
f 3367 3413 3368
f 3368 3413 3369
f 3369 3413 3415
f 3369 3415 3416
f 3369 3416 3376
f 3370 3372 3417
f 3370 3417 3378
f 3370 3378 3373
f 3371 3376 3418
f 3371 3418 3419
f 3371 3419 3372
f 3372 3419 3417
f 3374 3377 3375
f 3376 3416 3418
f 3378 3417 3420
f 3378 3420 3421
f 3378 3421 3380
f 3380 3421 3422
f 3380 3422 3381
f 3381 3422 3423
f 3381 3423 3424
f 3381 3424 3384
f 3381 3384 3382
f 3383 3385 3425
f 3383 3425 3387
f 3384 3426 3427
f 3384 3427 3428
f 3384 3428 3425
f 3384 3425 3385
f 3384 3424 3429
f 3384 3429 3430
f 3384 3430 3418
f 3384 3418 3431
f 3384 3431 3426
f 3386 3387 3425
f 3386 3425 3389
f 3386 3389 3388
f 3389 3425 3390
f 3390 3425 3432
f 3390 3432 3433
f 3390 3433 3391
f 3391 3433 3392
f 3392 3433 3434
f 3392 3434 3395
f 3392 3395 3393
f 3394 3435 3405
f 3394 3405 3404
f 3394 3397 3436
f 3394 3436 3435
f 3395 3434 3427
f 3395 3427 3437
f 3395 3437 3396
f 3396 3437 3438
f 3396 3438 3398
f 3397 3400 3436
f 3398 3438 3399
f 3399 3438 3400
f 3400 3438 3439
f 3400 3439 3440
f 3400 3440 3436
f 3401 3409 3441
f 3401 3441 3402
f 3405 3435 3442
f 3405 3442 3406
f 3406 3442 3443
f 3406 3443 3407
f 3407 3443 3444
f 3407 3444 3445
f 3407 3445 3408
f 3408 3441 3409
f 3408 3445 3441
f 3412 3446 3447
f 3412 3447 3414
f 3413 3431 3415
f 3413 3414 3448
f 3413 3448 3449
f 3413 3449 3426
f 3413 3426 3431
f 3414 3447 3446
f 3414 3446 3450
f 3414 3450 3451
f 3414 3451 3448
f 3415 3431 3416
f 3416 3431 3418
f 3417 3419 3420
f 3418 3430 3452
f 3418 3452 3420
f 3418 3420 3419
f 3420 3452 3421
f 3421 3452 3453
f 3421 3453 3422
f 3422 3453 3423
f 3423 3453 3424
f 3424 3453 3430
f 3424 3430 3429
f 3425 3428 3433
f 3425 3433 3432
f 3426 3454 3438
f 3426 3438 3437
f 3426 3437 3427
f 3426 3449 3454
f 3427 3434 3433
f 3427 3433 3428
f 3430 3453 3452
f 3435 3436 3442
f 3436 3455 3442
f 3436 3440 3455
f 3438 3454 3456
f 3438 3456 3439
f 3439 3456 3457
f 3439 3457 3458
f 3439 3458 3459
f 3439 3459 3460
f 3439 3460 3461
f 3439 3461 3462
f 3439 3462 3463
f 3439 3463 3455
f 3439 3455 3440
f 3441 3445 3462
f 3442 3455 3443
f 3443 3455 3463
f 3443 3463 3464
f 3443 3464 3445
f 3443 3445 3444
f 3445 3464 3462
f 3448 3451 3457
f 3448 3457 3454
f 3448 3454 3449
f 3450 3459 3451
f 3451 3459 3458
f 3451 3458 3457
f 3454 3457 3456
f 3462 3464 3463
f 3465 3466 3481
f 3465 3481 3516
f 3465 3516 3581
f 3465 3581 3655
f 3465 3655 3744
f 3465 3744 3743
f 3465 3743 3826
f 3465 3826 3905
f 3465 3905 3904
f 3465 3904 3903
f 3465 3903 3902
f 3465 3902 3836
f 3465 3836 3835
f 3465 3835 3755
f 3465 3755 3754
f 3465 3754 3752
f 3465 3752 3661
f 3465 3661 3584
f 3465 3584 3522
f 3465 3522 3486
f 3465 3486 3467
f 3465 3467 3488
f 3465 3488 3525
f 3465 3525 3590
f 3465 3590 3672
f 3465 3672 3671
f 3465 3671 3765
f 3465 3765 3766
f 3465 3766 3673
f 3465 3673 3591
f 3465 3591 3526
f 3465 3526 3489
f 3465 3489 3468
f 3465 3468 3469
f 3465 3469 3470
f 3465 3470 3471
f 3465 3471 3472
f 3465 3472 3473
f 3465 3473 3474
f 3465 3474 3475
f 3465 3475 3476
f 3465 3476 3477
f 3465 3477 3478
f 3465 3478 3479
f 3465 3479 3466
f 3466 3480 3514
f 3466 3514 3573
f 3466 3573 3632
f 3466 3632 3722
f 3466 3722 3807
f 3466 3807 3885
f 3466 3885 3831
f 3466 3831 3750
f 3466 3750 3659
f 3466 3659 3583
f 3466 3583 3517
f 3466 3517 3481
f 3466 3479 3478
f 3466 3478 3477
f 3466 3477 3482
f 3466 3482 3483
f 3466 3483 3484
f 3466 3484 3485
f 3466 3485 3480
f 3467 3486 3487
f 3467 3487 3488
f 3468 3489 3490
f 3468 3490 3491
f 3468 3491 3492
f 3468 3492 3493
f 3468 3493 3494
f 3468 3494 3495
f 3468 3495 3496
f 3468 3496 3497
f 3468 3497 3498
f 3468 3498 3499
f 3468 3499 3500
f 3468 3500 3501
f 3468 3501 3502
f 3468 3502 3503
f 3468 3503 3504
f 3468 3504 3505
f 3468 3505 3506
f 3468 3506 3507
f 3468 3507 3469
f 3469 3507 3508
f 3469 3508 3470
f 3470 3509 3510
f 3470 3510 3511
f 3470 3511 3471
f 3470 3508 3512
f 3470 3512 3509
f 3471 3511 3513
f 3471 3513 3472
f 3472 3513 3473
f 3473 3513 3474
f 3474 3513 3484
f 3474 3484 3475
f 3475 3484 3483
f 3475 3483 3476
f 3476 3483 3477
f 3477 3483 3482
f 3480 3485 3515
f 3480 3515 3514
f 3481 3517 3516
f 3484 3513 3485
f 3485 3513 3511
f 3485 3511 3510
f 3485 3510 3509
f 3485 3509 3512
f 3485 3512 3508
f 3485 3508 3518
f 3485 3518 3519
f 3485 3519 3520
f 3485 3520 3521
f 3485 3521 3515
f 3486 3522 3487
f 3487 3523 3524
f 3487 3524 3488
f 3487 3522 3523
f 3488 3524 3525
f 3489 3526 3527
f 3489 3527 3528
f 3489 3528 3529
f 3489 3529 3530
f 3489 3530 3531
f 3489 3531 3532
f 3489 3532 3533
f 3489 3533 3534
f 3489 3534 3535
f 3489 3535 3536
f 3489 3536 3537
f 3489 3537 3538
f 3489 3538 3539
f 3489 3539 3540
f 3489 3540 3541
f 3489 3541 3542
f 3489 3542 3543
f 3489 3543 3544
f 3489 3544 3545
f 3489 3545 3546
f 3489 3546 3547
f 3489 3547 3548
f 3489 3548 3549
f 3489 3549 3550
f 3489 3550 3551
f 3489 3551 3490
f 3490 3552 3553
f 3490 3553 3554
f 3490 3554 3555
f 3490 3555 3556
f 3490 3556 3491
f 3490 3551 3552
f 3491 3556 3557
f 3491 3557 3558
f 3491 3558 3492
f 3492 3558 3493
f 3493 3558 3494
f 3494 3558 3495
f 3495 3558 3496
f 3496 3558 3559
f 3496 3559 3560
f 3496 3560 3561
f 3496 3561 3497
f 3497 3561 3562
f 3497 3562 3498
f 3498 3562 3563
f 3498 3563 3499
f 3499 3563 3500
f 3500 3563 3564
f 3500 3564 3565
f 3500 3565 3501
f 3501 3565 3502
f 3502 3565 3503
f 3503 3565 3521
f 3503 3521 3504
f 3504 3521 3505
f 3505 3521 3520
f 3505 3520 3519
f 3505 3519 3518
f 3505 3518 3506
f 3506 3518 3507
f 3507 3518 3508
f 3514 3515 3566
f 3514 3566 3567
f 3514 3567 3568
f 3514 3568 3569
f 3514 3569 3570
f 3514 3570 3571
f 3514 3571 3572
f 3514 3572 3573
f 3515 3521 3565
f 3515 3565 3564
f 3515 3564 3563
f 3515 3563 3562
f 3515 3562 3561
f 3515 3561 3560
f 3515 3560 3559
f 3515 3559 3558
f 3515 3558 3557
f 3515 3557 3556
f 3515 3556 3574
f 3515 3574 3575
f 3515 3575 3576
f 3515 3576 3577
f 3515 3577 3578
f 3515 3578 3579
f 3515 3579 3580
f 3515 3580 3566
f 3516 3517 3582
f 3516 3582 3581
f 3517 3583 3656
f 3517 3656 3582
f 3522 3584 3523
f 3523 3584 3585
f 3523 3585 3586
f 3523 3586 3587
f 3523 3587 3524
f 3524 3587 3588
f 3524 3588 3589
f 3524 3589 3525
f 3525 3589 3590
f 3526 3591 3592
f 3526 3592 3593
f 3526 3593 3594
f 3526 3594 3527
f 3527 3594 3528
f 3528 3594 3529
f 3529 3594 3595
f 3529 3595 3596
f 3529 3596 3530
f 3530 3596 3597
f 3530 3597 3531
f 3531 3597 3598
f 3531 3598 3532
f 3532 3598 3599
f 3532 3599 3533
f 3533 3599 3600
f 3533 3600 3534
f 3534 3601 3602
f 3534 3602 3535
f 3534 3600 3601
f 3535 3602 3536
f 3536 3603 3604
f 3536 3604 3537
f 3536 3602 3603
f 3537 3604 3605
f 3537 3605 3538
f 3538 3606 3539
f 3538 3605 3606
f 3539 3606 3607
f 3539 3607 3540
f 3540 3607 3541
f 3541 3605 3608
f 3541 3608 3542
f 3541 3607 3605
f 3542 3608 3543
f 3543 3608 3609
f 3543 3609 3610
f 3543 3610 3544
f 3544 3610 3545
f 3545 3610 3546
f 3546 3611 3547
f 3546 3610 3611
f 3547 3612 3548
f 3547 3611 3612
f 3548 3612 3613
f 3548 3613 3549
f 3549 3613 3614
f 3549 3614 3550
f 3550 3614 3551
f 3551 3615 3552
f 3551 3614 3615
f 3552 3615 3616
f 3552 3616 3553
f 3553 3617 3555
f 3553 3555 3554
f 3553 3616 3618
f 3553 3618 3617
f 3555 3574 3556
f 3555 3617 3619
f 3555 3619 3574
f 3566 3620 3621
f 3566 3621 3622
f 3566 3622 3567
f 3566 3580 3620
f 3567 3622 3623
f 3567 3623 3568
f 3568 3623 3624
f 3568 3624 3569
f 3569 3624 3570
f 3570 3624 3625
f 3570 3625 3626
f 3570 3626 3627
f 3570 3627 3571
f 3571 3627 3572
f 3572 3628 3629
f 3572 3629 3630
f 3572 3630 3573
f 3572 3627 3628
f 3573 3631 3632
f 3573 3630 3633
f 3573 3633 3634
f 3573 3634 3635
f 3573 3635 3636
f 3573 3636 3637
f 3573 3637 3638
f 3573 3638 3639
f 3573 3639 3640
f 3573 3640 3641
f 3573 3641 3642
f 3573 3642 3631
f 3574 3619 3643
f 3574 3643 3575
f 3575 3643 3576
f 3576 3643 3644
f 3576 3644 3577
f 3577 3644 3645
f 3577 3645 3646
f 3577 3646 3578
f 3578 3646 3647
f 3578 3647 3579
f 3579 3647 3648
f 3579 3648 3580
f 3580 3649 3650
f 3580 3650 3651
f 3580 3651 3620
f 3580 3648 3649
f 3581 3582 3652
f 3581 3652 3653
f 3581 3653 3654
f 3581 3654 3655
f 3582 3656 3657
f 3582 3657 3658
f 3582 3658 3652
f 3583 3659 3660
f 3583 3660 3656
f 3584 3661 3585
f 3585 3662 3663
f 3585 3663 3664
f 3585 3664 3665
f 3585 3665 3586
f 3585 3661 3662
f 3586 3665 3664
f 3586 3664 3666
f 3586 3666 3667
f 3586 3667 3587
f 3587 3667 3588
f 3588 3667 3668
f 3588 3668 3669
f 3588 3669 3589
f 3589 3669 3670
f 3589 3670 3671
f 3589 3671 3672
f 3589 3672 3590
f 3591 3673 3674
f 3591 3674 3675
f 3591 3675 3676
f 3591 3676 3677
f 3591 3677 3592
f 3592 3677 3678
f 3592 3678 3679
f 3592 3679 3680
f 3592 3680 3593
f 3593 3680 3681
f 3593 3681 3682
f 3593 3682 3683
f 3593 3683 3596
f 3593 3596 3595
f 3593 3595 3684
f 3593 3684 3594
f 3594 3684 3595
f 3596 3683 3597
f 3597 3683 3598
f 3598 3683 3685
f 3598 3685 3686
f 3598 3686 3687
f 3598 3687 3599
f 3599 3687 3600
f 3600 3687 3601
f 3601 3687 3602
f 3602 3688 3689
f 3602 3689 3603
f 3602 3687 3688
f 3603 3689 3604
f 3604 3689 3690
f 3604 3690 3691
f 3604 3691 3692
f 3604 3692 3605
f 3605 3607 3606
f 3605 3692 3693
f 3605 3693 3694
f 3605 3694 3695
f 3605 3695 3696
f 3605 3696 3697
f 3605 3697 3608
f 3608 3697 3609
f 3609 3697 3698
f 3609 3698 3699
f 3609 3699 3700
f 3609 3700 3611
f 3609 3611 3610
f 3611 3700 3701
f 3611 3701 3612
f 3612 3701 3613
f 3613 3702 3703
f 3613 3703 3614
f 3613 3701 3702
f 3614 3703 3704
f 3614 3704 3615
f 3615 3704 3616
f 3616 3704 3703
f 3616 3703 3705
f 3616 3705 3618
f 3617 3618 3706
f 3617 3706 3619
f 3618 3705 3703
f 3618 3703 3707
f 3618 3707 3708
f 3618 3708 3706
f 3619 3706 3643
f 3620 3651 3621
f 3621 3709 3625
f 3621 3625 3622
f 3621 3651 3710
f 3621 3710 3709
f 3622 3625 3623
f 3623 3625 3624
f 3625 3711 3712
f 3625 3712 3626
f 3625 3709 3711
f 3626 3712 3713
f 3626 3713 3714
f 3626 3714 3627
f 3627 3714 3715
f 3627 3715 3628
f 3628 3716 3717
f 3628 3717 3718
f 3628 3718 3629
f 3628 3715 3714
f 3628 3714 3713
f 3628 3713 3716
f 3629 3718 3719
f 3629 3719 3633
f 3629 3633 3630
f 3631 3720 3721
f 3631 3721 3722
f 3631 3722 3632
f 3631 3642 3720
f 3633 3719 3634
f 3634 3719 3723
f 3634 3723 3724
f 3634 3724 3635
f 3635 3724 3636
f 3636 3724 3725
f 3636 3725 3637
f 3637 3725 3726
f 3637 3726 3727
f 3637 3727 3638
f 3638 3727 3728
f 3638 3728 3639
f 3639 3728 3640
f 3640 3728 3729
f 3640 3729 3730
f 3640 3730 3731
f 3640 3731 3720
f 3640 3720 3642
f 3640 3642 3641
f 3643 3706 3644
f 3644 3708 3707
f 3644 3707 3732
f 3644 3732 3645
f 3644 3706 3708
f 3645 3732 3733
f 3645 3733 3707
f 3645 3707 3734
f 3645 3734 3735
f 3645 3735 3736
f 3645 3736 3646
f 3646 3736 3647
f 3647 3736 3648
f 3648 3736 3737
f 3648 3737 3649
f 3649 3738 3739
f 3649 3739 3650
f 3649 3737 3738
f 3650 3739 3740
f 3650 3740 3711
f 3650 3711 3709
f 3650 3709 3710
f 3650 3710 3651
f 3652 3658 3653
f 3653 3658 3654
f 3654 3658 3741
f 3654 3741 3742
f 3654 3742 3743
f 3654 3743 3744
f 3654 3744 3655
f 3656 3660 3657
f 3657 3660 3658
f 3658 3660 3745
f 3658 3745 3746
f 3658 3746 3747
f 3658 3747 3748
f 3658 3748 3749
f 3658 3749 3741
f 3659 3750 3751
f 3659 3751 3660
f 3660 3751 3745
f 3661 3752 3662
f 3662 3753 3663
f 3662 3752 3754
f 3662 3754 3755
f 3662 3755 3756
f 3662 3756 3753
f 3663 3753 3757
f 3663 3757 3664
f 3664 3757 3758
f 3664 3758 3759
f 3664 3759 3666
f 3666 3759 3760
f 3666 3760 3761
f 3666 3761 3667
f 3667 3761 3762
f 3667 3762 3763
f 3667 3763 3668
f 3668 3763 3675
f 3668 3675 3674
f 3668 3674 3764
f 3668 3764 3669
f 3669 3764 3670
f 3670 3764 3765
f 3670 3765 3671
f 3673 3766 3674
f 3674 3766 3765
f 3674 3765 3764
f 3675 3763 3767
f 3675 3767 3676
f 3676 3767 3677
f 3677 3767 3768
f 3677 3768 3678
f 3678 3768 3767
f 3678 3767 3769
f 3678 3769 3770
f 3678 3770 3679
f 3679 3771 3680
f 3679 3770 3771
f 3680 3771 3772
f 3680 3772 3681
f 3681 3772 3682
f 3682 3772 3773
f 3682 3773 3683
f 3683 3773 3774
f 3683 3774 3775
f 3683 3775 3686
f 3683 3686 3685
f 3686 3776 3777
f 3686 3777 3778
f 3686 3778 3779
f 3686 3779 3687
f 3686 3775 3780
f 3686 3780 3781
f 3686 3781 3776
f 3687 3778 3782
f 3687 3782 3783
f 3687 3783 3689
f 3687 3689 3688
f 3687 3779 3778
f 3689 3783 3690
f 3690 3693 3691
f 3690 3783 3693
f 3691 3693 3692
f 3693 3784 3694
f 3693 3783 3784
f 3694 3784 3785
f 3694 3785 3695
f 3695 3786 3696
f 3695 3785 3787
f 3695 3787 3786
f 3696 3786 3697
f 3697 3786 3698
f 3698 3788 3789
f 3698 3789 3790
f 3698 3790 3699
f 3698 3786 3791
f 3698 3791 3788
f 3699 3790 3700
f 3700 3790 3701
f 3701 3792 3702
f 3701 3790 3792
f 3702 3792 3703
f 3703 3792 3793
f 3703 3793 3707
f 3707 3793 3794
f 3707 3794 3795
f 3707 3795 3735
f 3707 3735 3734
f 3707 3733 3732
f 3711 3740 3796
f 3711 3796 3712
f 3712 3796 3797
f 3712 3797 3798
f 3712 3798 3799
f 3712 3799 3713
f 3713 3799 3800
f 3713 3800 3716
f 3716 3801 3717
f 3716 3800 3801
f 3717 3801 3802
f 3717 3802 3718
f 3718 3802 3719
f 3719 3802 3803
f 3719 3803 3804
f 3719 3804 3723
f 3720 3805 3806
f 3720 3806 3807
f 3720 3807 3721
f 3720 3731 3808
f 3720 3808 3805
f 3721 3807 3722
f 3723 3804 3726
f 3723 3726 3724
f 3724 3726 3725
f 3726 3804 3809
f 3726 3809 3810
f 3726 3810 3727
f 3727 3810 3728
f 3728 3810 3811
f 3728 3811 3729
f 3729 3811 3809
f 3729 3809 3812
f 3729 3812 3813
f 3729 3813 3808
f 3729 3808 3730
f 3730 3808 3731
f 3735 3795 3736
f 3736 3795 3814
f 3736 3814 3815
f 3736 3815 3737
f 3737 3815 3816
f 3737 3816 3738
f 3738 3816 3739
f 3739 3816 3817
f 3739 3817 3818
f 3739 3818 3819
f 3739 3819 3797
f 3739 3797 3796
f 3739 3796 3740
f 3741 3749 3820
f 3741 3820 3821
f 3741 3821 3822
f 3741 3822 3823
f 3741 3823 3742
f 3742 3823 3824
f 3742 3824 3825
f 3742 3825 3826
f 3742 3826 3743
f 3745 3751 3746
f 3746 3751 3827
f 3746 3827 3828
f 3746 3828 3748
f 3746 3748 3747
f 3748 3828 3829
f 3748 3829 3830
f 3748 3830 3749
f 3749 3830 3820
f 3750 3831 3751
f 3751 3831 3805
f 3751 3805 3832
f 3751 3832 3827
f 3753 3833 3757
f 3753 3756 3834
f 3753 3834 3833
f 3755 3835 3756
f 3756 3835 3836
f 3756 3836 3834
f 3757 3833 3837
f 3757 3837 3758
f 3758 3837 3838
f 3758 3838 3839
f 3758 3839 3840
f 3758 3840 3841
f 3758 3841 3842
f 3758 3842 3843
f 3758 3843 3844
f 3758 3844 3759
f 3759 3844 3845
f 3759 3845 3760
f 3760 3845 3846
f 3760 3846 3847
f 3760 3847 3763
f 3760 3763 3762
f 3760 3762 3761
f 3763 3847 3848
f 3763 3848 3767
f 3767 3848 3849
f 3767 3849 3850
f 3767 3850 3769
f 3769 3850 3851
f 3769 3851 3852
f 3769 3852 3770
f 3770 3852 3853
f 3770 3853 3854
f 3770 3854 3855
f 3770 3855 3856
f 3770 3856 3857
f 3770 3857 3858
f 3770 3858 3771
f 3771 3858 3774
f 3771 3774 3773
f 3771 3773 3772
f 3774 3858 3775
f 3775 3858 3857
f 3775 3857 3856
f 3775 3856 3781
f 3775 3781 3780
f 3776 3781 3859
f 3776 3859 3777
f 3777 3859 3781
f 3777 3781 3860
f 3777 3860 3861
f 3777 3861 3778
f 3778 3861 3782
f 3781 3856 3855
f 3781 3855 3862
f 3781 3862 3860
f 3782 3861 3783
f 3783 3861 3863
f 3783 3863 3864
f 3783 3864 3787
f 3783 3787 3784
f 3784 3787 3785
f 3786 3787 3865
f 3786 3865 3791
f 3787 3864 3866
f 3787 3866 3867
f 3787 3867 3791
f 3787 3791 3865
f 3788 3791 3868
f 3788 3868 3789
f 3789 3869 3870
f 3789 3870 3871
f 3789 3871 3790
f 3789 3868 3869
f 3790 3871 3792
f 3791 3867 3866
f 3791 3866 3872
f 3791 3872 3868
f 3792 3871 3870
f 3792 3870 3795
f 3792 3795 3794
f 3792 3794 3793
f 3795 3870 3869
f 3795 3869 3873
f 3795 3873 3814
f 3797 3819 3798
f 3798 3874 3875
f 3798 3875 3800
f 3798 3800 3799
f 3798 3819 3874
f 3800 3875 3801
f 3801 3876 3877
f 3801 3877 3802
f 3801 3875 3876
f 3802 3877 3878
f 3802 3878 3803
f 3803 3878 3804
f 3804 3878 3809
f 3805 3879 3880
f 3805 3880 3881
f 3805 3881 3882
f 3805 3882 3832
f 3805 3831 3806
f 3805 3808 3883
f 3805 3883 3884
f 3805 3884 3879
f 3806 3831 3885
f 3806 3885 3807
f 3808 3813 3878
f 3808 3878 3883
f 3809 3878 3812
f 3809 3811 3810
f 3812 3878 3813
f 3814 3886 3815
f 3814 3873 3887
f 3814 3887 3888
f 3814 3888 3889
f 3814 3889 3886
f 3815 3886 3889
f 3815 3889 3890
f 3815 3890 3891
f 3815 3891 3816
f 3816 3891 3892
f 3816 3892 3893
f 3816 3893 3817
f 3817 3893 3894
f 3817 3894 3818
f 3818 3894 3893
f 3818 3893 3895
f 3818 3895 3819
f 3819 3895 3896
f 3819 3896 3897
f 3819 3897 3874
f 3820 3830 3898
f 3820 3898 3899
f 3820 3899 3821
f 3821 3899 3822
f 3822 3899 3900
f 3822 3900 3901
f 3822 3901 3823
f 3823 3901 3824
f 3824 3901 3834
f 3824 3834 3902
f 3824 3902 3903
f 3824 3903 3825
f 3825 3903 3904
f 3825 3904 3905
f 3825 3905 3826
f 3827 3832 3906
f 3827 3906 3829
f 3827 3829 3828
f 3829 3906 3882
f 3829 3882 3907
f 3829 3907 3830
f 3830 3907 3908
f 3830 3908 3909
f 3830 3909 3910
f 3830 3910 3898
f 3832 3882 3906
f 3833 3901 3837
f 3833 3834 3901
f 3834 3836 3902
f 3837 3901 3900
f 3837 3900 3911
f 3837 3911 3838
f 3838 3911 3839
f 3839 3898 3912
f 3839 3912 3842
f 3839 3842 3841
f 3839 3841 3840
f 3839 3911 3898
f 3842 3912 3843
f 3843 3912 3913
f 3843 3913 3844
f 3844 3913 3914
f 3844 3914 3846
f 3844 3846 3845
f 3846 3914 3847
f 3847 3914 3848
f 3848 3914 3915
f 3848 3915 3916
f 3848 3916 3851
f 3848 3851 3849
f 3849 3851 3850
f 3851 3916 3917
f 3851 3917 3853
f 3851 3853 3852
f 3853 3918 3919
f 3853 3919 3855
f 3853 3855 3854
f 3853 3917 3913
f 3853 3913 3920
f 3853 3920 3918
f 3855 3919 3921
f 3855 3921 3922
f 3855 3922 3862
f 3860 3922 3923
f 3860 3923 3861
f 3860 3862 3922
f 3861 3923 3863
f 3863 3923 3924
f 3863 3924 3925
f 3863 3925 3864
f 3864 3925 3926
f 3864 3926 3866
f 3866 3926 3925
f 3866 3925 3927
f 3866 3927 3921
f 3866 3921 3928
f 3866 3928 3929
f 3866 3929 3930
f 3866 3930 3931
f 3866 3931 3932
f 3866 3932 3933
f 3866 3933 3934
f 3866 3934 3872
f 3868 3935 3936
f 3868 3936 3937
f 3868 3937 3938
f 3868 3938 3939
f 3868 3939 3887
f 3868 3887 3873
f 3868 3873 3869
f 3868 3872 3940
f 3868 3940 3935
f 3872 3934 3941
f 3872 3941 3942
f 3872 3942 3940
f 3874 3897 3943
f 3874 3943 3875
f 3875 3943 3876
f 3876 3943 3944
f 3876 3944 3945
f 3876 3945 3877
f 3877 3945 3878
f 3878 3946 3884
f 3878 3884 3947
f 3878 3947 3883
f 3878 3945 3944
f 3878 3944 3948
f 3878 3948 3949
f 3878 3949 3950
f 3878 3950 3946
f 3879 3884 3951
f 3879 3951 3952
f 3879 3952 3953
f 3879 3953 3909
f 3879 3909 3908
f 3879 3908 3880
f 3880 3908 3881
f 3881 3908 3882
f 3882 3908 3907
f 3883 3947 3884
f 3884 3946 3951
f 3887 3939 3954
f 3887 3954 3888
f 3888 3954 3889
f 3889 3954 3890
f 3890 3954 3891
f 3891 3955 3892
f 3891 3954 3939
f 3891 3939 3938
f 3891 3938 3937
f 3891 3937 3956
f 3891 3956 3957
f 3891 3957 3942
f 3891 3942 3941
f 3891 3941 3958
f 3891 3958 3959
f 3891 3959 3960
f 3891 3960 3961
f 3891 3961 3962
f 3891 3962 3963
f 3891 3963 3955
f 3892 3955 3963
f 3892 3963 3964
f 3892 3964 3893
f 3893 3964 3965
f 3893 3965 3966
f 3893 3966 3967
f 3893 3967 3968
f 3893 3968 3895
f 3895 3968 3896
f 3896 3968 3969
f 3896 3969 3970
f 3896 3970 3971
f 3896 3971 3943
f 3896 3943 3897
f 3898 3911 3899
f 3898 3910 3972
f 3898 3972 3912
f 3899 3911 3900
f 3909 3953 3952
f 3909 3952 3973
f 3909 3973 3974
f 3909 3974 3910
f 3910 3974 3969
f 3910 3969 3972
f 3912 3972 3969
f 3912 3969 3960
f 3912 3960 3975
f 3912 3975 3913
f 3913 3917 3914
f 3913 3975 3920
f 3914 3917 3915
f 3915 3917 3916
f 3918 3920 3976
f 3918 3976 3919
f 3919 3976 3921
f 3920 3959 3977
f 3920 3977 3931
f 3920 3931 3930
f 3920 3930 3929
f 3920 3929 3978
f 3920 3978 3979
f 3920 3979 3976
f 3920 3975 3960
f 3920 3960 3959
f 3921 3976 3979
f 3921 3979 3928
f 3921 3927 3925
f 3921 3925 3924
f 3921 3924 3923
f 3921 3923 3922
f 3928 3979 3929
f 3929 3979 3978
f 3931 3977 3932
f 3932 3934 3933
f 3932 3977 3980
f 3932 3980 3934
f 3934 3980 3958
f 3934 3958 3941
f 3935 3957 3956
f 3935 3956 3981
f 3935 3981 3936
f 3935 3940 3942
f 3935 3942 3957
f 3936 3981 3937
f 3937 3981 3956
f 3943 3971 3944
f 3944 3970 3948
f 3944 3971 3970
f 3946 3969 3974
f 3946 3974 3973
f 3946 3973 3951
f 3946 3950 3970
f 3946 3970 3969
f 3948 3970 3950
f 3948 3950 3949
f 3951 3973 3952
f 3958 3980 3977
f 3958 3977 3959
f 3960 3969 3982
f 3960 3982 3961
f 3961 3982 3962
f 3962 3982 3963
f 3963 3983 3965
f 3963 3965 3964
f 3963 3982 3969
f 3963 3969 3983
f 3965 3983 3966
f 3966 3983 3967
f 3967 3983 3968
f 3968 3983 3984
f 3968 3984 3969
f 3969 3984 3983
f 3985 3986 3989
f 3985 3989 3994
f 3985 3994 4002
f 3985 4002 4013
f 3985 4013 4018
f 3985 4018 4017
f 3985 4017 4035
f 3985 4035 4061
f 3985 4061 4099
f 3985 4099 4143
f 3985 4143 4158
f 3985 4158 4155
f 3985 4155 4114
f 3985 4114 4072
f 3985 4072 4044
f 3985 4044 4043
f 3985 4043 4024
f 3985 4024 4023
f 3985 4023 4008
f 3985 4008 3997
f 3985 3997 3991
f 3985 3991 3987
f 3985 3987 3992
f 3985 3992 3999
f 3985 3999 4010
f 3985 4010 4028
f 3985 4028 4050
f 3985 4050 4077
f 3985 4077 4126
f 3985 4126 4167
f 3985 4167 4200
f 3985 4200 4199
f 3985 4199 4224
f 3985 4224 4230
f 3985 4230 4231
f 3985 4231 4225
f 3985 4225 4201
f 3985 4201 4169
f 3985 4169 4168
f 3985 4168 4127
f 3985 4127 4078
f 3985 4078 4055
f 3985 4055 4031
f 3985 4031 4012
f 3985 4012 4001
f 3985 4001 3993
f 3985 3993 3988
f 3985 3988 3986
f 3986 3988 3990
f 3986 3990 3996
f 3986 3996 4007
f 3986 4007 4022
f 3986 4022 4042
f 3986 4042 4069
f 3986 4069 4071
f 3986 4071 4113
f 3986 4113 4153
f 3986 4153 4154
f 3986 4154 4194
f 3986 4194 4204
f 3986 4204 4176
f 3986 4176 4175
f 3986 4175 4174
f 3986 4174 4173
f 3986 4173 4172
f 3986 4172 4131
f 3986 4131 4089
f 3986 4089 4056
f 3986 4056 4032
f 3986 4032 4014
f 3986 4014 4004
f 3986 4004 3995
f 3986 3995 3989
f 3987 3991 3992
f 3988 3993 4000
f 3988 4000 4011
f 3988 4011 4029
f 3988 4029 4054
f 3988 4054 4086
f 3988 4086 4062
f 3988 4062 4037
f 3988 4037 4036
f 3988 4036 4019
f 3988 4019 4005
f 3988 4005 3996
f 3988 3996 3990
f 3989 3995 3994
f 3991 3997 3998
f 3991 3998 3992
f 3992 3998 3999
f 3993 4001 4000
f 3994 3995 4002
f 3995 4003 4002
f 3995 4004 4003
f 3996 4005 4006
f 3996 4006 4007
f 3997 4008 3998
f 3998 4009 4010
f 3998 4010 3999
f 3998 4008 4009
f 4000 4001 4011
f 4001 4012 4011
f 4002 4003 4013
f 4003 4004 4013
f 4004 4014 4015
f 4004 4015 4016
f 4004 4016 4017
f 4004 4017 4018
f 4004 4018 4013
f 4005 4019 4006
f 4006 4019 4020
f 4006 4020 4021
f 4006 4021 4007
f 4007 4021 4022
f 4008 4023 4009
f 4009 4023 4024
f 4009 4024 4025
f 4009 4025 4026
f 4009 4026 4027
f 4009 4027 4010
f 4010 4027 4028
f 4011 4012 4030
f 4011 4030 4029
f 4012 4031 4030
f 4014 4032 4015
f 4015 4033 4016
f 4015 4032 4033
f 4016 4033 4034
f 4016 4034 4017
f 4017 4034 4035
f 4019 4036 4020
f 4020 4036 4037
f 4020 4037 4038
f 4020 4038 4039
f 4020 4039 4021
f 4021 4039 4040
f 4021 4040 4041
f 4021 4041 4022
f 4022 4041 4042
f 4024 4043 4025
f 4025 4043 4044
f 4025 4044 4045
f 4025 4045 4046
f 4025 4046 4047
f 4025 4047 4026
f 4026 4047 4048
f 4026 4048 4049
f 4026 4049 4050
f 4026 4050 4028
f 4026 4028 4027
f 4029 4030 4051
f 4029 4051 4052
f 4029 4052 4053
f 4029 4053 4054
f 4030 4031 4051
f 4031 4055 4051
f 4032 4056 4057
f 4032 4057 4058
f 4032 4058 4033
f 4033 4059 4034
f 4033 4058 4060
f 4033 4060 4059
f 4034 4061 4035
f 4034 4059 4061
f 4037 4062 4063
f 4037 4063 4038
f 4038 4063 4064
f 4038 4064 4039
f 4039 4064 4065
f 4039 4065 4066
f 4039 4066 4067
f 4039 4067 4040
f 4040 4067 4068
f 4040 4068 4041
f 4041 4069 4042
f 4041 4068 4070
f 4041 4070 4071
f 4041 4071 4069
f 4044 4072 4045
f 4045 4072 4073
f 4045 4073 4046
f 4046 4073 4074
f 4046 4074 4047
f 4047 4074 4075
f 4047 4075 4048
f 4048 4075 4076
f 4048 4076 4077
f 4048 4077 4049
f 4049 4077 4050
f 4051 4055 4052
f 4052 4055 4078
f 4052 4078 4079
f 4052 4079 4080
f 4052 4080 4081
f 4052 4081 4082
f 4052 4082 4053
f 4053 4083 4054
f 4053 4082 4084
f 4053 4084 4085
f 4053 4085 4083
f 4054 4083 4087
f 4054 4087 4088
f 4054 4088 4086
f 4056 4089 4090
f 4056 4090 4091
f 4056 4091 4092
f 4056 4092 4057
f 4057 4092 4093
f 4057 4093 4058
f 4058 4094 4095
f 4058 4095 4060
f 4058 4093 4096
f 4058 4096 4094
f 4059 4060 4095
f 4059 4095 4097
f 4059 4097 4098
f 4059 4098 4099
f 4059 4099 4061
f 4062 4086 4100
f 4062 4100 4063
f 4063 4100 4101
f 4063 4101 4102
f 4063 4102 4065
f 4063 4065 4064
f 4065 4102 4103
f 4065 4103 4066
f 4066 4104 4105
f 4066 4105 4106
f 4066 4106 4067
f 4066 4103 4107
f 4066 4107 4104
f 4067 4108 4068
f 4067 4106 4108
f 4068 4108 4109
f 4068 4109 4110
f 4068 4110 4070
f 4070 4110 4109
f 4070 4109 4111
f 4070 4111 4112
f 4070 4112 4071
f 4071 4112 4113
f 4072 4114 4115
f 4072 4115 4116
f 4072 4116 4073
f 4073 4116 4117
f 4073 4117 4118
f 4073 4118 4119
f 4073 4119 4120
f 4073 4120 4074
f 4074 4120 4121
f 4074 4121 4122
f 4074 4122 4123
f 4074 4123 4075
f 4075 4123 4124
f 4075 4124 4076
f 4076 4124 4125
f 4076 4125 4077
f 4077 4125 4126
f 4078 4127 4079
f 4079 4127 4128
f 4079 4128 4080
f 4080 4128 4129
f 4080 4129 4130
f 4080 4130 4081
f 4081 4084 4082
f 4081 4130 4084
f 4083 4085 4087
f 4084 4130 4100
f 4084 4100 4087
f 4084 4087 4085
f 4086 4088 4087
f 4086 4087 4100
f 4089 4131 4132
f 4089 4132 4090
f 4090 4132 4133
f 4090 4133 4134
f 4090 4134 4135
f 4090 4135 4136
f 4090 4136 4091
f 4091 4136 4137
f 4091 4137 4138
f 4091 4138 4139
f 4091 4139 4096
f 4091 4096 4093
f 4091 4093 4092
f 4094 4140 4097
f 4094 4097 4095
f 4094 4096 4140
f 4096 4139 4141
f 4096 4141 4140
f 4097 4142 4143
f 4097 4143 4099
f 4097 4099 4098
f 4097 4140 4141
f 4097 4141 4144
f 4097 4144 4142
f 4100 4130 4101
f 4101 4130 4145
f 4101 4145 4146
f 4101 4146 4104
f 4101 4104 4107
f 4101 4107 4103
f 4101 4103 4102
f 4104 4146 4105
f 4105 4146 4147
f 4105 4147 4106
f 4106 4147 4109
f 4106 4109 4108
f 4109 4147 4148
f 4109 4148 4149
f 4109 4149 4111
f 4111 4149 4150
f 4111 4150 4151
f 4111 4151 4152
f 4111 4152 4112
f 4112 4153 4113
f 4112 4152 4154
f 4112 4154 4153
f 4114 4155 4115
f 4115 4155 4156
f 4115 4156 4117
f 4115 4117 4116
f 4117 4142 4157
f 4117 4157 4118
f 4117 4156 4158
f 4117 4158 4143
f 4117 4143 4142
f 4118 4157 4119
f 4119 4159 4160
f 4119 4160 4161
f 4119 4161 4121
f 4119 4121 4120
f 4119 4157 4159
f 4121 4161 4162
f 4121 4162 4163
f 4121 4163 4122
f 4122 4163 4125
f 4122 4125 4123
f 4123 4125 4124
f 4125 4163 4164
f 4125 4164 4165
f 4125 4165 4166
f 4125 4166 4126
f 4126 4166 4167
f 4127 4168 4128
f 4128 4168 4169
f 4128 4169 4170
f 4128 4170 4129
f 4129 4171 4145
f 4129 4145 4130
f 4129 4170 4171
f 4131 4172 4132
f 4132 4172 4173
f 4132 4173 4133
f 4133 4173 4174
f 4133 4174 4134
f 4134 4175 4176
f 4134 4176 4136
f 4134 4136 4135
f 4134 4174 4175
f 4136 4176 4177
f 4136 4177 4178
f 4136 4178 4179
f 4136 4179 4180
f 4136 4180 4137
f 4137 4180 4138
f 4138 4180 4181
f 4138 4181 4182
f 4138 4182 4141
f 4138 4141 4139
f 4141 4159 4144
f 4141 4182 4159
f 4142 4144 4157
f 4144 4159 4157
f 4145 4147 4146
f 4145 4171 4183
f 4145 4183 4184
f 4145 4184 4185
f 4145 4185 4186
f 4145 4186 4187
f 4145 4187 4147
f 4147 4187 4188
f 4147 4188 4186
f 4147 4186 4189
f 4147 4189 4190
f 4147 4190 4191
f 4147 4191 4192
f 4147 4192 4148
f 4148 4192 4149
f 4149 4192 4150
f 4150 4192 4151
f 4151 4192 4193
f 4151 4193 4152
f 4152 4193 4194
f 4152 4194 4154
f 4155 4158 4156
f 4159 4182 4160
f 4160 4182 4162
f 4160 4162 4161
f 4162 4182 4181
f 4162 4181 4163
f 4163 4181 4164
f 4164 4181 4195
f 4164 4195 4196
f 4164 4196 4165
f 4165 4196 4197
f 4165 4197 4198
f 4165 4198 4166
f 4166 4198 4199
f 4166 4199 4200
f 4166 4200 4167
f 4169 4201 4170
f 4170 4183 4171
f 4170 4201 4202
f 4170 4202 4203
f 4170 4203 4183
f 4176 4204 4205
f 4176 4205 4177
f 4177 4205 4206
f 4177 4206 4178
f 4178 4206 4207
f 4178 4207 4208
f 4178 4208 4209
f 4178 4209 4179
f 4179 4209 4180
f 4180 4210 4181
f 4180 4209 4211
f 4180 4211 4210
f 4181 4210 4195
f 4183 4203 4212
f 4183 4212 4184
f 4184 4212 4185
f 4185 4213 4186
f 4185 4212 4203
f 4185 4203 4202
f 4185 4202 4214
f 4185 4214 4215
f 4185 4215 4209
f 4185 4209 4213
f 4186 4188 4187
f 4186 4213 4189
f 4189 4213 4190
f 4190 4213 4209
f 4190 4209 4208
f 4190 4208 4207
f 4190 4207 4216
f 4190 4216 4191
f 4191 4216 4217
f 4191 4217 4218
f 4191 4218 4219
f 4191 4219 4192
f 4192 4219 4193
f 4193 4219 4218
f 4193 4218 4220
f 4193 4220 4194
f 4194 4220 4204
f 4195 4210 4197
f 4195 4197 4196
f 4197 4221 4198
f 4197 4210 4211
f 4197 4211 4222
f 4197 4222 4221
f 4198 4221 4223
f 4198 4223 4224
f 4198 4224 4199
f 4201 4225 4202
f 4202 4225 4226
f 4202 4226 4214
f 4204 4220 4227
f 4204 4227 4205
f 4205 4227 4206
f 4206 4227 4218
f 4206 4218 4217
f 4206 4217 4207
f 4207 4217 4216
f 4209 4215 4211
f 4211 4215 4228
f 4211 4228 4222
f 4214 4226 4228
f 4214 4228 4215
f 4218 4227 4220
f 4221 4222 4229
f 4221 4229 4226
f 4221 4226 4223
f 4222 4228 4229
f 4223 4230 4224
f 4223 4226 4230
f 4225 4231 4226
f 4226 4231 4230
f 4226 4229 4228
f 4232 4233 4234
f 4232 4234 4235
f 4232 4235 4236
f 4232 4236 4245
f 4232 4245 4259
f 4232 4259 4282
f 4232 4282 4281
f 4232 4281 4313
f 4232 4313 4314
f 4232 4314 4353
f 4232 4353 4397
f 4232 4397 4447
f 4232 4447 4501
f 4232 4501 4492
f 4232 4492 4551
f 4232 4551 4607
f 4232 4607 4683
f 4232 4683 4752
f 4232 4752 4814
f 4232 4814 4876
f 4232 4876 4946
f 4232 4946 4945
f 4232 4945 5013
f 4232 5013 5012
f 4232 5012 5074
f 4232 5074 5125
f 4232 5125 5124
f 4232 5124 5190
f 4232 5190 5242
f 4232 5242 5301
f 4232 5301 5358
f 4232 5358 5317
f 4232 5317 5253
f 4232 5253 5252
f 4232 5252 5204
f 4232 5204 5141
f 4232 5141 5083
f 4232 5083 5030
f 4232 5030 4961
f 4232 4961 5029
f 4232 5029 4959
f 4232 4959 4898
f 4232 4898 4828
f 4232 4828 4769
f 4232 4769 4768
f 4232 4768 4767
f 4232 4767 4702
f 4232 4702 4701
f 4232 4701 4699
f 4232 4699 4623
f 4232 4623 4622
f 4232 4622 4567
f 4232 4567 4512
f 4232 4512 4566
f 4232 4566 4510
f 4232 4510 4509
f 4232 4509 4502
f 4232 4502 4450
f 4232 4450 4399
f 4232 4399 4354
f 4232 4354 4320
f 4232 4320 4319
f 4232 4319 4318
f 4232 4318 4317
f 4232 4317 4316
f 4232 4316 4323
f 4232 4323 4315
f 4232 4315 4284
f 4232 4284 4283
f 4232 4283 4260
f 4232 4260 4247
f 4232 4247 4246
f 4232 4246 4237
f 4232 4237 4233
f 4233 4237 4238
f 4233 4238 4234
f 4234 4238 4239
f 4234 4239 4240
f 4234 4240 4241
f 4234 4241 4242
f 4234 4242 4235
f 4235 4242 4243
f 4235 4243 4244
f 4235 4244 4236
f 4236 4244 4245
f 4237 4246 4238
f 4238 4246 4247
f 4238 4247 4248
f 4238 4248 4249
f 4238 4249 4250
f 4238 4250 4251
f 4238 4251 4252
f 4238 4252 4239
f 4239 4252 4253
f 4239 4253 4240
f 4240 4253 4254
f 4240 4254 4241
f 4241 4254 4242
f 4242 4254 4243
f 4243 4254 4255
f 4243 4255 4256
f 4243 4256 4257
f 4243 4257 4258
f 4243 4258 4244
f 4244 4258 4259
f 4244 4259 4245
f 4247 4260 4248
f 4248 4260 4261
f 4248 4261 4249
f 4249 4261 4262
f 4249 4262 4263
f 4249 4263 4250
f 4250 4264 4265
f 4250 4265 4266
f 4250 4266 4251
f 4250 4263 4267
f 4250 4267 4268
f 4250 4268 4269
f 4250 4269 4264
f 4251 4266 4270
f 4251 4270 4271
f 4251 4271 4252
f 4252 4271 4272
f 4252 4272 4304
f 4252 4304 4273
f 4252 4273 4253
f 4253 4274 4254
f 4253 4273 4274
f 4254 4275 4276
f 4254 4276 4255
f 4254 4274 4304
f 4254 4304 4275
f 4255 4276 4256
f 4256 4276 4277
f 4256 4277 4278
f 4256 4278 4279
f 4256 4279 4257
f 4257 4279 4280
f 4257 4280 4258
f 4258 4280 4281
f 4258 4281 4282
f 4258 4282 4259
f 4260 4283 4261
f 4261 4283 4284
f 4261 4284 4285
f 4261 4285 4262
f 4262 4285 4286
f 4262 4286 4287
f 4262 4287 4288
f 4262 4288 4263
f 4263 4289 4267
f 4263 4288 4290
f 4263 4290 4291
f 4263 4291 4292
f 4263 4292 4293
f 4263 4293 4289
f 4264 4294 4295
f 4264 4295 4265
f 4264 4269 4296
f 4264 4296 4294
f 4265 4295 4270
f 4265 4270 4266
f 4267 4289 4268
f 4268 4297 4298
f 4268 4298 4299
f 4268 4299 4269
f 4268 4289 4297
f 4269 4299 4300
f 4269 4300 4296
f 4270 4295 4301
f 4270 4301 4302
f 4270 4302 4271
f 4271 4302 4303
f 4271 4303 4272
f 4272 4303 4304
f 4273 4304 4274
f 4275 4305 4276
f 4275 4304 4303
f 4275 4303 4302
f 4275 4302 4306
f 4275 4306 4305
f 4276 4305 4277
f 4277 4307 4278
f 4277 4305 4307
f 4278 4307 4308
f 4278 4308 4279
f 4279 4308 4309
f 4279 4309 4310
f 4279 4310 4311
f 4279 4311 4312
f 4279 4312 4280
f 4280 4313 4281
f 4280 4312 4314
f 4280 4314 4313
f 4284 4315 4287
f 4284 4287 4286
f 4284 4286 4285
f 4287 4316 4317
f 4287 4317 4318
f 4287 4318 4319
f 4287 4319 4320
f 4287 4320 4321
f 4287 4321 4322
f 4287 4322 4290
f 4287 4290 4288
f 4287 4315 4323
f 4287 4323 4316
f 4289 4293 4297
f 4290 4322 4324
f 4290 4324 4291
f 4291 4325 4326
f 4291 4326 4292
f 4291 4324 4327
f 4291 4327 4325
f 4292 4326 4297
f 4292 4297 4293
f 4294 4296 4328
f 4294 4328 4301
f 4294 4301 4295
f 4296 4329 4328
f 4296 4300 4299
f 4296 4299 4330
f 4296 4330 4329
f 4297 4326 4325
f 4297 4325 4298
f 4298 4331 4332
f 4298 4332 4330
f 4298 4330 4299
f 4298 4325 4331
f 4301 4328 4302
f 4302 4328 4333
f 4302 4333 4306
f 4305 4334 4335
f 4305 4335 4307
f 4305 4306 4334
f 4306 4336 4337
f 4306 4337 4338
f 4306 4338 4334
f 4306 4333 4336
f 4307 4335 4339
f 4307 4339 4340
f 4307 4340 4341
f 4307 4341 4342
f 4307 4342 4343
f 4307 4343 4344
f 4307 4344 4308
f 4308 4344 4345
f 4308 4345 4346
f 4308 4346 4347
f 4308 4347 4348
f 4308 4348 4349
f 4308 4349 4309
f 4309 4349 4348
f 4309 4348 4310
f 4310 4348 4347
f 4310 4347 4350
f 4310 4350 4351
f 4310 4351 4352
f 4310 4352 4312
f 4310 4312 4311
f 4312 4352 4353
f 4312 4353 4314
f 4320 4354 4355
f 4320 4355 4321
f 4321 4355 4322
f 4322 4355 4356
f 4322 4356 4357
f 4322 4357 4324
f 4324 4357 4327
f 4325 4327 4358
f 4325 4358 4359
f 4325 4359 4404
f 4325 4404 4360
f 4325 4360 4361
f 4325 4361 4362
f 4325 4362 4331
f 4327 4357 4363
f 4327 4363 4364
f 4327 4364 4365
f 4327 4365 4358
f 4328 4329 4366
f 4328 4366 4333
f 4329 4367 4368
f 4329 4368 4366
f 4329 4330 4369
f 4329 4369 4370
f 4329 4370 4367
f 4330 4332 4371
f 4330 4371 4369
f 4331 4362 4372
f 4331 4372 4373
f 4331 4373 4332
f 4332 4373 4371
f 4333 4366 4374
f 4333 4374 4375
f 4333 4375 4336
f 4334 4338 4376
f 4334 4376 4335
f 4335 4376 4339
f 4336 4375 4377
f 4336 4377 4337
f 4337 4377 4339
f 4337 4339 4376
f 4337 4376 4338
f 4339 4377 4340
f 4340 4377 4375
f 4340 4375 4378
f 4340 4378 4342
f 4340 4342 4341
f 4342 4379 4380
f 4342 4380 4343
f 4342 4378 4379
f 4343 4380 4381
f 4343 4381 4344
f 4344 4381 4382
f 4344 4382 4345
f 4345 4382 4383
f 4345 4383 4384
f 4345 4384 4347
f 4345 4347 4346
f 4347 4384 4385
f 4347 4385 4386
f 4347 4386 4387
f 4347 4387 4388
f 4347 4388 4389
f 4347 4389 4390
f 4347 4390 4391
f 4347 4391 4392
f 4347 4392 4393
f 4347 4393 4394
f 4347 4394 4350
f 4350 4395 4351
f 4350 4394 4396
f 4350 4396 4395
f 4351 4395 4352
f 4352 4395 4353
f 4353 4395 4397
f 4354 4398 4355
f 4354 4399 4398
f 4355 4398 4400
f 4355 4400 4401
f 4355 4401 4363
f 4355 4363 4357
f 4355 4357 4356
f 4358 4365 4359
f 4359 4402 4403
f 4359 4403 4404
f 4359 4365 4402
f 4360 4405 4406
f 4360 4406 4362
f 4360 4362 4361
f 4360 4404 4407
f 4360 4407 4408
f 4360 4408 4405
f 4362 4406 4372
f 4363 4409 4410
f 4363 4410 4364
f 4363 4401 4409
f 4364 4410 4411
f 4364 4411 4412
f 4364 4412 4413
f 4364 4413 4365
f 4365 4413 4414
f 4365 4414 4415
f 4365 4415 4402
f 4366 4368 4416
f 4366 4416 4374
f 4367 4417 4368
f 4367 4370 4418
f 4367 4418 4419
f 4367 4419 4420
f 4367 4420 4417
f 4368 4417 4421
f 4368 4421 4416
f 4369 4371 4370
f 4370 4371 4418
f 4371 4373 4418
f 4372 4406 4422
f 4372 4422 4405
f 4372 4405 4423
f 4372 4423 4424
f 4372 4424 4373
f 4373 4424 4425
f 4373 4425 4419
f 4373 4419 4418
f 4374 4416 4426
f 4374 4426 4427
f 4374 4427 4428
f 4374 4428 4375
f 4375 4428 4429
f 4375 4429 4378
f 4378 4430 4379
f 4378 4429 4428
f 4378 4428 4430
f 4379 4431 4432
f 4379 4432 4433
f 4379 4433 4380
f 4379 4430 4431
f 4380 4433 4381
f 4381 4434 4435
f 4381 4435 4382
f 4381 4433 4434
f 4382 4435 4383
f 4383 4436 4437
f 4383 4437 4438
f 4383 4438 4384
f 4383 4435 4436
f 4384 4438 4385
f 4385 4438 4386
f 4386 4438 4439
f 4386 4439 4440
f 4386 4440 4441
f 4386 4441 4387
f 4387 4441 4442
f 4387 4442 4388
f 4388 4442 4389
f 4389 4442 4443
f 4389 4443 4444
f 4389 4444 4390
f 4390 4444 4445
f 4390 4445 4391
f 4391 4445 4392
f 4392 4445 4444
f 4392 4444 4393
f 4393 4444 4394
f 4394 4444 4446
f 4394 4446 4395
f 4394 4395 4396
f 4395 4446 4447
f 4395 4447 4397
f 4398 4399 4448
f 4398 4448 4449
f 4398 4449 4400
f 4399 4450 4448
f 4400 4449 4451
f 4400 4451 4410
f 4400 4410 4409
f 4400 4409 4401
f 4402 4415 4452
f 4402 4452 4403
f 4403 4452 4453
f 4403 4453 4404
f 4404 4453 4407
f 4405 4454 4423
f 4405 4422 4406
f 4405 4408 4454
f 4407 4455 4456
f 4407 4456 4454
f 4407 4454 4408
f 4407 4453 4457
f 4407 4457 4458
f 4407 4458 4455
f 4410 4451 4459
f 4410 4459 4411
f 4411 4459 4460
f 4411 4460 4461
f 4411 4461 4412
f 4412 4462 4463
f 4412 4463 4413
f 4412 4461 4464
f 4412 4464 4465
f 4412 4465 4462
f 4413 4463 4414
f 4414 4463 4466
f 4414 4466 4467
f 4414 4467 4452
f 4414 4452 4415
f 4416 4468 4426
f 4416 4421 4468
f 4417 4469 4421
f 4417 4420 4469
f 4419 4425 4424
f 4419 4424 4470
f 4419 4470 4420
f 4420 4470 4469
f 4421 4469 4471
f 4421 4471 4472
f 4421 4472 4473
f 4421 4473 4468
f 4423 4470 4424
f 4423 4454 4474
f 4423 4474 4470
f 4426 4468 4427
f 4427 4475 4428
f 4427 4468 4475
f 4428 4475 4430
f 4430 4476 4431
f 4430 4475 4477
f 4430 4477 4476
f 4431 4476 4478
f 4431 4478 4479
f 4431 4479 4480
f 4431 4480 4481
f 4431 4481 4432
f 4432 4481 4433
f 4433 4481 4482
f 4433 4482 4434
f 4434 4482 4483
f 4434 4483 4435
f 4435 4483 4480
f 4435 4480 4436
f 4436 4480 4439
f 4436 4439 4437
f 4437 4439 4438
f 4439 4484 4485
f 4439 4485 4486
f 4439 4486 4487
f 4439 4487 4440
f 4439 4480 4488
f 4439 4488 4484
f 4440 4487 4489
f 4440 4489 4441
f 4441 4443 4442
f 4441 4489 4444
f 4441 4444 4443
f 4444 4490 4547
f 4444 4547 4595
f 4444 4595 4659
f 4444 4659 4666
f 4444 4666 4739
f 4444 4739 4738
f 4444 4738 4737
f 4444 4737 4740
f 4444 4740 4667
f 4444 4667 4599
f 4444 4599 4549
f 4444 4549 4491
f 4444 4491 4492
f 4444 4492 4446
f 4444 4489 4486
f 4444 4486 4485
f 4444 4485 4493
f 4444 4493 4494
f 4444 4494 4495
f 4444 4495 4496
f 4444 4496 4497
f 4444 4497 4498
f 4444 4498 4499
f 4444 4499 4500
f 4444 4500 4490
f 4446 4492 4501
f 4446 4501 4447
f 4448 4450 4502
f 4448 4502 4459
f 4448 4459 4449
f 4449 4459 4451
f 4452 4467 4457
f 4452 4457 4453
f 4454 4456 4474
f 4455 4458 4503
f 4455 4503 4456
f 4456 4504 4474
f 4456 4503 4504
f 4457 4467 4466
f 4457 4466 4505
f 4457 4505 4506
f 4457 4506 4458
f 4458 4506 4507
f 4458 4507 4508
f 4458 4508 4503
f 4459 4502 4460
f 4460 4502 4509
f 4460 4509 4510
f 4460 4510 4511
f 4460 4511 4512
f 4460 4512 4513
f 4460 4513 4461
f 4461 4513 4464
f 4462 4466 4463
f 4462 4465 4466
f 4464 4513 4465
f 4465 4513 4514
f 4465 4514 4515
f 4465 4515 4516
f 4465 4516 4517
f 4465 4517 4466
f 4466 4517 4505
f 4468 4473 4518
f 4468 4518 4519
f 4468 4519 4520
f 4468 4520 4475
f 4469 4521 4471
f 4469 4470 4522
f 4469 4522 4521
f 4470 4474 4504
f 4470 4504 4523
f 4470 4523 4522
f 4471 4521 4524
f 4471 4524 4525
f 4471 4525 4526
f 4471 4526 4527
f 4471 4527 4472
f 4472 4527 4528
f 4472 4528 4529
f 4472 4529 4530
f 4472 4530 4473
f 4473 4530 4531
f 4473 4531 4532
f 4473 4532 4518
f 4475 4520 4477
f 4476 4533 4478
f 4476 4477 4534
f 4476 4534 4535
f 4476 4535 4533
f 4477 4520 4536
f 4477 4536 4537
f 4477 4537 4534
f 4478 4538 4479
f 4478 4533 4539
f 4478 4539 4540
f 4478 4540 4538
f 4479 4538 4541
f 4479 4541 4542
f 4479 4542 4480
f 4480 4483 4481
f 4480 4542 4543
f 4480 4543 4488
f 4481 4483 4482
f 4484 4544 4495
f 4484 4495 4494
f 4484 4494 4493
f 4484 4493 4485
f 4484 4488 4545
f 4484 4545 4546
f 4484 4546 4544
f 4486 4489 4487
f 4488 4543 4545
f 4490 4500 4548
f 4490 4548 4547
f 4491 4549 4550
f 4491 4550 4551
f 4491 4551 4492
f 4495 4544 4496
f 4496 4544 4497
f 4497 4544 4498
f 4498 4544 4552
f 4498 4552 4499
f 4499 4552 4553
f 4499 4553 4554
f 4499 4554 4500
f 4500 4554 4555
f 4500 4555 4548
f 4503 4508 4556
f 4503 4556 4507
f 4503 4507 4557
f 4503 4557 4504
f 4504 4557 4558
f 4504 4558 4559
f 4504 4559 4560
f 4504 4560 4523
f 4505 4517 4516
f 4505 4516 4561
f 4505 4561 4562
f 4505 4562 4506
f 4506 4563 4507
f 4506 4562 4563
f 4507 4564 4558
f 4507 4558 4557
f 4507 4556 4508
f 4507 4563 4565
f 4507 4565 4564
f 4510 4566 4511
f 4511 4566 4512
f 4512 4567 4568
f 4512 4568 4513
f 4513 4568 4514
f 4514 4568 4569
f 4514 4569 4515
f 4515 4569 4570
f 4515 4570 4516
f 4516 4570 4571
f 4516 4571 4572
f 4516 4572 4561
f 4518 4532 4573
f 4518 4573 4519
f 4519 4573 4536
f 4519 4536 4520
f 4521 4522 4524
f 4522 4523 4574
f 4522 4574 4524
f 4523 4560 4575
f 4523 4575 4574
f 4524 4574 4576
f 4524 4576 4577
f 4524 4577 4525
f 4525 4577 4576
f 4525 4576 4578
f 4525 4578 4579
f 4525 4579 4526
f 4526 4579 4580
f 4526 4580 4527
f 4527 4580 4581
f 4527 4581 4582
f 4527 4582 4583
f 4527 4583 4528
f 4528 4583 4584
f 4528 4584 4530
f 4528 4530 4529
f 4530 4584 4531
f 4531 4584 4585
f 4531 4585 4586
f 4531 4586 4532
f 4532 4586 4573
f 4533 4535 4539
f 4534 4537 4535
f 4535 4587 4540
f 4535 4540 4539
f 4535 4537 4588
f 4535 4588 4587
f 4536 4573 4537
f 4537 4573 4586
f 4537 4586 4585
f 4537 4585 4588
f 4538 4540 4589
f 4538 4589 4590
f 4538 4590 4541
f 4540 4591 4589
f 4540 4587 4591
f 4541 4592 4593
f 4541 4593 4543
f 4541 4543 4542
f 4541 4590 4592
f 4543 4593 4545
f 4544 4546 4594
f 4544 4594 4552
f 4545 4594 4546
f 4545 4593 4594
f 4547 4548 4595
f 4548 4555 4554
f 4548 4554 4596
f 4548 4596 4597
f 4548 4597 4598
f 4548 4598 4595
f 4549 4599 4600
f 4549 4600 4550
f 4550 4600 4681
f 4550 4681 4750
f 4550 4750 4811
f 4550 4811 4870
f 4550 4870 4943
f 4550 4943 5010
f 4550 5010 5072
f 4550 5072 5122
f 4550 5122 5186
f 4550 5186 5188
f 4550 5188 5240
f 4550 5240 5300
f 4550 5300 5356
f 4550 5356 5410
f 4550 5410 5439
f 4550 5439 5457
f 4550 5457 5471
f 4550 5471 5470
f 4550 5470 5469
f 4550 5469 5468
f 4550 5468 5467
f 4550 5467 5477
f 4550 5477 5480
f 4550 5480 5479
f 4550 5479 5478
f 4550 5478 5472
f 4550 5472 5458
f 4550 5458 5440
f 4550 5440 5412
f 4550 5412 5411
f 4550 5411 5357
f 4550 5357 5360
f 4550 5360 5359
f 4550 5359 5302
f 4550 5302 5243
f 4550 5243 5241
f 4550 5241 5189
f 4550 5189 5123
f 4550 5123 5073
f 4550 5073 5011
f 4550 5011 4944
f 4550 4944 4875
f 4550 4875 4874
f 4550 4874 4873
f 4550 4873 4872
f 4550 4872 4871
f 4550 4871 4813
f 4550 4813 4812
f 4550 4812 4751
f 4550 4751 4682
f 4550 4682 4606
f 4550 4606 4605
f 4550 4605 4604
f 4550 4604 4603
f 4550 4603 4602
f 4550 4602 4601
f 4550 4601 4551
f 4551 4601 4602
f 4551 4602 4603
f 4551 4603 4604
f 4551 4604 4605
f 4551 4605 4606
f 4551 4606 4607
f 4552 4594 4608
f 4552 4608 4609
f 4552 4609 4610
f 4552 4610 4553
f 4553 4610 4611
f 4553 4611 4554
f 4554 4611 4612
f 4554 4612 4596
f 4558 4564 4613
f 4558 4613 4614
f 4558 4614 4575
f 4558 4575 4559
f 4559 4575 4560
f 4561 4572 4615
f 4561 4615 4562
f 4562 4615 4616
f 4562 4616 4563
f 4563 4617 4565
f 4563 4616 4617
f 4564 4618 4613
f 4564 4565 4617
f 4564 4617 4619
f 4564 4619 4620
f 4564 4620 4621
f 4564 4621 4618
f 4567 4622 4568
f 4568 4622 4569
f 4569 4623 4624
f 4569 4624 4625
f 4569 4625 4626
f 4569 4626 4570
f 4569 4622 4623
f 4570 4626 4571
f 4571 4626 4625
f 4571 4625 4627
f 4571 4627 4628
f 4571 4628 4629
f 4571 4629 4630
f 4571 4630 4572
f 4572 4630 4631
f 4572 4631 4632
f 4572 4632 4633
f 4572 4633 4615
f 4574 4575 4576
f 4575 4614 4634
f 4575 4634 4576
f 4576 4634 4578
f 4578 4635 4636
f 4578 4636 4579
f 4578 4634 4635
f 4579 4637 4638
f 4579 4638 4580
f 4579 4636 4639
f 4579 4639 4637
f 4580 4638 4640
f 4580 4640 4641
f 4580 4641 4642
f 4580 4642 4581
f 4581 4642 4582
f 4582 4585 4584
f 4582 4584 4583
f 4582 4642 4643
f 4582 4643 4644
f 4582 4644 4585
f 4585 4645 4646
f 4585 4646 4588
f 4585 4644 4647
f 4585 4647 4648
f 4585 4648 4649
f 4585 4649 4645
f 4587 4588 4591
f 4588 4646 4591
f 4589 4650 4651
f 4589 4651 4590
f 4589 4591 4652
f 4589 4652 4650
f 4590 4651 4592
f 4591 4646 4723
f 4591 4723 4652
f 4592 4651 4653
f 4592 4653 4654
f 4592 4654 4593
f 4593 4655 4656
f 4593 4656 4608
f 4593 4608 4594
f 4593 4654 4657
f 4593 4657 4658
f 4593 4658 4655
f 4595 4598 4659
f 4596 4612 4660
f 4596 4660 4597
f 4597 4661 4598
f 4597 4660 4662
f 4597 4662 4663
f 4597 4663 4664
f 4597 4664 4661
f 4598 4661 4665
f 4598 4665 4666
f 4598 4666 4659
f 4599 4667 4668
f 4599 4668 4669
f 4599 4669 4670
f 4599 4670 4671
f 4599 4671 4672
f 4599 4672 4673
f 4599 4673 4674
f 4599 4674 4675
f 4599 4675 4676
f 4599 4676 4677
f 4599 4677 4678
f 4599 4678 4679
f 4599 4679 4680
f 4599 4680 4600
f 4600 4680 4681
f 4606 4682 4683
f 4606 4683 4607
f 4608 4656 4609
f 4609 4656 4610
f 4610 4684 4611
f 4610 4656 4655
f 4610 4655 4684
f 4611 4684 4612
f 4612 4685 4686
f 4612 4686 4687
f 4612 4687 4663
f 4612 4663 4688
f 4612 4688 4662
f 4612 4662 4660
f 4612 4684 4685
f 4613 4618 4689
f 4613 4689 4634
f 4613 4634 4614
f 4615 4633 4690
f 4615 4690 4691
f 4615 4691 4692
f 4615 4692 4616
f 4616 4692 4690
f 4616 4690 4693
f 4616 4693 4617
f 4617 4693 4619
f 4618 4621 4689
f 4619 4693 4690
f 4619 4690 4694
f 4619 4694 4695
f 4619 4695 4620
f 4620 4695 4696
f 4620 4696 4697
f 4620 4697 4621
f 4621 4697 4698
f 4621 4698 4689
f 4623 4699 4700
f 4623 4700 4624
f 4624 4700 4625
f 4625 4700 4701
f 4625 4701 4702
f 4625 4702 4703
f 4625 4703 4627
f 4627 4703 4628
f 4628 4703 4704
f 4628 4704 4705
f 4628 4705 4706
f 4628 4706 4707
f 4628 4707 4629
f 4629 4707 4630
f 4630 4707 4631
f 4631 4690 4633
f 4631 4633 4632
f 4631 4707 4690
f 4634 4708 4709
f 4634 4709 4635
f 4634 4689 4708
f 4635 4709 4710
f 4635 4710 4711
f 4635 4711 4712
f 4635 4712 4636
f 4636 4712 4713
f 4636 4713 4639
f 4637 4714 4643
f 4637 4643 4638
f 4637 4639 4714
f 4638 4643 4640
f 4639 4713 4715
f 4639 4715 4716
f 4639 4716 4714
f 4640 4643 4641
f 4641 4643 4642
f 4643 4714 4717
f 4643 4717 4718
f 4643 4718 4719
f 4643 4719 4644
f 4644 4719 4720
f 4644 4720 4647
f 4645 4721 4722
f 4645 4722 4646
f 4645 4649 4721
f 4646 4722 4723
f 4647 4720 4648
f 4648 4720 4721
f 4648 4721 4649
f 4650 4724 4725
f 4650 4725 4653
f 4650 4653 4651
f 4650 4652 4726
f 4650 4726 4724
f 4652 4723 4726
f 4653 4727 4728
f 4653 4728 4654
f 4653 4725 4727
f 4654 4728 4657
f 4655 4658 4686
f 4655 4686 4685
f 4655 4685 4684
f 4657 4686 4658
f 4657 4728 4686
f 4661 4664 4665
f 4662 4688 4663
f 4663 4729 4664
f 4663 4687 4730
f 4663 4730 4731
f 4663 4731 4729
f 4664 4729 4732
f 4664 4732 4733
f 4664 4733 4734
f 4664 4734 4735
f 4664 4735 4736
f 4664 4736 4665
f 4665 4737 4738
f 4665 4738 4739
f 4665 4739 4666
f 4665 4736 4737
f 4667 4740 4741
f 4667 4741 4668
f 4668 4741 4669
f 4669 4742 4743
f 4669 4743 4744
f 4669 4744 4670
f 4669 4741 4742
f 4670 4744 4671
f 4671 4744 4745
f 4671 4745 4672
f 4672 4745 4673
f 4673 4745 4674
f 4674 4745 4746
f 4674 4746 4675
f 4675 4746 4676
f 4676 4746 4677
f 4677 4746 4678
f 4678 4746 4747
f 4678 4747 4679
f 4679 4747 4748
f 4679 4748 4680
f 4680 4748 4749
f 4680 4749 4681
f 4681 4749 4748
f 4681 4748 4750
f 4682 4751 4683
f 4683 4751 4752
f 4686 4728 4687
f 4687 4728 4753
f 4687 4753 4730
f 4689 4698 4754
f 4689 4754 4755
f 4689 4755 4708
f 4690 4756 4757
f 4690 4757 4758
f 4690 4758 4695
f 4690 4695 4694
f 4690 4692 4691
f 4690 4707 4759
f 4690 4759 4760
f 4690 4760 4761
f 4690 4761 4762
f 4690 4762 4756
f 4695 4758 4763
f 4695 4763 4696
f 4696 4763 4764
f 4696 4764 4765
f 4696 4765 4698
f 4696 4698 4697
f 4698 4766 4754
f 4698 4765 4766
f 4699 4701 4700
f 4702 4767 4703
f 4703 4767 4768
f 4703 4768 4769
f 4703 4769 4770
f 4703 4770 4771
f 4703 4771 4704
f 4704 4771 4772
f 4704 4772 4705
f 4705 4772 4773
f 4705 4773 4774
f 4705 4774 4707
f 4705 4707 4706
f 4707 4774 4775
f 4707 4775 4759
f 4708 4710 4709
f 4708 4755 4776
f 4708 4776 4710
f 4710 4776 4777
f 4710 4777 4711
f 4711 4777 4715
f 4711 4715 4713
f 4711 4713 4712
f 4714 4778 4717
f 4714 4716 4715
f 4714 4715 4779
f 4714 4779 4780
f 4714 4780 4781
f 4714 4781 4782
f 4714 4782 4783
f 4714 4783 4778
f 4715 4780 4779
f 4715 4777 4776
f 4715 4776 4784
f 4715 4784 4785
f 4715 4785 4786
f 4715 4786 4787
f 4715 4787 4780
f 4717 4778 4788
f 4717 4788 4789
f 4717 4789 4718
f 4718 4789 4790
f 4718 4790 4719
f 4719 4790 4720
f 4720 4790 4791
f 4720 4791 4721
f 4721 4791 4722
f 4722 4791 4726
f 4722 4726 4723
f 4724 4792 4725
f 4724 4726 4793
f 4724 4793 4792
f 4725 4792 4794
f 4725 4794 4727
f 4726 4791 4795
f 4726 4795 4793
f 4727 4794 4728
f 4728 4794 4753
f 4729 4731 4796
f 4729 4796 4732
f 4730 4753 4797
f 4730 4797 4731
f 4731 4797 4798
f 4731 4798 4796
f 4732 4796 4733
f 4733 4799 4800
f 4733 4800 4801
f 4733 4801 4734
f 4733 4796 4802
f 4733 4802 4799
f 4734 4801 4741
f 4734 4741 4735
f 4735 4740 4736
f 4735 4741 4740
f 4736 4740 4737
f 4741 4801 4800
f 4741 4800 4803
f 4741 4803 4804
f 4741 4804 4742
f 4742 4804 4743
f 4743 4804 4805
f 4743 4805 4744
f 4744 4805 4806
f 4744 4806 4745
f 4745 4806 4807
f 4745 4807 4746
f 4746 4807 4808
f 4746 4808 4809
f 4746 4809 4747
f 4747 4809 4810
f 4747 4810 4748
f 4748 4810 4750
f 4750 4810 4811
f 4751 4812 4752
f 4752 4812 4813
f 4752 4813 4814
f 4753 4794 4792
f 4753 4792 4815
f 4753 4815 4816
f 4753 4816 4797
f 4754 4776 4755
f 4754 4766 4817
f 4754 4817 4818
f 4754 4818 4776
f 4756 4762 4819
f 4756 4819 4757
f 4757 4820 4758
f 4757 4819 4820
f 4758 4820 4821
f 4758 4821 4763
f 4759 4775 4760
f 4760 4775 4822
f 4760 4822 4823
f 4760 4823 4761
f 4761 4823 4824
f 4761 4824 4825
f 4761 4825 4762
f 4762 4825 4819
f 4763 4821 4764
f 4764 4821 4826
f 4764 4826 4827
f 4764 4827 4765
f 4765 4827 4766
f 4766 4827 4817
f 4769 4828 4770
f 4770 4828 4829
f 4770 4829 4772
f 4770 4772 4771
f 4772 4829 4830
f 4772 4830 4773
f 4773 4830 4774
f 4774 4830 4831
f 4774 4831 4832
f 4774 4832 4775
f 4775 4832 4822
f 4776 4818 4817
f 4776 4817 4833
f 4776 4833 4834
f 4776 4834 4835
f 4776 4835 4836
f 4776 4836 4784
f 4778 4783 4837
f 4778 4837 4838
f 4778 4838 4788
f 4780 4839 4781
f 4780 4787 4786
f 4780 4786 4840
f 4780 4840 4839
f 4781 4839 4782
f 4782 4839 4838
f 4782 4838 4837
f 4782 4837 4783
f 4784 4836 4785
f 4785 4836 4835
f 4785 4835 4841
f 4785 4841 4786
f 4786 4842 4843
f 4786 4843 4844
f 4786 4844 4845
f 4786 4845 4840
f 4786 4841 4834
f 4786 4834 4846
f 4786 4846 4847
f 4786 4847 4848
f 4786 4848 4849
f 4786 4849 4842
f 4788 4850 4851
f 4788 4851 4790
f 4788 4790 4789
f 4788 4838 4852
f 4788 4852 4850
f 4790 4851 4853
f 4790 4853 4854
f 4790 4854 4855
f 4790 4855 4856
f 4790 4856 4791
f 4791 4856 4795
f 4792 4793 4857
f 4792 4857 4815
f 4793 4795 4857
f 4795 4856 4857
f 4796 4798 4802
f 4797 4816 4798
f 4798 4858 4802
f 4798 4816 4859
f 4798 4859 4858
f 4799 4860 4803
f 4799 4803 4800
f 4799 4802 4860
f 4802 4858 4861
f 4802 4861 4862
f 4802 4862 4863
f 4802 4863 4864
f 4802 4864 4865
f 4802 4865 4806
f 4802 4806 4805
f 4802 4805 4860
f 4803 4805 4804
f 4803 4860 4805
f 4806 4865 4866
f 4806 4866 4807
f 4807 4866 4867
f 4807 4867 4808
f 4808 4867 4868
f 4808 4868 4809
f 4809 4869 4810
f 4809 4868 4869
f 4810 4869 4811
f 4811 4869 4870
f 4813 4871 4814
f 4814 4871 4872
f 4814 4872 4873
f 4814 4873 4874
f 4814 4874 4875
f 4814 4875 4876
f 4815 4857 4877
f 4815 4877 4878
f 4815 4878 4816
f 4816 4878 4859
f 4817 4834 4833
f 4817 4827 4826
f 4817 4826 4834
f 4819 4825 4879
f 4819 4879 4880
f 4819 4880 4820
f 4820 4880 4821
f 4821 4881 4882
f 4821 4882 4826
f 4821 4880 4879
f 4821 4879 4883
f 4821 4883 4884
f 4821 4884 4885
f 4821 4885 4886
f 4821 4886 4887
f 4821 4887 4888
f 4821 4888 4881
f 4822 4832 4823
f 4823 4832 4824
f 4824 4889 4890
f 4824 4890 4891
f 4824 4891 4892
f 4824 4892 4879
f 4824 4879 4825
f 4824 4832 4889
f 4826 4893 4894
f 4826 4894 4895
f 4826 4895 4846
f 4826 4846 4834
f 4826 4882 4896
f 4826 4896 4893
f 4828 4897 4829
f 4828 4898 4897
f 4829 4897 4899
f 4829 4899 4830
f 4830 4899 4900
f 4830 4900 4901
f 4830 4901 4902
f 4830 4902 4831
f 4831 4902 4832
f 4832 4902 4903
f 4832 4903 4889
f 4834 4841 4835
f 4838 4839 4904
f 4838 4904 4852
f 4839 4905 4904
f 4839 4840 4906
f 4839 4906 4905
f 4840 4907 4908
f 4840 4908 4909
f 4840 4909 4906
f 4840 4845 4844
f 4840 4844 4843
f 4840 4843 4907
f 4842 4910 4911
f 4842 4911 4912
f 4842 4912 4913
f 4842 4913 4843
f 4842 4849 4914
f 4842 4914 4915
f 4842 4915 4910
f 4843 4913 4916
f 4843 4916 4907
f 4846 4895 4848
f 4846 4848 4847
f 4848 4895 4894
f 4848 4894 4917
f 4848 4917 4849
f 4849 4917 4918
f 4849 4918 4919
f 4849 4919 4914
f 4850 4920 4853
f 4850 4853 4851
f 4850 4852 4921
f 4850 4921 4922
f 4850 4922 4920
f 4852 4904 4921
f 4853 4920 4854
f 4854 4923 4924
f 4854 4924 4925
f 4854 4925 4855
f 4854 4920 4926
f 4854 4926 4923
f 4855 4925 4927
f 4855 4927 4856
f 4856 4927 4928
f 4856 4928 4857
f 4857 4928 4929
f 4857 4929 4877
f 4858 4859 4930
f 4858 4930 4931
f 4858 4931 4861
f 4859 4932 4930
f 4859 4878 4933
f 4859 4933 4934
f 4859 4934 4935
f 4859 4935 4932
f 4861 4931 4936
f 4861 4936 4862
f 4862 4936 4937
f 4862 4937 4938
f 4862 4938 4864
f 4862 4864 4863
f 4864 4939 4865
f 4864 4938 4939
f 4865 4939 4866
f 4866 4939 4867
f 4867 4939 4940
f 4867 4940 4868
f 4868 4940 4941
f 4868 4941 4869
f 4869 4941 4870
f 4870 4941 4942
f 4870 4942 4943
f 4875 4944 5013
f 4875 5013 4945
f 4875 4945 4946
f 4875 4946 4876
f 4877 4929 4947
f 4877 4947 4878
f 4878 4947 4948
f 4878 4948 4933
f 4879 4885 4884
f 4879 4884 4883
f 4879 4892 4885
f 4881 4949 4882
f 4881 4888 4949
f 4882 4949 4950
f 4882 4950 4951
f 4882 4951 4896
f 4885 4892 4952
f 4885 4952 4886
f 4886 4952 4887
f 4887 4952 4953
f 4887 4953 4949
f 4887 4949 4888
f 4889 4903 4954
f 4889 4954 4890
f 4890 4954 4955
f 4890 4955 4891
f 4891 4955 4956
f 4891 4956 4892
f 4892 4956 4957
f 4892 4957 4952
f 4893 4958 4918
f 4893 4918 4917
f 4893 4917 4894
f 4893 4896 4958
f 4896 4951 4950
f 4896 4950 4958
f 4897 4898 4899
f 4898 4959 4899
f 4899 4959 4900
f 4900 4959 4960
f 4900 4960 4961
f 4900 4961 4962
f 4900 4962 4901
f 4901 4963 4902
f 4901 4962 4964
f 4901 4964 4965
f 4901 4965 4963
f 4902 4963 4903
f 4903 4963 4966
f 4903 4966 4954
f 4904 4905 4906
f 4904 4906 4967
f 4904 4967 4921
f 4906 4909 4908
f 4906 4908 4967
f 4907 4968 4969
f 4907 4969 4967
f 4907 4967 4908
f 4907 4916 4913
f 4907 4913 4968
f 4910 4915 4911
f 4911 4970 4912
f 4911 4915 4970
f 4912 4971 4913
f 4912 4970 4972
f 4912 4972 4971
f 4913 4971 4968
f 4914 4919 4973
f 4914 4973 4915
f 4915 4973 4919
f 4915 4919 4974
f 4915 4974 4975
f 4915 4975 4976
f 4915 4976 4977
f 4915 4977 4978
f 4915 4978 4979
f 4915 4979 4970
f 4918 4958 4919
f 4919 4958 4950
f 4919 4950 4975
f 4919 4975 4974
f 4920 4922 4926
f 4921 4967 4980
f 4921 4980 4968
f 4921 4968 4981
f 4921 4981 4982
f 4921 4982 4983
f 4921 4983 4922
f 4922 4983 4926
f 4923 4984 4924
f 4923 4926 4985
f 4923 4985 4986
f 4923 4986 4984
f 4924 4987 4988
f 4924 4988 4925
f 4924 4984 4987
f 4925 4988 4989
f 4925 4989 4947
f 4925 4947 4929
f 4925 4929 4927
f 4926 4990 4991
f 4926 4991 4985
f 4926 4983 4990
f 4927 4929 4928
f 4930 4932 4992
f 4930 4992 4931
f 4931 4993 4994
f 4931 4994 4995
f 4931 4995 4936
f 4931 4992 4993
f 4932 4935 4996
f 4932 4996 4992
f 4933 4948 4997
f 4933 4997 4934
f 4934 4997 4998
f 4934 4998 4935
f 4935 4998 4994
f 4935 4994 4993
f 4935 4993 4996
f 4936 4995 4999
f 4936 4999 5000
f 4936 5000 5001
f 4936 5001 5002
f 4936 5002 4937
f 4937 5002 4939
f 4937 4939 4938
f 4939 5002 5003
f 4939 5003 5004
f 4939 5004 4940
f 4940 5005 4941
f 4940 5004 5006
f 4940 5006 5007
f 4940 5007 5008
f 4940 5008 5005
f 4941 5005 5009
f 4941 5009 4943
f 4941 4943 4942
f 4943 5009 5008
f 4943 5008 5010
f 4944 5011 5012
f 4944 5012 5013
f 4947 4989 4948
f 4948 4987 5014
f 4948 5014 4994
f 4948 4994 5015
f 4948 5015 5016
f 4948 5016 4997
f 4948 4989 4987
f 4949 5017 4950
f 4949 4953 5018
f 4949 5018 5017
f 4950 5017 4975
f 4952 5019 4953
f 4952 4957 5019
f 4953 5019 5020
f 4953 5020 5021
f 4953 5021 5022
f 4953 5022 5018
f 4954 4966 5023
f 4954 5023 4955
f 4955 5023 5024
f 4955 5024 4956
f 4956 5024 4957
f 4957 5025 5026
f 4957 5026 5020
f 4957 5020 5019
f 4957 5024 5027
f 4957 5027 5028
f 4957 5028 5025
f 4959 5029 4960
f 4960 5029 4961
f 4961 5030 4962
f 4962 5030 4964
f 4963 4965 5031
f 4963 5031 4966
f 4964 5030 5032
f 4964 5032 4965
f 4965 5032 5033
f 4965 5033 5031
f 4966 5031 5023
f 4967 4969 5034
f 4967 5034 4980
f 4968 5035 4981
f 4968 4980 5034
f 4968 5034 4969
f 4968 4971 5036
f 4968 5036 5037
f 4968 5037 5038
f 4968 5038 5039
f 4968 5039 5040
f 4968 5040 5035
f 4970 4979 5041
f 4970 5041 5037
f 4970 5037 4972
f 4971 4972 5036
f 4972 5037 5036
f 4975 5017 5042
f 4975 5042 5018
f 4975 5018 5043
f 4975 5043 5044
f 4975 5044 4977
f 4975 4977 4976
f 4977 5044 4978
f 4978 5045 5046
f 4978 5046 5047
f 4978 5047 5048
f 4978 5048 5049
f 4978 5049 5038
f 4978 5038 5041
f 4978 5041 4979
f 4978 5044 5050
f 4978 5050 5051
f 4978 5051 5052
f 4978 5052 5053
f 4978 5053 5045
f 4981 5035 5040
f 4981 5040 5054
f 4981 5054 4982
f 4982 5055 4983
f 4982 5054 5056
f 4982 5056 5055
f 4983 5055 4990
f 4984 5057 4987
f 4984 4986 5057
f 4985 5058 4986
f 4985 4991 5058
f 4986 5058 5057
f 4987 5059 5060
f 4987 5060 5014
f 4987 4989 4988
f 4987 5057 5061
f 4987 5061 5059
f 4990 5055 5062
f 4990 5062 4991
f 4991 5062 5058
f 4992 4996 4993
f 4994 4998 5015
f 4994 5014 5060
f 4994 5060 5059
f 4994 5059 4995
f 4995 5059 5063
f 4995 5063 4999
f 4997 5016 4998
f 4998 5016 5015
f 4999 5064 5065
f 4999 5065 5000
f 4999 5063 5066
f 4999 5066 5067
f 4999 5067 5064
f 5000 5065 5003
f 5000 5003 5001
f 5001 5003 5002
f 5003 5006 5004
f 5003 5065 5068
f 5003 5068 5006
f 5005 5008 5009
f 5006 5068 5069
f 5006 5069 5007
f 5007 5069 5008
f 5008 5069 5070
f 5008 5070 5071
f 5008 5071 5010
f 5010 5071 5072
f 5011 5073 5074
f 5011 5074 5012
f 5017 5018 5042
f 5018 5022 5043
f 5020 5026 5021
f 5021 5075 5076
f 5021 5076 5077
f 5021 5077 5022
f 5021 5026 5078
f 5021 5078 5079
f 5021 5079 5080
f 5021 5080 5075
f 5022 5077 5043
f 5023 5031 5027
f 5023 5027 5024
f 5025 5078 5026
f 5025 5028 5078
f 5027 5031 5028
f 5028 5081 5082
f 5028 5082 5078
f 5028 5031 5081
f 5030 5083 5084
f 5030 5084 5082
f 5030 5082 5081
f 5030 5081 5032
f 5031 5033 5081
f 5032 5081 5033
f 5037 5041 5038
f 5038 5049 5085
f 5038 5085 5086
f 5038 5086 5039
f 5039 5087 5088
f 5039 5088 5054
f 5039 5054 5040
f 5039 5086 5087
f 5043 5077 5089
f 5043 5089 5090
f 5043 5090 5091
f 5043 5091 5052
f 5043 5052 5044
f 5044 5052 5051
f 5044 5051 5050
f 5045 5047 5046
f 5045 5053 5092
f 5045 5092 5093
f 5045 5093 5047
f 5047 5093 5094
f 5047 5094 5095
f 5047 5095 5085
f 5047 5085 5048
f 5048 5085 5049
f 5052 5091 5053
f 5053 5091 5090
f 5053 5090 5092
f 5054 5088 5056
f 5055 5056 5062
f 5056 5096 5097
f 5056 5097 5062
f 5056 5088 5098
f 5056 5098 5099
f 5056 5099 5096
f 5057 5058 5100
f 5057 5100 5101
f 5057 5101 5102
f 5057 5102 5103
f 5057 5103 5104
f 5057 5104 5105
f 5057 5105 5061
f 5058 5062 5100
f 5059 5061 5106
f 5059 5106 5063
f 5061 5105 5106
f 5062 5107 5108
f 5062 5108 5109
f 5062 5109 5110
f 5062 5110 5101
f 5062 5101 5100
f 5062 5097 5096
f 5062 5096 5107
f 5063 5106 5111
f 5063 5111 5112
f 5063 5112 5066
f 5064 5113 5065
f 5064 5067 5114
f 5064 5114 5113
f 5065 5113 5068
f 5066 5112 5115
f 5066 5115 5116
f 5066 5116 5067
f 5067 5116 5117
f 5067 5117 5114
f 5068 5113 5118
f 5068 5118 5069
f 5069 5118 5119
f 5069 5119 5070
f 5070 5119 5071
f 5071 5119 5120
f 5071 5120 5121
f 5071 5121 5122
f 5071 5122 5072
f 5073 5123 5124
f 5073 5124 5125
f 5073 5125 5074
f 5075 5126 5076
f 5075 5080 5127
f 5075 5127 5126
f 5076 5126 5128
f 5076 5128 5129
f 5076 5129 5077
f 5077 5129 5089
f 5078 5082 5130
f 5078 5130 5131
f 5078 5131 5079
f 5079 5131 5132
f 5079 5132 5133
f 5079 5133 5080
f 5080 5133 5127
f 5082 5134 5130
f 5082 5084 5135
f 5082 5135 5136
f 5082 5136 5137
f 5082 5137 5138
f 5082 5138 5139
f 5082 5139 5140
f 5082 5140 5134
f 5083 5141 5084
f 5084 5141 5135
f 5085 5095 5142
f 5085 5142 5143
f 5085 5143 5144
f 5085 5144 5087
f 5085 5087 5086
f 5087 5144 5088
f 5088 5144 5145
f 5088 5145 5098
f 5089 5092 5090
f 5089 5129 5128
f 5089 5128 5146
f 5089 5146 5147
f 5089 5147 5092
f 5092 5147 5148
f 5092 5148 5149
f 5092 5149 5150
f 5092 5150 5151
f 5092 5151 5093
f 5093 5151 5152
f 5093 5152 5153
f 5093 5153 5154
f 5093 5154 5094
f 5094 5154 5095
f 5095 5155 5145
f 5095 5145 5142
f 5095 5154 5156
f 5095 5156 5155
f 5096 5157 5107
f 5096 5099 5158
f 5096 5158 5159
f 5096 5159 5160
f 5096 5160 5157
f 5098 5145 5161
f 5098 5161 5099
f 5099 5161 5155
f 5099 5155 5156
f 5099 5156 5162
f 5099 5162 5163
f 5099 5163 5158
f 5101 5110 5102
f 5102 5110 5103
f 5103 5110 5109
f 5103 5109 5108
f 5103 5108 5104
f 5104 5164 5165
f 5104 5165 5166
f 5104 5166 5167
f 5104 5167 5105
f 5104 5108 5107
f 5104 5107 5157
f 5104 5157 5168
f 5104 5168 5169
f 5104 5169 5164
f 5105 5170 5171
f 5105 5171 5172
f 5105 5172 5111
f 5105 5111 5106
f 5105 5167 5166
f 5105 5166 5164
f 5105 5164 5173
f 5105 5173 5174
f 5105 5174 5175
f 5105 5175 5170
f 5111 5172 5112
f 5112 5172 5176
f 5112 5176 5115
f 5113 5114 5118
f 5114 5177 5118
f 5114 5117 5177
f 5115 5176 5178
f 5115 5178 5179
f 5115 5179 5116
f 5116 5179 5180
f 5116 5180 5117
f 5117 5180 5181
f 5117 5181 5182
f 5117 5182 5177
f 5118 5177 5119
f 5119 5177 5183
f 5119 5183 5238
f 5119 5238 5184
f 5119 5184 5185
f 5119 5185 5120
f 5120 5185 5121
f 5121 5186 5122
f 5121 5185 5187
f 5121 5187 5188
f 5121 5188 5186
f 5123 5189 5124
f 5124 5189 5190
f 5126 5127 5128
f 5127 5133 5191
f 5127 5191 5146
f 5127 5146 5128
f 5130 5134 5131
f 5131 5134 5192
f 5131 5192 5132
f 5132 5192 5133
f 5133 5193 5194
f 5133 5194 5195
f 5133 5195 5191
f 5133 5192 5193
f 5134 5193 5192
f 5134 5140 5139
f 5134 5139 5196
f 5134 5196 5197
f 5134 5197 5193
f 5135 5141 5136
f 5136 5141 5198
f 5136 5198 5199
f 5136 5199 5200
f 5136 5200 5137
f 5137 5200 5138
f 5138 5200 5139
f 5139 5200 5201
f 5139 5201 5202
f 5139 5202 5203
f 5139 5203 5196
f 5141 5204 5198
f 5142 5145 5144
f 5142 5144 5143
f 5145 5155 5161
f 5146 5191 5148
f 5146 5148 5147
f 5148 5191 5205
f 5148 5205 5206
f 5148 5206 5207
f 5148 5207 5208
f 5148 5208 5209
f 5148 5209 5149
f 5149 5209 5150
f 5150 5210 5211
f 5150 5211 5151
f 5150 5209 5210
f 5151 5211 5152
f 5152 5211 5153
f 5153 5211 5154
f 5154 5211 5156
f 5156 5211 5162
f 5157 5160 5168
f 5158 5163 5212
f 5158 5212 5159
f 5159 5212 5213
f 5159 5213 5160
f 5160 5213 5214
f 5160 5214 5168
f 5162 5211 5215
f 5162 5215 5212
f 5162 5212 5163
f 5164 5216 5217
f 5164 5217 5173
f 5164 5166 5165
f 5164 5169 5216
f 5168 5214 5218
f 5168 5218 5219
f 5168 5219 5169
f 5169 5220 5216
f 5169 5219 5221
f 5169 5221 5222
f 5169 5222 5220
f 5170 5223 5224
f 5170 5224 5176
f 5170 5176 5171
f 5170 5175 5225
f 5170 5225 5223
f 5171 5176 5172
f 5173 5217 5174
f 5174 5226 5227
f 5174 5227 5175
f 5174 5217 5228
f 5174 5228 5229
f 5174 5229 5230
f 5174 5230 5226
f 5175 5227 5225
f 5176 5224 5178
f 5177 5182 5231
f 5177 5231 5183
f 5178 5224 5232
f 5178 5232 5179
f 5179 5232 5233
f 5179 5233 5180
f 5180 5233 5234
f 5180 5234 5181
f 5181 5235 5182
f 5181 5234 5236
f 5181 5236 5237
f 5181 5237 5235
f 5182 5235 5231
f 5183 5231 5238
f 5184 5238 5187
f 5184 5187 5185
f 5187 5238 5239
f 5187 5239 5240
f 5187 5240 5188
f 5189 5241 5190
f 5190 5241 5243
f 5190 5243 5242
f 5191 5195 5205
f 5193 5197 5196
f 5193 5196 5244
f 5193 5244 5245
f 5193 5245 5246
f 5193 5246 5247
f 5193 5247 5194
f 5194 5247 5248
f 5194 5248 5195
f 5195 5248 5206
f 5195 5206 5205
f 5196 5203 5249
f 5196 5249 5250
f 5196 5250 5251
f 5196 5251 5244
f 5198 5204 5252
f 5198 5252 5253
f 5198 5253 5254
f 5198 5254 5199
f 5199 5254 5253
f 5199 5253 5255
f 5199 5255 5201
f 5199 5201 5200
f 5201 5203 5202
f 5201 5255 5256
f 5201 5256 5203
f 5203 5256 5250
f 5203 5250 5249
f 5206 5257 5258
f 5206 5258 5259
f 5206 5259 5260
f 5206 5260 5261
f 5206 5261 5207
f 5206 5248 5262
f 5206 5262 5263
f 5206 5263 5264
f 5206 5264 5265
f 5206 5265 5257
f 5207 5261 5266
f 5207 5266 5208
f 5208 5266 5267
f 5208 5267 5268
f 5208 5268 5269
f 5208 5269 5209
f 5209 5269 5268
f 5209 5268 5211
f 5209 5211 5210
f 5211 5268 5215
f 5212 5270 5219
f 5212 5219 5271
f 5212 5271 5218
f 5212 5218 5214
f 5212 5214 5213
f 5212 5215 5272
f 5212 5272 5273
f 5212 5273 5267
f 5212 5267 5270
f 5215 5268 5267
f 5215 5267 5273
f 5215 5273 5272
f 5216 5220 5217
f 5217 5220 5228
f 5218 5271 5219
f 5219 5222 5221
f 5219 5270 5274
f 5219 5274 5275
f 5219 5275 5222
f 5220 5222 5276
f 5220 5276 5228
f 5222 5277 5276
f 5222 5275 5277
f 5223 5278 5279
f 5223 5279 5232
f 5223 5232 5224
f 5223 5225 5278
f 5225 5227 5280
f 5225 5280 5281
f 5225 5281 5282
f 5225 5282 5283
f 5225 5283 5284
f 5225 5284 5278
f 5226 5230 5285
f 5226 5285 5227
f 5227 5285 5280
f 5228 5276 5229
f 5229 5276 5286
f 5229 5286 5287
f 5229 5287 5288
f 5229 5288 5230
f 5230 5288 5289
f 5230 5289 5290
f 5230 5290 5285
f 5231 5235 5238
f 5232 5279 5278
f 5232 5278 5291
f 5232 5291 5233
f 5233 5291 5292
f 5233 5292 5293
f 5233 5293 5234
f 5234 5293 5294
f 5234 5294 5295
f 5234 5295 5296
f 5234 5296 5297
f 5234 5297 5236
f 5235 5237 5238
f 5236 5297 5237
f 5237 5297 5298
f 5237 5298 5299
f 5237 5299 5239
f 5237 5239 5238
f 5239 5299 5240
f 5240 5299 5300
f 5242 5243 5301
f 5243 5302 5301
f 5244 5251 5303
f 5244 5303 5245
f 5245 5303 5304
f 5245 5304 5305
f 5245 5305 5246
f 5246 5306 5307
f 5246 5307 5308
f 5246 5308 5309
f 5246 5309 5262
f 5246 5262 5310
f 5246 5310 5311
f 5246 5311 5248
f 5246 5248 5247
f 5246 5305 5312
f 5246 5312 5306
f 5248 5311 5262
f 5250 5256 5313
f 5250 5313 5314
f 5250 5314 5315
f 5250 5315 5316
f 5250 5316 5304
f 5250 5304 5251
f 5251 5304 5303
f 5253 5317 5318
f 5253 5318 5256
f 5253 5256 5255
f 5256 5318 5319
f 5256 5319 5320
f 5256 5320 5321
f 5256 5321 5322
f 5256 5322 5323
f 5256 5323 5314
f 5256 5314 5313
f 5257 5265 5258
f 5258 5324 5325
f 5258 5325 5259
f 5258 5265 5324
f 5259 5266 5261
f 5259 5261 5260
f 5259 5325 5267
f 5259 5267 5266
f 5262 5311 5310
f 5262 5309 5263
f 5263 5309 5264
f 5264 5309 5265
f 5265 5309 5326
f 5265 5326 5306
f 5265 5306 5327
f 5265 5327 5328
f 5265 5328 5324
f 5267 5325 5324
f 5267 5324 5329
f 5267 5329 5330
f 5267 5330 5331
f 5267 5331 5332
f 5267 5332 5270
f 5270 5332 5274
f 5274 5332 5331
f 5274 5331 5275
f 5275 5331 5333
f 5275 5333 5277
f 5276 5277 5286
f 5277 5333 5334
f 5277 5334 5286
f 5278 5284 5335
f 5278 5335 5291
f 5280 5285 5336
f 5280 5336 5281
f 5281 5290 5337
f 5281 5337 5338
f 5281 5338 5339
f 5281 5339 5340
f 5281 5340 5341
f 5281 5341 5283
f 5281 5283 5282
f 5281 5336 5285
f 5281 5285 5290
f 5283 5341 5342
f 5283 5342 5284
f 5284 5342 5343
f 5284 5343 5292
f 5284 5292 5291
f 5284 5291 5335
f 5286 5334 5344
f 5286 5344 5287
f 5287 5344 5288
f 5288 5344 5345
f 5288 5345 5346
f 5288 5346 5347
f 5288 5347 5289
f 5289 5347 5348
f 5289 5348 5290
f 5290 5348 5338
f 5290 5338 5337
f 5292 5343 5293
f 5293 5349 5350
f 5293 5350 5294
f 5293 5343 5342
f 5293 5342 5341
f 5293 5341 5351
f 5293 5351 5352
f 5293 5352 5349
f 5294 5350 5295
f 5295 5350 5349
f 5295 5349 5296
f 5296 5298 5353
f 5296 5353 5297
f 5296 5349 5354
f 5296 5354 5298
f 5297 5353 5298
f 5298 5354 5355
f 5298 5355 5300
f 5298 5300 5299
f 5300 5355 5356
f 5301 5357 5358
f 5301 5302 5359
f 5301 5359 5360
f 5301 5360 5357
f 5304 5361 5362
f 5304 5362 5312
f 5304 5312 5305
f 5304 5316 5361
f 5306 5312 5363
f 5306 5363 5364
f 5306 5364 5365
f 5306 5365 5366
f 5306 5366 5367
f 5306 5367 5368
f 5306 5368 5369
f 5306 5369 5370
f 5306 5370 5327
f 5306 5326 5309
f 5306 5309 5307
f 5307 5309 5308
f 5312 5362 5361
f 5312 5361 5363
f 5314 5371 5372
f 5314 5372 5373
f 5314 5373 5315
f 5314 5323 5374
f 5314 5374 5371
f 5315 5373 5375
f 5315 5375 5365
f 5315 5365 5316
f 5316 5365 5361
f 5317 5358 5318
f 5318 5358 5376
f 5318 5376 5319
f 5319 5376 5322
f 5319 5322 5320
f 5320 5322 5321
f 5322 5374 5323
f 5322 5376 5377
f 5322 5377 5378
f 5322 5378 5379
f 5322 5379 5374
f 5324 5380 5381
f 5324 5381 5329
f 5324 5328 5380
f 5327 5370 5328
f 5328 5370 5369
f 5328 5369 5382
f 5328 5382 5383
f 5328 5383 5380
f 5329 5381 5380
f 5329 5380 5384
f 5329 5384 5385
f 5329 5385 5386
f 5329 5386 5330
f 5330 5386 5331
f 5331 5345 5387
f 5331 5387 5333
f 5331 5386 5385
f 5331 5385 5388
f 5331 5388 5345
f 5333 5387 5345
f 5333 5345 5334
f 5334 5345 5344
f 5338 5389 5390
f 5338 5390 5339
f 5338 5348 5391
f 5338 5391 5392
f 5338 5392 5393
f 5338 5393 5389
f 5339 5390 5394
f 5339 5394 5340
f 5340 5395 5396
f 5340 5396 5397
f 5340 5397 5351
f 5340 5351 5341
f 5340 5394 5398
f 5340 5398 5395
f 5345 5388 5399
f 5345 5399 5346
f 5346 5400 5393
f 5346 5393 5392
f 5346 5392 5347
f 5346 5399 5388
f 5346 5388 5401
f 5346 5401 5402
f 5346 5402 5403
f 5346 5403 5400
f 5347 5392 5391
f 5347 5391 5348
f 5349 5352 5354
f 5351 5404 5405
f 5351 5405 5352
f 5351 5397 5404
f 5352 5405 5406
f 5352 5406 5354
f 5354 5407 5408
f 5354 5408 5355
f 5354 5406 5409
f 5354 5409 5407
f 5355 5408 5356
f 5356 5408 5410
f 5357 5411 5358
f 5358 5411 5412
f 5358 5412 5376
f 5361 5365 5364
f 5361 5364 5363
f 5365 5375 5366
f 5366 5375 5373
f 5366 5373 5367
f 5367 5373 5372
f 5367 5372 5371
f 5367 5371 5413
f 5367 5413 5414
f 5367 5414 5368
f 5368 5414 5369
f 5369 5414 5415
f 5369 5415 5416
f 5369 5416 5382
f 5371 5374 5413
f 5374 5379 5413
f 5376 5412 5377
f 5377 5412 5417
f 5377 5417 5378
f 5378 5418 5419
f 5378 5419 5420
f 5378 5420 5379
f 5378 5417 5418
f 5379 5420 5421
f 5379 5421 5413
f 5380 5383 5422
f 5380 5422 5402
f 5380 5402 5401
f 5380 5401 5388
f 5380 5388 5384
f 5382 5416 5383
f 5383 5416 5423
f 5383 5423 5424
f 5383 5424 5402
f 5383 5402 5422
f 5384 5388 5385
f 5389 5393 5425
f 5389 5425 5426
f 5389 5426 5390
f 5390 5427 5394
f 5390 5426 5428
f 5390 5428 5429
f 5390 5429 5427
f 5393 5400 5425
f 5394 5427 5398
f 5395 5430 5396
f 5395 5398 5430
f 5396 5430 5431
f 5396 5431 5397
f 5397 5431 5404
f 5398 5427 5429
f 5398 5429 5432
f 5398 5432 5433
f 5398 5433 5409
f 5398 5409 5430
f 5400 5403 5425
f 5402 5424 5403
f 5403 5424 5428
f 5403 5428 5434
f 5403 5434 5425
f 5404 5431 5405
f 5405 5431 5435
f 5405 5435 5406
f 5406 5435 5409
f 5407 5409 5436
f 5407 5436 5410
f 5407 5410 5408
f 5409 5437 5438
f 5409 5438 5436
f 5409 5435 5430
f 5409 5433 5439
f 5409 5439 5437
f 5410 5436 5438
f 5410 5438 5437
f 5410 5437 5439
f 5412 5440 5441
f 5412 5441 5417
f 5413 5421 5414
f 5414 5421 5415
f 5415 5421 5420
f 5415 5420 5442
f 5415 5442 5443
f 5415 5443 5416
f 5416 5443 5444
f 5416 5444 5428
f 5416 5428 5445
f 5416 5445 5424
f 5416 5424 5423
f 5417 5441 5418
f 5418 5446 5447
f 5418 5447 5419
f 5418 5441 5446
f 5419 5447 5448
f 5419 5448 5442
f 5419 5442 5420
f 5424 5445 5428
f 5425 5449 5426
f 5425 5434 5428
f 5425 5428 5449
f 5426 5449 5428
f 5428 5444 5451
f 5428 5451 5429
f 5429 5450 5432
f 5429 5451 5452
f 5429 5452 5450
f 5430 5435 5431
f 5432 5450 5453
f 5432 5453 5454
f 5432 5454 5433
f 5433 5454 5455
f 5433 5455 5456
f 5433 5456 5439
f 5439 5456 5457
f 5440 5458 5441
f 5441 5458 5459
f 5441 5459 5446
f 5442 5448 5460
f 5442 5460 5443
f 5443 5460 5451
f 5443 5451 5444
f 5446 5459 5461
f 5446 5461 5447
f 5447 5461 5448
f 5448 5461 5462
f 5448 5462 5460
f 5450 5452 5453
f 5451 5460 5463
f 5451 5463 5464
f 5451 5464 5465
f 5451 5465 5452
f 5452 5465 5453
f 5453 5465 5455
f 5453 5455 5454
f 5455 5465 5466
f 5455 5466 5467
f 5455 5467 5468
f 5455 5468 5469
f 5455 5469 5470
f 5455 5470 5456
f 5456 5470 5471
f 5456 5471 5457
f 5458 5472 5459
f 5459 5472 5461
f 5460 5465 5464
f 5460 5464 5463
f 5460 5462 5473
f 5460 5473 5474
f 5460 5474 5465
f 5461 5475 5473
f 5461 5473 5462
f 5461 5472 5475
f 5465 5474 5466
f 5466 5474 5473
f 5466 5473 5476
f 5466 5476 5477
f 5466 5477 5467
f 5472 5478 5475
f 5473 5475 5476
f 5475 5479 5476
f 5475 5478 5479
f 5476 5479 5480
f 5476 5480 5477
f 5481 5482 5488
f 5481 5488 5498
f 5481 5498 5510
f 5481 5510 5534
f 5481 5534 5533
f 5481 5533 5532
f 5481 5532 5567
f 5481 5567 5619
f 5481 5619 5618
f 5481 5618 5617
f 5481 5617 5616
f 5481 5616 5687
f 5481 5687 5686
f 5481 5686 5765
f 5481 5765 5853
f 5481 5853 5852
f 5481 5852 5851
f 5481 5851 5850
f 5481 5850 5849
f 5481 5849 5848
f 5481 5848 5847
f 5481 5847 5872
f 5481 5872 5780
f 5481 5780 5698
f 5481 5698 5697
f 5481 5697 5624
f 5481 5624 5573
f 5481 5573 5572
f 5481 5572 5571
f 5481 5571 5539
f 5481 5539 5515
f 5481 5515 5502
f 5481 5502 5493
f 5481 5493 5492
f 5481 5492 5491
f 5481 5491 5489
f 5481 5489 5483
f 5481 5483 5484
f 5481 5484 5485
f 5481 5485 5495
f 5481 5495 5501
f 5481 5501 5514
f 5481 5514 5538
f 5481 5538 5537
f 5481 5537 5570
f 5481 5570 5623
f 5481 5623 5584
f 5481 5584 5641
f 5481 5641 5636
f 5481 5636 5712
f 5481 5712 5711
f 5481 5711 5710
f 5481 5710 5798
f 5481 5798 5882
f 5481 5882 5957
f 5481 5957 6037
f 5481 6037 6104
f 5481 6104 6064
f 5481 6064 6063
f 5481 6063 5986
f 5481 5986 5985
f 5481 5985 5902
f 5481 5902 5814
f 5481 5814 5813
f 5481 5813 5812
f 5481 5812 5805
f 5481 5805 5718
f 5481 5718 5642
f 5481 5642 5587
f 5481 5587 5548
f 5481 5548 5519
f 5481 5519 5504
f 5481 5504 5496
f 5481 5496 5486
f 5481 5486 5482
f 5482 5486 5487
f 5482 5487 5488
f 5483 5489 5484
f 5484 5490 5485
f 5484 5489 5491
f 5484 5491 5492
f 5484 5492 5493
f 5484 5493 5494
f 5484 5494 5490
f 5485 5490 5495
f 5486 5496 5505
f 5486 5505 5520
f 5486 5520 5551
f 5486 5551 5593
f 5486 5593 5650
f 5486 5650 5731
f 5486 5731 5818
f 5486 5818 5906
f 5486 5906 5987
f 5486 5987 6066
f 5486 6066 6073
f 5486 6073 6077
f 5486 6077 6076
f 5486 6076 6128
f 5486 6128 6127
f 5486 6127 6174
f 5486 6174 6205
f 5486 6205 6206
f 5486 6206 6177
f 5486 6177 6176
f 5486 6176 6132
f 5486 6132 6131
f 5486 6131 6082
f 5486 6082 5996
f 5486 5996 5908
f 5486 5908 5823
f 5486 5823 5821
f 5486 5821 5735
f 5486 5735 5734
f 5486 5734 5654
f 5486 5654 5651
f 5486 5651 5594
f 5486 5594 5552
f 5486 5552 5521
f 5486 5521 5506
f 5486 5506 5497
f 5486 5497 5487
f 5487 5497 5507
f 5487 5507 5524
f 5487 5524 5559
f 5487 5559 5602
f 5487 5602 5666
f 5487 5666 5744
f 5487 5744 5832
f 5487 5832 5917
f 5487 5917 6009
f 5487 6009 6008
f 5487 6008 6093
f 5487 6093 6018
f 5487 6018 5931
f 5487 5931 5856
f 5487 5856 5854
f 5487 5854 5768
f 5487 5768 5767
f 5487 5767 5690
f 5487 5690 5766
f 5487 5766 5688
f 5487 5688 5620
f 5487 5620 5668
f 5487 5668 5603
f 5487 5603 5561
f 5487 5561 5560
f 5487 5560 5526
f 5487 5526 5508
f 5487 5508 5498
f 5487 5498 5488
f 5490 5494 5493
f 5490 5493 5499
f 5490 5499 5500
f 5490 5500 5501
f 5490 5501 5495
f 5493 5502 5503
f 5493 5503 5499
f 5496 5504 5505
f 5497 5506 5507
f 5498 5508 5509
f 5498 5509 5510
f 5499 5503 5511
f 5499 5511 5500
f 5500 5511 5512
f 5500 5512 5513
f 5500 5513 5501
f 5501 5513 5514
f 5502 5515 5516
f 5502 5516 5503
f 5503 5516 5517
f 5503 5517 5518
f 5503 5518 5511
f 5504 5519 5505
f 5505 5519 5520
f 5506 5521 5522
f 5506 5522 5523
f 5506 5523 5507
f 5507 5523 5524
f 5508 5525 5509
f 5508 5526 5527
f 5508 5527 5528
f 5508 5528 5525
f 5509 5529 5530
f 5509 5530 5531
f 5509 5531 5532
f 5509 5532 5533
f 5509 5533 5534
f 5509 5534 5510
f 5509 5525 5528
f 5509 5528 5535
f 5509 5535 5529
f 5511 5518 5512
f 5512 5536 5513
f 5512 5518 5536
f 5513 5536 5537
f 5513 5537 5538
f 5513 5538 5514
f 5515 5539 5540
f 5515 5540 5516
f 5516 5541 5542
f 5516 5542 5517
f 5516 5540 5541
f 5517 5542 5518
f 5518 5542 5543
f 5518 5543 5544
f 5518 5544 5545
f 5518 5545 5546
f 5518 5546 5547
f 5518 5547 5536
f 5519 5548 5549
f 5519 5549 5550
f 5519 5550 5520
f 5520 5550 5551
f 5521 5552 5553
f 5521 5553 5554
f 5521 5554 5555
f 5521 5555 5556
f 5521 5556 5557
f 5521 5557 5522
f 5522 5557 5523
f 5523 5558 5559
f 5523 5559 5524
f 5523 5557 5558
f 5526 5560 5527
f 5527 5560 5561
f 5527 5561 5528
f 5528 5561 5562
f 5528 5562 5535
f 5529 5535 5563
f 5529 5563 5530
f 5530 5564 5531
f 5530 5563 5565
f 5530 5565 5564
f 5531 5564 5566
f 5531 5566 5532
f 5532 5566 5564
f 5532 5564 5567
f 5535 5562 5568
f 5535 5568 5563
f 5536 5547 5569
f 5536 5569 5570
f 5536 5570 5537
f 5539 5571 5540
f 5540 5571 5572
f 5540 5572 5573
f 5540 5573 5574
f 5540 5574 5575
f 5540 5575 5576
f 5540 5576 5541
f 5541 5544 5542
f 5541 5576 5544
f 5542 5544 5543
f 5544 5576 5577
f 5544 5577 5578
f 5544 5578 5545
f 5545 5578 5579
f 5545 5579 5580
f 5545 5580 5546
f 5546 5580 5547
f 5547 5581 5582
f 5547 5582 5583
f 5547 5583 5584
f 5547 5584 5569
f 5547 5580 5585
f 5547 5585 5586
f 5547 5586 5581
f 5548 5587 5549
f 5549 5587 5588
f 5549 5588 5589
f 5549 5589 5550
f 5550 5589 5590
f 5550 5590 5551
f 5551 5590 5591
f 5551 5591 5592
f 5551 5592 5593
f 5552 5594 5595
f 5552 5595 5596
f 5552 5596 5553
f 5553 5596 5554
f 5554 5597 5599
f 5554 5599 5555
f 5554 5596 5598
f 5554 5598 5597
f 5555 5599 5600
f 5555 5600 5557
f 5555 5557 5556
f 5557 5600 5558
f 5558 5600 5601
f 5558 5601 5559
f 5559 5601 5602
f 5561 5603 5562
f 5562 5603 5604
f 5562 5604 5568
f 5563 5605 5606
f 5563 5606 5607
f 5563 5607 5565
f 5563 5568 5605
f 5564 5565 5608
f 5564 5608 5609
f 5564 5609 5610
f 5564 5610 5611
f 5564 5611 5612
f 5564 5612 5613
f 5564 5613 5614
f 5564 5614 5615
f 5564 5615 5616
f 5564 5616 5617
f 5564 5617 5618
f 5564 5618 5619
f 5564 5619 5567
f 5565 5607 5608
f 5568 5604 5620
f 5568 5620 5621
f 5568 5621 5622
f 5568 5622 5605
f 5569 5584 5623
f 5569 5623 5570
f 5573 5624 5574
f 5574 5625 5575
f 5574 5624 5625
f 5575 5625 5576
f 5576 5625 5626
f 5576 5626 5627
f 5576 5627 5577
f 5577 5627 5628
f 5577 5628 5578
f 5578 5628 5629
f 5578 5629 5630
f 5578 5630 5631
f 5578 5631 5579
f 5579 5631 5580
f 5580 5631 5630
f 5580 5630 5632
f 5580 5632 5633
f 5580 5633 5585
f 5581 5586 5582
f 5582 5634 5635
f 5582 5635 5636
f 5582 5636 5583
f 5582 5586 5637
f 5582 5637 5638
f 5582 5638 5639
f 5582 5639 5640
f 5582 5640 5634
f 5583 5636 5641
f 5583 5641 5584
f 5585 5633 5586
f 5586 5633 5637
f 5587 5642 5643
f 5587 5643 5588
f 5588 5643 5589
f 5589 5643 5644
f 5589 5644 5645
f 5589 5645 5646
f 5589 5646 5590
f 5590 5646 5591
f 5591 5646 5647
f 5591 5647 5648
f 5591 5648 5649
f 5591 5649 5592
f 5592 5649 5648
f 5592 5648 5593
f 5593 5648 5650
f 5594 5651 5595
f 5595 5652 5653
f 5595 5653 5596
f 5595 5651 5654
f 5595 5654 5655
f 5595 5655 5652
f 5596 5653 5598
f 5597 5656 5657
f 5597 5657 5658
f 5597 5658 5599
f 5597 5598 5656
f 5598 5653 5659
f 5598 5659 5660
f 5598 5660 5661
f 5598 5661 5656
f 5599 5662 5601
f 5599 5601 5600
f 5599 5658 5663
f 5599 5663 5662
f 5601 5662 5664
f 5601 5664 5602
f 5602 5665 5666
f 5602 5664 5667
f 5602 5667 5665
f 5603 5668 5604
f 5604 5668 5620
f 5605 5622 5606
f 5606 5669 5607
f 5606 5622 5670
f 5606 5670 5669
f 5607 5669 5671
f 5607 5671 5608
f 5608 5671 5609
f 5609 5672 5610
f 5609 5671 5672
f 5610 5672 5611
f 5611 5672 5673
f 5611 5673 5674
f 5611 5674 5675
f 5611 5675 5676
f 5611 5676 5612
f 5612 5676 5675
f 5612 5675 5613
f 5613 5677 5678
f 5613 5678 5679
f 5613 5679 5680
f 5613 5680 5681
f 5613 5681 5682
f 5613 5682 5683
f 5613 5683 5684
f 5613 5684 5614
f 5613 5675 5677
f 5614 5684 5683
f 5614 5683 5685
f 5614 5685 5686
f 5614 5686 5687
f 5614 5687 5616
f 5614 5616 5615
f 5620 5688 5689
f 5620 5689 5621
f 5621 5689 5622
f 5622 5689 5690
f 5622 5690 5691
f 5622 5691 5692
f 5622 5692 5693
f 5622 5693 5694
f 5622 5694 5695
f 5622 5695 5696
f 5622 5696 5670
f 5624 5697 5625
f 5625 5697 5626
f 5626 5697 5698
f 5626 5698 5699
f 5626 5699 5700
f 5626 5700 5627
f 5627 5700 5628
f 5628 5700 5701
f 5628 5701 5702
f 5628 5702 5703
f 5628 5703 5704
f 5628 5704 5705
f 5628 5705 5706
f 5628 5706 5629
f 5629 5706 5630
f 5630 5706 5632
f 5632 5706 5707
f 5632 5707 5708
f 5632 5708 5633
f 5633 5708 5638
f 5633 5638 5637
f 5634 5640 5709
f 5634 5709 5710
f 5634 5710 5711
f 5634 5711 5712
f 5634 5712 5636
f 5634 5636 5635
f 5638 5708 5713
f 5638 5713 5714
f 5638 5714 5639
f 5639 5714 5713
f 5639 5713 5715
f 5639 5715 5716
f 5639 5716 5717
f 5639 5717 5709
f 5639 5709 5640
f 5642 5718 5719
f 5642 5719 5720
f 5642 5720 5643
f 5643 5720 5644
f 5644 5721 5722
f 5644 5722 5645
f 5644 5720 5719
f 5644 5719 5723
f 5644 5723 5721
f 5645 5724 5725
f 5645 5725 5726
f 5645 5726 5727
f 5645 5727 5646
f 5645 5722 5724
f 5646 5727 5728
f 5646 5728 5647
f 5647 5728 5729
f 5647 5729 5650
f 5647 5650 5648
f 5650 5729 5730
f 5650 5730 5731
f 5652 5732 5659
f 5652 5659 5653
f 5652 5655 5733
f 5652 5733 5732
f 5654 5734 5655
f 5655 5734 5735
f 5655 5735 5736
f 5655 5736 5733
f 5656 5661 5657
f 5657 5661 5658
f 5658 5661 5663
f 5659 5732 5737
f 5659 5737 5738
f 5659 5738 5739
f 5659 5739 5660
f 5660 5740 5741
f 5660 5741 5663
f 5660 5663 5661
f 5660 5739 5740
f 5662 5663 5664
f 5663 5741 5742
f 5663 5742 5664
f 5664 5742 5667
f 5665 5743 5666
f 5665 5667 5742
f 5665 5742 5743
f 5666 5743 5831
f 5666 5831 5744
f 5669 5670 5671
f 5670 5696 5671
f 5671 5696 5695
f 5671 5695 5745
f 5671 5745 5672
f 5672 5745 5695
f 5672 5695 5673
f 5673 5675 5674
f 5673 5695 5675
f 5675 5695 5746
f 5675 5746 5747
f 5675 5747 5748
f 5675 5748 5749
f 5675 5749 5677
f 5677 5749 5750
f 5677 5750 5751
f 5677 5751 5752
f 5677 5752 5753
f 5677 5753 5678
f 5678 5753 5679
f 5679 5753 5754
f 5679 5754 5755
f 5679 5755 5756
f 5679 5756 5680
f 5680 5756 5757
f 5680 5757 5758
f 5680 5758 5759
f 5680 5759 5681
f 5681 5759 5760
f 5681 5760 5761
f 5681 5761 5682
f 5682 5761 5762
f 5682 5762 5763
f 5682 5763 5683
f 5683 5763 5764
f 5683 5764 5685
f 5685 5764 5686
f 5686 5764 5765
f 5688 5766 5689
f 5689 5766 5690
f 5690 5767 5691
f 5691 5767 5692
f 5692 5767 5768
f 5692 5768 5769
f 5692 5769 5770
f 5692 5770 5771
f 5692 5771 5693
f 5693 5771 5694
f 5694 5772 5695
f 5694 5771 5773
f 5694 5773 5774
f 5694 5774 5772
f 5695 5772 5775
f 5695 5775 5776
f 5695 5776 5777
f 5695 5777 5778
f 5695 5778 5779
f 5695 5779 5746
f 5698 5780 5781
f 5698 5781 5699
f 5699 5781 5700
f 5700 5781 5702
f 5700 5702 5701
f 5702 5782 5783
f 5702 5783 5761
f 5702 5761 5784
f 5702 5784 5758
f 5702 5758 5785
f 5702 5785 5703
f 5702 5781 5786
f 5702 5786 5782
f 5703 5785 5758
f 5703 5758 5787
f 5703 5787 5704
f 5704 5787 5788
f 5704 5788 5789
f 5704 5789 5790
f 5704 5790 5705
f 5705 5790 5789
f 5705 5789 5706
f 5706 5708 5707
f 5706 5789 5791
f 5706 5791 5792
f 5706 5792 5708
f 5708 5792 5793
f 5708 5793 5794
f 5708 5794 5795
f 5708 5795 5713
f 5709 5717 5796
f 5709 5796 5797
f 5709 5797 5710
f 5710 5797 5798
f 5713 5799 5715
f 5713 5795 5800
f 5713 5800 5801
f 5713 5801 5802
f 5713 5802 5799
f 5715 5803 5716
f 5715 5799 5803
f 5716 5803 5804
f 5716 5804 5717
f 5717 5804 5796
f 5718 5805 5723
f 5718 5723 5719
f 5721 5806 5722
f 5721 5723 5806
f 5722 5806 5807
f 5722 5807 5808
f 5722 5808 5809
f 5722 5809 5810
f 5722 5810 5724
f 5723 5811 5806
f 5723 5805 5812
f 5723 5812 5813
f 5723 5813 5814
f 5723 5814 5811
f 5724 5810 5725
f 5725 5810 5809
f 5725 5809 5726
f 5726 5809 5815
f 5726 5815 5727
f 5727 5815 5728
f 5728 5815 5816
f 5728 5816 5729
f 5729 5816 5730
f 5730 5816 5817
f 5730 5817 5731
f 5731 5817 5818
f 5732 5733 5819
f 5732 5819 5820
f 5732 5820 5737
f 5733 5736 5819
f 5735 5821 5736
f 5736 5822 5820
f 5736 5820 5819
f 5736 5821 5823
f 5736 5823 5822
f 5737 5820 5738
f 5738 5820 5824
f 5738 5824 5825
f 5738 5825 5826
f 5738 5826 5739
f 5739 5826 5827
f 5739 5827 5828
f 5739 5828 5740
f 5740 5828 5829
f 5740 5829 5741
f 5741 5829 5742
f 5742 5829 5830
f 5742 5830 5831
f 5742 5831 5743
f 5744 5831 5832
f 5746 5779 5747
f 5747 5750 5748
f 5747 5779 5778
f 5747 5778 5777
f 5747 5777 5833
f 5747 5833 5750
f 5748 5750 5749
f 5750 5833 5777
f 5750 5777 5834
f 5750 5834 5835
f 5750 5835 5836
f 5750 5836 5837
f 5750 5837 5838
f 5750 5838 5839
f 5750 5839 5751
f 5751 5839 5752
f 5752 5839 5840
f 5752 5840 5841
f 5752 5841 5753
f 5753 5841 5754
f 5754 5841 5842
f 5754 5842 5755
f 5755 5842 5843
f 5755 5843 5756
f 5756 5843 5844
f 5756 5844 5788
f 5756 5788 5845
f 5756 5845 5757
f 5757 5845 5758
f 5758 5788 5846
f 5758 5846 5787
f 5758 5784 5761
f 5758 5761 5760
f 5758 5760 5759
f 5758 5845 5788
f 5761 5783 5847
f 5761 5847 5848
f 5761 5848 5849
f 5761 5849 5850
f 5761 5850 5851
f 5761 5851 5852
f 5761 5852 5762
f 5762 5852 5763
f 5763 5852 5853
f 5763 5853 5765
f 5763 5765 5764
f 5768 5854 5769
f 5769 5855 5774
f 5769 5774 5773
f 5769 5773 5770
f 5769 5854 5856
f 5769 5856 5857
f 5769 5857 5855
f 5770 5773 5771
f 5772 5858 5775
f 5772 5774 5858
f 5774 5855 5859
f 5774 5859 5860
f 5774 5860 5861
f 5774 5861 5858
f 5775 5862 5863
f 5775 5863 5776
f 5775 5858 5861
f 5775 5861 5864
f 5775 5864 5862
f 5776 5865 5777
f 5776 5863 5866
f 5776 5866 5865
f 5777 5867 5868
f 5777 5868 5869
f 5777 5869 5834
f 5777 5865 5870
f 5777 5870 5871
f 5777 5871 5867
f 5780 5872 5786
f 5780 5786 5781
f 5782 5786 5847
f 5782 5847 5783
f 5786 5872 5847
f 5787 5846 5788
f 5788 5873 5874
f 5788 5874 5793
f 5788 5793 5875
f 5788 5875 5789
f 5788 5844 5876
f 5788 5876 5873
f 5789 5875 5791
f 5791 5875 5793
f 5791 5793 5792
f 5793 5874 5873
f 5793 5873 5877
f 5793 5877 5794
f 5794 5877 5873
f 5794 5873 5878
f 5794 5878 5879
f 5794 5879 5801
f 5794 5801 5795
f 5795 5801 5800
f 5796 5880 5797
f 5796 5804 5880
f 5797 5880 5881
f 5797 5881 5798
f 5798 5881 5880
f 5798 5880 5882
f 5799 5802 5883
f 5799 5883 5884
f 5799 5884 5885
f 5799 5885 5886
f 5799 5886 5803
f 5801 5879 5887
f 5801 5887 5888
f 5801 5888 5889
f 5801 5889 5890
f 5801 5890 5802
f 5802 5890 5883
f 5803 5886 5891
f 5803 5891 5804
f 5804 5891 5892
f 5804 5892 5880
f 5806 5893 5807
f 5806 5811 5893
f 5807 5893 5894
f 5807 5894 5895
f 5807 5895 5896
f 5807 5896 5897
f 5807 5897 5808
f 5808 5897 5809
f 5809 5897 5898
f 5809 5898 5899
f 5809 5899 5900
f 5809 5900 5815
f 5811 5901 5893
f 5811 5814 5902
f 5811 5902 5901
f 5815 5903 5816
f 5815 5900 5904
f 5815 5904 5905
f 5815 5905 5903
f 5816 5903 5817
f 5817 5903 5818
f 5818 5903 5906
f 5820 5822 5907
f 5820 5907 5824
f 5822 5823 5907
f 5823 5908 5907
f 5824 5907 5825
f 5825 5907 5909
f 5825 5909 5910
f 5825 5910 5826
f 5826 5910 5827
f 5827 5910 5911
f 5827 5911 5828
f 5828 5912 5913
f 5828 5913 5829
f 5828 5911 5912
f 5829 5913 5830
f 5830 5913 5914
f 5830 5914 5915
f 5830 5915 5916
f 5830 5916 5831
f 5831 5916 5832
f 5832 5916 5917
f 5834 5869 5836
f 5834 5836 5835
f 5836 5918 5919
f 5836 5919 5837
f 5836 5869 5920
f 5836 5920 5918
f 5837 5919 5921
f 5837 5921 5838
f 5838 5921 5922
f 5838 5922 5923
f 5838 5923 5924
f 5838 5924 5840
f 5838 5840 5839
f 5840 5924 5925
f 5840 5925 5842
f 5840 5842 5841
f 5842 5925 5923
f 5842 5923 5926
f 5842 5926 5843
f 5843 5926 5844
f 5844 5926 5876
f 5855 5857 5927
f 5855 5927 5928
f 5855 5928 5929
f 5855 5929 5930
f 5855 5930 5859
f 5856 5931 5927
f 5856 5927 5857
f 5859 5930 5929
f 5859 5929 5932
f 5859 5932 5933
f 5859 5933 5860
f 5860 5933 5934
f 5860 5934 5861
f 5861 5934 5935
f 5861 5935 5936
f 5861 5936 5864
f 5862 5864 5937
f 5862 5937 5938
f 5862 5938 5865
f 5862 5865 5863
f 5863 5865 5866
f 5864 5936 5939
f 5864 5939 5940
f 5864 5940 5937
f 5865 5938 5941
f 5865 5941 5870
f 5867 5942 5943
f 5867 5943 5944
f 5867 5944 5945
f 5867 5945 5868
f 5867 5871 5942
f 5868 5945 5946
f 5868 5946 5947
f 5868 5947 5869
f 5869 5947 5920
f 5870 5941 5939
f 5870 5939 5948
f 5870 5948 5871
f 5871 5948 5949
f 5871 5949 5942
f 5873 5876 5926
f 5873 5926 5878
f 5878 5950 5879
f 5878 5926 5951
f 5878 5951 5952
f 5878 5952 5953
f 5878 5953 5954
f 5878 5954 5955
f 5878 5955 5950
f 5879 5950 5888
f 5879 5888 5887
f 5880 5956 5957
f 5880 5957 5882
f 5880 5892 5891
f 5880 5891 5958
f 5880 5958 5959
f 5880 5959 5956
f 5883 5890 5884
f 5884 5960 5961
f 5884 5961 5885
f 5884 5890 5889
f 5884 5889 5962
f 5884 5962 5963
f 5884 5963 5964
f 5884 5964 5960
f 5885 5961 5886
f 5886 5961 5891
f 5888 5965 5889
f 5888 5950 5955
f 5888 5955 5966
f 5888 5966 5967
f 5888 5967 5968
f 5888 5968 5965
f 5889 5965 5969
f 5889 5969 5962
f 5891 5961 5970
f 5891 5970 5958
f 5893 5971 5972
f 5893 5972 5973
f 5893 5973 5894
f 5893 5901 5971
f 5894 5973 5974
f 5894 5974 5975
f 5894 5975 5895
f 5895 5975 5896
f 5896 5975 5974
f 5896 5974 5976
f 5896 5976 5977
f 5896 5977 5978
f 5896 5978 5897
f 5897 5978 5979
f 5897 5979 5898
f 5898 5979 5980
f 5898 5980 5899
f 5899 5980 5981
f 5899 5981 5982
f 5899 5982 5900
f 5900 5982 5904
f 5901 5983 5984
f 5901 5984 5972
f 5901 5972 5971
f 5901 5902 5985
f 5901 5985 5986
f 5901 5986 5983
f 5903 5987 5906
f 5903 5905 5988
f 5903 5988 5987
f 5904 5982 5989
f 5904 5989 5990
f 5904 5990 5991
f 5904 5991 5992
f 5904 5992 5905
f 5905 5993 5988
f 5905 5992 5994
f 5905 5994 5993
f 5907 5908 5995
f 5907 5995 5909
f 5908 5996 5995
f 5909 5995 5997
f 5909 5997 5998
f 5909 5998 5999
f 5909 5999 5910
f 5910 6000 5911
f 5910 5999 6000
f 5911 6000 6001
f 5911 6001 5912
f 5912 6001 6002
f 5912 6002 6003
f 5912 6003 6004
f 5912 6004 5913
f 5913 6004 6005
f 5913 6005 5914
f 5914 6005 6006
f 5914 6006 6007
f 5914 6007 5915
f 5915 6007 5916
f 5916 6008 6009
f 5916 6009 5917
f 5916 6007 6010
f 5916 6010 6008
f 5918 6011 5919
f 5918 5920 6011
f 5919 6011 5921
f 5920 5947 6012
f 5920 6012 6013
f 5920 6013 6014
f 5920 6014 6011
f 5921 6015 5922
f 5921 6011 6015
f 5922 6015 6016
f 5922 6016 5923
f 5923 6016 5952
f 5923 5952 5951
f 5923 5951 5926
f 5923 5925 5924
f 5927 6017 5928
f 5927 5931 6018
f 5927 6018 6017
f 5928 6017 5929
f 5929 6017 5935
f 5929 5935 5932
f 5932 5935 5933
f 5933 5935 5934
f 5935 6017 6019
f 5935 6019 6007
f 5935 6007 6020
f 5935 6020 6006
f 5935 6006 6021
f 5935 6021 6022
f 5935 6022 5936
f 5936 6022 6023
f 5936 6023 5939
f 5937 5940 5938
f 5938 5940 5939
f 5938 5939 5941
f 5939 6023 5948
f 5942 5949 6024
f 5942 6024 6025
f 5942 6025 5943
f 5943 6025 6026
f 5943 6026 6027
f 5943 6027 5944
f 5944 6027 5945
f 5945 6027 6028
f 5945 6028 6029
f 5945 6029 6030
f 5945 6030 6031
f 5945 6031 5946
f 5946 6031 6032
f 5946 6032 5947
f 5947 6032 6013
f 5947 6013 6012
f 5948 6023 5949
f 5949 6023 6033
f 5949 6033 6034
f 5949 6034 6024
f 5952 6016 5953
f 5953 6016 6035
f 5953 6035 5954
f 5954 6035 5966
f 5954 5966 5955
f 5956 5959 6036
f 5956 6036 6037
f 5956 6037 5957
f 5958 5970 6038
f 5958 6038 6039
f 5958 6039 6040
f 5958 6040 5972
f 5958 5972 6041
f 5958 6041 5959
f 5959 6041 6036
f 5960 5964 6042
f 5960 6042 5961
f 5961 6042 5970
f 5962 5969 5963
f 5963 5969 6043
f 5963 6043 5964
f 5964 6043 6044
f 5964 6044 6045
f 5964 6045 6046
f 5964 6046 6047
f 5964 6047 6048
f 5964 6048 6049
f 5964 6049 6042
f 5965 5968 5969
f 5966 6050 5967
f 5966 6035 6051
f 5966 6051 6050
f 5967 6050 6051
f 5967 6051 5968
f 5968 6051 6052
f 5968 6052 6053
f 5968 6053 6054
f 5968 6054 6055
f 5968 6055 5969
f 5969 6055 6044
f 5969 6044 6043
f 5970 6042 6038
f 5972 5984 6041
f 5972 6040 5974
f 5972 5974 5973
f 5974 6040 6039
f 5974 6039 6056
f 5974 6056 6057
f 5974 6057 5976
f 5976 6057 5977
f 5977 6058 5978
f 5977 6057 6056
f 5977 6056 6058
f 5978 6059 5979
f 5978 6058 6060
f 5978 6060 6059
f 5979 6059 6061
f 5979 6061 5981
f 5979 5981 5980
f 5981 6061 6062
f 5981 6062 5982
f 5982 6062 5989
f 5983 6036 6041
f 5983 6041 5984
f 5983 5986 6063
f 5983 6063 6064
f 5983 6064 6036
f 5987 5988 6065
f 5987 6065 6066
f 5988 5993 6067
f 5988 6067 6065
f 5989 6068 6069
f 5989 6069 5991
f 5989 5991 5990
f 5989 6062 6061
f 5989 6061 6068
f 5991 6069 6070
f 5991 6070 5992
f 5992 6071 5994
f 5992 6070 6072
f 5992 6072 6071
f 5993 6073 6066
f 5993 6066 6067
f 5993 5994 6071
f 5993 6071 6074
f 5993 6074 6075
f 5993 6075 6076
f 5993 6076 6077
f 5993 6077 6073
f 5995 5996 6078
f 5995 6078 6079
f 5995 6079 6080
f 5995 6080 6081
f 5995 6081 5997
f 5996 6082 6078
f 5997 6081 6083
f 5997 6083 5998
f 5998 6084 5999
f 5998 6083 6085
f 5998 6085 6086
f 5998 6086 6084
f 5999 6084 6000
f 6000 6087 6001
f 6000 6084 6088
f 6000 6088 6087
f 6001 6087 6002
f 6002 6087 6089
f 6002 6089 6090
f 6002 6090 6034
f 6002 6034 6003
f 6003 6034 6033
f 6003 6033 6091
f 6003 6091 6006
f 6003 6006 6004
f 6004 6006 6005
f 6006 6020 6007
f 6006 6091 6021
f 6007 6019 6092
f 6007 6092 6010
f 6008 6010 6093
f 6010 6092 6018
f 6010 6018 6093
f 6011 6014 6094
f 6011 6094 6015
f 6013 6032 6031
f 6013 6031 6030
f 6013 6030 6014
f 6014 6030 6095
f 6014 6095 6094
f 6015 6094 6095
f 6015 6095 6096
f 6015 6096 6097
f 6015 6097 6098
f 6015 6098 6052
f 6015 6052 6051
f 6015 6051 6035
f 6015 6035 6016
f 6017 6018 6092
f 6017 6092 6019
f 6021 6091 6022
f 6022 6091 6033
f 6022 6033 6023
f 6024 6034 6025
f 6025 6034 6099
f 6025 6099 6100
f 6025 6100 6101
f 6025 6101 6026
f 6026 6101 6102
f 6026 6102 6027
f 6027 6102 6028
f 6028 6102 6029
f 6029 6102 6030
f 6030 6102 6103
f 6030 6103 6095
f 6034 6090 6099
f 6036 6064 6104
f 6036 6104 6037
f 6038 6042 6105
f 6038 6105 6039
f 6039 6105 6056
f 6042 6049 6105
f 6044 6055 6045
f 6045 6055 6106
f 6045 6106 6107
f 6045 6107 6046
f 6046 6107 6047
f 6047 6108 6060
f 6047 6060 6058
f 6047 6058 6048
f 6047 6107 6109
f 6047 6109 6108
f 6048 6058 6049
f 6049 6058 6105
f 6052 6098 6110
f 6052 6110 6097
f 6052 6097 6053
f 6053 6097 6111
f 6053 6111 6112
f 6053 6112 6054
f 6054 6113 6106
f 6054 6106 6055
f 6054 6112 6113
f 6056 6105 6058
f 6059 6060 6114
f 6059 6114 6061
f 6060 6108 6115
f 6060 6115 6114
f 6061 6114 6068
f 6065 6067 6066
f 6068 6114 6116
f 6068 6116 6117
f 6068 6117 6118
f 6068 6118 6069
f 6069 6118 6119
f 6069 6119 6120
f 6069 6120 6070
f 6070 6120 6121
f 6070 6121 6122
f 6070 6122 6123
f 6070 6123 6072
f 6071 6072 6124
f 6071 6124 6074
f 6072 6123 6125
f 6072 6125 6126
f 6072 6126 6127
f 6072 6127 6128
f 6072 6128 6129
f 6072 6129 6130
f 6072 6130 6124
f 6074 6124 6075
f 6075 6124 6130
f 6075 6130 6129
f 6075 6129 6076
f 6076 6129 6128
f 6078 6082 6131
f 6078 6131 6079
f 6079 6131 6132
f 6079 6132 6133
f 6079 6133 6134
f 6079 6134 6080
f 6080 6134 6135
f 6080 6135 6081
f 6081 6135 6136
f 6081 6136 6083
f 6083 6136 6137
f 6083 6137 6138
f 6083 6138 6139
f 6083 6139 6085
f 6084 6086 6140
f 6084 6140 6141
f 6084 6141 6142
f 6084 6142 6088
f 6085 6139 6143
f 6085 6143 6144
f 6085 6144 6145
f 6085 6145 6086
f 6086 6145 6140
f 6087 6088 6146
f 6087 6146 6089
f 6088 6142 6146
f 6089 6146 6147
f 6089 6147 6090
f 6090 6147 6148
f 6090 6148 6100
f 6090 6100 6099
f 6095 6103 6096
f 6096 6103 6149
f 6096 6149 6097
f 6097 6110 6098
f 6097 6149 6150
f 6097 6150 6151
f 6097 6151 6152
f 6097 6152 6111
f 6100 6148 6101
f 6101 6148 6102
f 6102 6153 6154
f 6102 6154 6103
f 6102 6148 6153
f 6103 6155 6149
f 6103 6154 6155
f 6106 6113 6107
f 6107 6113 6119
f 6107 6119 6117
f 6107 6117 6109
f 6108 6109 6156
f 6108 6156 6115
f 6109 6157 6156
f 6109 6117 6157
f 6111 6152 6158
f 6111 6158 6159
f 6111 6159 6112
f 6112 6159 6160
f 6112 6160 6161
f 6112 6161 6113
f 6113 6161 6162
f 6113 6162 6119
f 6114 6115 6116
f 6115 6156 6157
f 6115 6157 6163
f 6115 6163 6116
f 6116 6163 6117
f 6117 6163 6157
f 6117 6119 6118
f 6119 6162 6164
f 6119 6164 6165
f 6119 6165 6166
f 6119 6166 6120
f 6120 6166 6168
f 6120 6168 6121
f 6121 6167 6122
f 6121 6168 6169
f 6121 6169 6167
f 6122 6167 6170
f 6122 6170 6171
f 6122 6171 6123
f 6123 6171 6172
f 6123 6172 6173
f 6123 6173 6174
f 6123 6174 6125
f 6125 6174 6126
f 6126 6174 6175
f 6126 6175 6127
f 6127 6175 6174
f 6132 6176 6133
f 6133 6176 6177
f 6133 6177 6178
f 6133 6178 6134
f 6134 6178 6179
f 6134 6179 6180
f 6134 6180 6135
f 6135 6180 6137
f 6135 6137 6136
f 6137 6180 6181
f 6137 6181 6182
f 6137 6182 6138
f 6138 6182 6139
f 6139 6182 6183
f 6139 6183 6184
f 6139 6184 6143
f 6140 6145 6144
f 6140 6144 6185
f 6140 6185 6153
f 6140 6153 6141
f 6141 6147 6142
f 6141 6153 6147
f 6142 6147 6146
f 6143 6184 6185
f 6143 6185 6144
f 6147 6153 6148
f 6149 6155 6150
f 6150 6155 6151
f 6151 6158 6152
f 6151 6155 6158
f 6153 6185 6186
f 6153 6186 6187
f 6153 6187 6188
f 6153 6188 6189
f 6153 6189 6154
f 6154 6189 6155
f 6155 6189 6158
f 6158 6188 6190
f 6158 6190 6159
f 6158 6189 6188
f 6159 6190 6162
f 6159 6162 6160
f 6160 6162 6161
f 6162 6190 6164
f 6164 6190 6188
f 6164 6188 6191
f 6164 6191 6192
f 6164 6192 6193
f 6164 6193 6194
f 6164 6194 6165
f 6165 6195 6196
f 6165 6196 6168
f 6165 6168 6166
f 6165 6194 6195
f 6167 6169 6197
f 6167 6197 6198
f 6167 6198 6170
f 6168 6196 6169
f 6169 6196 6199
f 6169 6199 6197
f 6170 6198 6197
f 6170 6197 6200
f 6170 6200 6201
f 6170 6201 6172
f 6170 6172 6171
f 6172 6201 6202
f 6172 6202 6203
f 6172 6203 6173
f 6173 6203 6204
f 6173 6204 6174
f 6174 6204 6205
f 6177 6206 6207
f 6177 6207 6178
f 6178 6207 6179
f 6179 6207 6180
f 6180 6207 6208
f 6180 6208 6181
f 6181 6208 6209
f 6181 6209 6210
f 6181 6210 6182
f 6182 6210 6211
f 6182 6211 6183
f 6183 6211 6200
f 6183 6200 6197
f 6183 6197 6184
f 6184 6212 6185
f 6184 6197 6199
f 6184 6199 6193
f 6184 6193 6212
f 6185 6212 6186
f 6186 6193 6192
f 6186 6192 6213
f 6186 6213 6187
f 6186 6212 6193
f 6187 6213 6188
f 6188 6213 6191
f 6191 6213 6192
f 6193 6199 6194
f 6194 6199 6195
f 6195 6199 6196
f 6200 6211 6210
f 6200 6210 6202
f 6200 6202 6201
f 6202 6210 6209
f 6202 6209 6203
f 6203 6209 6204
f 6204 6209 6208
f 6204 6208 6207
f 6204 6207 6206
f 6204 6206 6205
f 6214 6215 6216
f 6214 6216 6217
f 6214 6217 6224
f 6214 6224 6233
f 6214 6233 6232
f 6214 6232 6250
f 6214 6250 6269
f 6214 6269 6291
f 6214 6291 6290
f 6214 6290 6289
f 6214 6289 6319
f 6214 6319 6318
f 6214 6318 6338
f 6214 6338 6363
f 6214 6363 6362
f 6214 6362 6378
f 6214 6378 6380
f 6214 6380 6364
f 6214 6364 6342
f 6214 6342 6323
f 6214 6323 6294
f 6214 6294 6271
f 6214 6271 6252
f 6214 6252 6235
f 6214 6235 6225
f 6214 6225 6218
f 6214 6218 6227
f 6214 6227 6240
f 6214 6240 6239
f 6214 6239 6238
f 6214 6238 6237
f 6214 6237 6236
f 6214 6236 6253
f 6214 6253 6273
f 6214 6273 6277
f 6214 6277 6258
f 6214 6258 6257
f 6214 6257 6256
f 6214 6256 6242
f 6214 6242 6228
f 6214 6228 6219
f 6214 6219 6215
f 6215 6219 6216
f 6216 6219 6220
f 6216 6220 6221
f 6216 6221 6222
f 6216 6222 6223
f 6216 6223 6224
f 6216 6224 6217
f 6218 6225 6226
f 6218 6226 6227
f 6219 6228 6220
f 6220 6228 6221
f 6221 6229 6222
f 6221 6228 6230
f 6221 6230 6231
f 6221 6231 6223
f 6221 6223 6229
f 6222 6229 6223
f 6223 6232 6233
f 6223 6233 6224
f 6223 6231 6234
f 6223 6234 6232
f 6225 6235 6251
f 6225 6251 6270
f 6225 6270 6292
f 6225 6292 6320
f 6225 6320 6339
f 6225 6339 6347
f 6225 6347 6327
f 6225 6327 6299
f 6225 6299 6274
f 6225 6274 6254
f 6225 6254 6241
f 6225 6241 6226
f 6226 6236 6237
f 6226 6237 6238
f 6226 6238 6239
f 6226 6239 6240
f 6226 6240 6227
f 6226 6241 6255
f 6226 6255 6276
f 6226 6276 6302
f 6226 6302 6330
f 6226 6330 6352
f 6226 6352 6371
f 6226 6371 6392
f 6226 6392 6400
f 6226 6400 6399
f 6226 6399 6398
f 6226 6398 6401
f 6226 6401 6397
f 6226 6397 6396
f 6226 6396 6394
f 6226 6394 6393
f 6226 6393 6373
f 6226 6373 6372
f 6226 6372 6355
f 6226 6355 6354
f 6226 6354 6353
f 6226 6353 6332
f 6226 6332 6331
f 6226 6331 6306
f 6226 6306 6305
f 6226 6305 6303
f 6226 6303 6296
f 6226 6296 6272
f 6226 6272 6253
f 6226 6253 6236
f 6228 6242 6230
f 6230 6242 6243
f 6230 6243 6244
f 6230 6244 6245
f 6230 6245 6246
f 6230 6246 6247
f 6230 6247 6248
f 6230 6248 6231
f 6231 6248 6234
f 6232 6234 6249
f 6232 6249 6250
f 6234 6248 6247
f 6234 6247 6246
f 6234 6246 6249
f 6235 6252 6251
f 6241 6254 6255
f 6242 6256 6243
f 6243 6256 6257
f 6243 6257 6258
f 6243 6258 6259
f 6243 6259 6244
f 6244 6260 6245
f 6244 6259 6260
f 6245 6261 6249
f 6245 6249 6246
f 6245 6260 6262
f 6245 6262 6261
f 6249 6261 6263
f 6249 6263 6264
f 6249 6264 6265
f 6249 6265 6266
f 6249 6266 6267
f 6249 6267 6268
f 6249 6268 6269
f 6249 6269 6250
f 6251 6252 6271
f 6251 6271 6270
f 6253 6272 6273
f 6254 6274 6275
f 6254 6275 6255
f 6255 6275 6276
f 6258 6277 6259
f 6259 6278 6260
f 6259 6277 6279
f 6259 6279 6280
f 6259 6280 6278
f 6260 6278 6281
f 6260 6281 6262
f 6261 6262 6263
f 6262 6280 6282
f 6262 6282 6283
f 6262 6283 6284
f 6262 6284 6285
f 6262 6285 6286
f 6262 6286 6264
f 6262 6264 6263
f 6262 6281 6280
f 6264 6286 6287
f 6264 6287 6265
f 6265 6287 6288
f 6265 6288 6267
f 6265 6267 6266
f 6267 6288 6289
f 6267 6289 6290
f 6267 6290 6268
f 6268 6290 6291
f 6268 6291 6269
f 6270 6271 6292
f 6271 6293 6292
f 6271 6294 6295
f 6271 6295 6293
f 6272 6296 6297
f 6272 6297 6273
f 6273 6297 6298
f 6273 6298 6277
f 6274 6299 6275
f 6275 6299 6300
f 6275 6300 6301
f 6275 6301 6276
f 6276 6301 6302
f 6277 6298 6279
f 6278 6280 6281
f 6279 6298 6303
f 6279 6303 6304
f 6279 6304 6280
f 6280 6304 6282
f 6282 6304 6303
f 6282 6303 6283
f 6283 6305 6306
f 6283 6306 6307
f 6283 6307 6308
f 6283 6308 6309
f 6283 6309 6284
f 6283 6303 6305
f 6284 6309 6310
f 6284 6310 6311
f 6284 6311 6312
f 6284 6312 6285
f 6285 6313 6286
f 6285 6312 6314
f 6285 6314 6311
f 6285 6311 6315
f 6285 6315 6313
f 6286 6313 6316
f 6286 6316 6287
f 6287 6315 6317
f 6287 6317 6318
f 6287 6318 6319
f 6287 6319 6289
f 6287 6289 6288
f 6287 6316 6313
f 6287 6313 6315
f 6292 6293 6321
f 6292 6321 6320
f 6293 6322 6321
f 6293 6295 6322
f 6294 6323 6324
f 6294 6324 6295
f 6295 6324 6325
f 6295 6325 6326
f 6295 6326 6322
f 6296 6303 6297
f 6297 6303 6298
f 6299 6327 6300
f 6300 6328 6329
f 6300 6329 6301
f 6300 6327 6328
f 6301 6329 6330
f 6301 6330 6302
f 6306 6331 6307
f 6307 6331 6332
f 6307 6332 6353
f 6307 6353 6333
f 6307 6333 6334
f 6307 6334 6308
f 6308 6334 6310
f 6308 6310 6309
f 6310 6334 6335
f 6310 6335 6317
f 6310 6317 6336
f 6310 6336 6315
f 6310 6315 6311
f 6311 6314 6312
f 6315 6336 6317
f 6317 6337 6338
f 6317 6338 6318
f 6317 6335 6337
f 6320 6321 6322
f 6320 6322 6339
f 6322 6328 6340
f 6322 6340 6341
f 6322 6341 6339
f 6322 6326 6328
f 6323 6342 6324
f 6324 6343 6325
f 6324 6342 6343
f 6325 6344 6345
f 6325 6345 6326
f 6325 6343 6346
f 6325 6346 6344
f 6326 6345 6328
f 6327 6347 6328
f 6328 6348 6329
f 6328 6347 6339
f 6328 6339 6349
f 6328 6349 6340
f 6328 6345 6350
f 6328 6350 6351
f 6328 6351 6348
f 6329 6348 6352
f 6329 6352 6330
f 6333 6353 6354
f 6333 6354 6355
f 6333 6355 6356
f 6333 6356 6357
f 6333 6357 6334
f 6334 6357 6335
f 6335 6358 6359
f 6335 6359 6360
f 6335 6360 6337
f 6335 6357 6361
f 6335 6361 6358
f 6337 6360 6362
f 6337 6362 6363
f 6337 6363 6338
f 6339 6341 6340
f 6339 6340 6349
f 6342 6364 6365
f 6342 6365 6366
f 6342 6366 6343
f 6343 6366 6346
f 6344 6346 6367
f 6344 6367 6350
f 6344 6350 6345
f 6346 6366 6368
f 6346 6368 6369
f 6346 6369 6367
f 6348 6351 6370
f 6348 6370 6352
f 6350 6367 6351
f 6351 6367 6370
f 6352 6370 6371
f 6355 6372 6356
f 6356 6372 6373
f 6356 6373 6374
f 6356 6374 6357
f 6357 6374 6375
f 6357 6375 6376
f 6357 6376 6377
f 6357 6377 6361
f 6358 6378 6359
f 6358 6361 6379
f 6358 6379 6380
f 6358 6380 6378
f 6359 6378 6360
f 6360 6378 6362
f 6361 6377 6381
f 6361 6381 6382
f 6361 6382 6366
f 6361 6366 6383
f 6361 6383 6379
f 6364 6380 6379
f 6364 6379 6365
f 6365 6379 6366
f 6366 6379 6383
f 6366 6382 6384
f 6366 6384 6368
f 6367 6369 6370
f 6368 6385 6386
f 6368 6386 6369
f 6368 6384 6387
f 6368 6387 6388
f 6368 6388 6385
f 6369 6386 6370
f 6370 6386 6389
f 6370 6389 6390
f 6370 6390 6391
f 6370 6391 6392
f 6370 6392 6371
f 6373 6393 6374
f 6374 6393 6375
f 6375 6393 6394
f 6375 6394 6376
f 6376 6381 6377
f 6376 6394 6388
f 6376 6388 6381
f 6381 6388 6387
f 6381 6387 6382
f 6382 6387 6384
f 6385 6388 6386
f 6386 6388 6395
f 6386 6395 6390
f 6386 6390 6389
f 6388 6396 6397
f 6388 6397 6395
f 6388 6394 6396
f 6390 6395 6391
f 6391 6395 6398
f 6391 6398 6399
f 6391 6399 6400
f 6391 6400 6392
f 6395 6397 6401
f 6395 6401 6398
f 6402 6403 6408
f 6402 6408 6420
f 6402 6420 6438
f 6402 6438 6449
f 6402 6449 6426
f 6402 6426 6414
f 6402 6414 6410
f 6402 6410 6404
f 6402 6404 6405
f 6402 6405 6406
f 6402 6406 6407
f 6402 6407 6419
f 6402 6419 6437
f 6402 6437 6459
f 6402 6459 6458
f 6402 6458 6474
f 6402 6474 6504
f 6402 6504 6531
f 6402 6531 6585
f 6402 6585 6574
f 6402 6574 6572
f 6402 6572 6616
f 6402 6616 6570
f 6402 6570 6615
f 6402 6615 6568
f 6402 6568 6582
f 6402 6582 6581
f 6402 6581 6580
f 6402 6580 6579
f 6402 6579 6578
f 6402 6578 6619
f 6402 6619 6618
f 6402 6618 6650
f 6402 6650 6629
f 6402 6629 6652
f 6402 6652 6658
f 6402 6658 6657
f 6402 6657 6644
f 6402 6644 6643
f 6402 6643 6605
f 6402 6605 6558
f 6402 6558 6554
f 6402 6554 6517
f 6402 6517 6497
f 6402 6497 6464
f 6402 6464 6441
f 6402 6441 6422
f 6402 6422 6409
f 6402 6409 6403
f 6403 6409 6408
f 6404 6410 6405
f 6405 6411 6412
f 6405 6412 6413
f 6405 6413 6406
f 6405 6410 6414
f 6405 6414 6415
f 6405 6415 6416
f 6405 6416 6417
f 6405 6417 6411
f 6406 6413 6418
f 6406 6418 6407
f 6407 6418 6419
f 6408 6409 6421
f 6408 6421 6440
f 6408 6440 6463
f 6408 6463 6496
f 6408 6496 6516
f 6408 6516 6515
f 6408 6515 6553
f 6408 6553 6603
f 6408 6603 6642
f 6408 6642 6656
f 6408 6656 6653
f 6408 6653 6630
f 6408 6630 6586
f 6408 6586 6534
f 6408 6534 6533
f 6408 6533 6505
f 6408 6505 6484
f 6408 6484 6483
f 6408 6483 6482
f 6408 6482 6481
f 6408 6481 6480
f 6408 6480 6479
f 6408 6479 6478
f 6408 6478 6477
f 6408 6477 6454
f 6408 6454 6453
f 6408 6453 6476
f 6408 6476 6491
f 6408 6491 6460
f 6408 6460 6439
f 6408 6439 6420
f 6409 6422 6442
f 6409 6442 6466
f 6409 6466 6499
f 6409 6499 6520
f 6409 6520 6566
f 6409 6566 6614
f 6409 6614 6637
f 6409 6637 6636
f 6409 6636 6635
f 6409 6635 6594
f 6409 6594 6593
f 6409 6593 6543
f 6409 6543 6512
f 6409 6512 6493
f 6409 6493 6462
f 6409 6462 6440
f 6409 6440 6421
f 6411 6417 6412
f 6412 6417 6423
f 6412 6423 6424
f 6412 6424 6425
f 6412 6425 6418
f 6412 6418 6413
f 6414 6426 6427
f 6414 6427 6415
f 6415 6427 6428
f 6415 6428 6417
f 6415 6417 6429
f 6415 6429 6416
f 6416 6429 6430
f 6416 6430 6417
f 6417 6431 6432
f 6417 6432 6433
f 6417 6433 6423
f 6417 6430 6429
f 6417 6428 6434
f 6417 6434 6431
f 6418 6425 6435
f 6418 6435 6436
f 6418 6436 6437
f 6418 6437 6419
f 6420 6439 6438
f 6422 6441 6442
f 6423 6433 6443
f 6423 6443 6444
f 6423 6444 6424
f 6424 6444 6445
f 6424 6445 6446
f 6424 6446 6447
f 6424 6447 6448
f 6424 6448 6435
f 6424 6435 6425
f 6426 6449 6427
f 6427 6449 6450
f 6427 6450 6428
f 6428 6450 6451
f 6428 6451 6434
f 6431 6434 6452
f 6431 6452 6453
f 6431 6453 6454
f 6431 6454 6455
f 6431 6455 6456
f 6431 6456 6433
f 6431 6433 6432
f 6433 6456 6457
f 6433 6457 6443
f 6434 6451 6452
f 6435 6448 6436
f 6436 6448 6458
f 6436 6458 6459
f 6436 6459 6437
f 6438 6439 6460
f 6438 6460 6461
f 6438 6461 6449
f 6440 6462 6463
f 6441 6464 6465
f 6441 6465 6442
f 6442 6465 6466
f 6443 6457 6467
f 6443 6467 6468
f 6443 6468 6445
f 6443 6445 6444
f 6445 6468 6469
f 6445 6469 6470
f 6445 6470 6471
f 6445 6471 6446
f 6446 6471 6447
f 6447 6471 6472
f 6447 6472 6473
f 6447 6473 6474
f 6447 6474 6448
f 6448 6474 6458
f 6449 6461 6450
f 6450 6461 6452
f 6450 6452 6451
f 6452 6461 6475
f 6452 6475 6453
f 6453 6475 6476
f 6454 6477 6457
f 6454 6457 6455
f 6455 6457 6456
f 6457 6477 6478
f 6457 6478 6479
f 6457 6479 6480
f 6457 6480 6481
f 6457 6481 6482
f 6457 6482 6483
f 6457 6483 6484
f 6457 6484 6485
f 6457 6485 6486
f 6457 6486 6487
f 6457 6487 6488
f 6457 6488 6489
f 6457 6489 6490
f 6457 6490 6467
f 6460 6491 6461
f 6461 6491 6476
f 6461 6476 6492
f 6461 6492 6475
f 6462 6493 6494
f 6462 6494 6463
f 6463 6494 6495
f 6463 6495 6496
f 6464 6497 6465
f 6465 6497 6498
f 6465 6498 6499
f 6465 6499 6466
f 6467 6490 6500
f 6467 6500 6470
f 6467 6470 6469
f 6467 6469 6468
f 6470 6500 6501
f 6470 6501 6471
f 6471 6501 6502
f 6471 6502 6503
f 6471 6503 6472
f 6472 6504 6474
f 6472 6474 6473
f 6472 6503 6504
f 6475 6492 6476
f 6484 6505 6485
f 6485 6505 6506
f 6485 6506 6507
f 6485 6507 6486
f 6486 6507 6508
f 6486 6508 6509
f 6486 6509 6487
f 6487 6509 6510
f 6487 6510 6511
f 6487 6511 6488
f 6488 6511 6501
f 6488 6501 6490
f 6488 6490 6489
f 6490 6501 6500
f 6493 6512 6513
f 6493 6513 6494
f 6494 6514 6495
f 6494 6513 6514
f 6495 6515 6516
f 6495 6516 6496
f 6495 6514 6515
f 6497 6517 6518
f 6497 6518 6519
f 6497 6519 6498
f 6498 6519 6499
f 6499 6519 6520
f 6501 6521 6522
f 6501 6522 6523
f 6501 6523 6524
f 6501 6524 6525
f 6501 6525 6502
f 6501 6511 6526
f 6501 6526 6527
f 6501 6527 6528
f 6501 6528 6529
f 6501 6529 6530
f 6501 6530 6521
f 6502 6525 6503
f 6503 6531 6504
f 6503 6525 6532
f 6503 6532 6531
f 6505 6533 6507
f 6505 6507 6506
f 6507 6533 6508
f 6508 6533 6534
f 6508 6534 6535
f 6508 6535 6536
f 6508 6536 6537
f 6508 6537 6538
f 6508 6538 6509
f 6509 6538 6510
f 6510 6528 6526
f 6510 6526 6511
f 6510 6538 6539
f 6510 6539 6540
f 6510 6540 6541
f 6510 6541 6542
f 6510 6542 6530
f 6510 6530 6528
f 6512 6543 6513
f 6513 6543 6544
f 6513 6544 6545
f 6513 6545 6514
f 6514 6545 6546
f 6514 6546 6547
f 6514 6547 6548
f 6514 6548 6549
f 6514 6549 6550
f 6514 6550 6551
f 6514 6551 6552
f 6514 6552 6553
f 6514 6553 6515
f 6517 6554 6555
f 6517 6555 6519
f 6517 6519 6518
f 6519 6556 6557
f 6519 6557 6520
f 6519 6555 6554
f 6519 6554 6558
f 6519 6558 6559
f 6519 6559 6560
f 6519 6560 6561
f 6519 6561 6562
f 6519 6562 6563
f 6519 6563 6564
f 6519 6564 6565
f 6519 6565 6556
f 6520 6557 6567
f 6520 6567 6566
f 6521 6530 6522
f 6522 6568 6569
f 6522 6569 6570
f 6522 6570 6571
f 6522 6571 6523
f 6522 6530 6568
f 6523 6571 6572
f 6523 6572 6573
f 6523 6573 6525
f 6523 6525 6524
f 6525 6574 6532
f 6525 6573 6572
f 6525 6572 6574
f 6526 6528 6575
f 6526 6575 6527
f 6527 6575 6528
f 6528 6530 6529
f 6530 6576 6577
f 6530 6577 6578
f 6530 6578 6579
f 6530 6579 6580
f 6530 6580 6581
f 6530 6581 6582
f 6530 6582 6568
f 6530 6542 6541
f 6530 6541 6583
f 6530 6583 6584
f 6530 6584 6576
f 6531 6532 6585
f 6532 6574 6585
f 6534 6586 6535
f 6535 6587 6536
f 6535 6586 6587
f 6536 6587 6588
f 6536 6588 6589
f 6536 6589 6590
f 6536 6590 6591
f 6536 6591 6537
f 6537 6591 6538
f 6538 6591 6539
f 6539 6541 6540
f 6539 6591 6592
f 6539 6592 6584
f 6539 6584 6583
f 6539 6583 6541
f 6543 6593 6544
f 6544 6593 6594
f 6544 6594 6595
f 6544 6595 6596
f 6544 6596 6545
f 6545 6596 6546
f 6546 6596 6547
f 6547 6596 6597
f 6547 6597 6598
f 6547 6598 6549
f 6547 6549 6548
f 6549 6599 6600
f 6549 6600 6601
f 6549 6601 6551
f 6549 6551 6550
f 6549 6598 6599
f 6551 6553 6552
f 6551 6601 6600
f 6551 6600 6602
f 6551 6602 6603
f 6551 6603 6553
f 6556 6567 6557
f 6556 6565 6604
f 6556 6604 6567
f 6558 6605 6560
f 6558 6560 6559
f 6560 6605 6606
f 6560 6606 6561
f 6561 6606 6607
f 6561 6607 6562
f 6562 6607 6608
f 6562 6608 6563
f 6563 6598 6609
f 6563 6609 6565
f 6563 6565 6564
f 6563 6608 6610
f 6563 6610 6611
f 6563 6611 6598
f 6565 6609 6612
f 6565 6612 6597
f 6565 6597 6604
f 6566 6613 6614
f 6566 6567 6613
f 6567 6604 6596
f 6567 6596 6613
f 6568 6615 6569
f 6569 6615 6570
f 6570 6616 6571
f 6571 6616 6572
f 6576 6584 6617
f 6576 6617 6577
f 6577 6617 6618
f 6577 6618 6619
f 6577 6619 6578
f 6584 6620 6617
f 6584 6592 6621
f 6584 6621 6622
f 6584 6622 6623
f 6584 6623 6624
f 6584 6624 6625
f 6584 6625 6611
f 6584 6611 6626
f 6584 6626 6627
f 6584 6627 6628
f 6584 6628 6629
f 6584 6629 6620
f 6586 6630 6631
f 6586 6631 6587
f 6587 6631 6588
f 6588 6631 6632
f 6588 6632 6589
f 6589 6632 6633
f 6589 6633 6634
f 6589 6634 6590
f 6590 6634 6591
f 6591 6634 6592
f 6592 6634 6621
f 6594 6635 6595
f 6595 6635 6636
f 6595 6636 6596
f 6596 6636 6637
f 6596 6637 6613
f 6596 6604 6597
f 6597 6612 6598
f 6598 6612 6609
f 6598 6611 6599
f 6599 6611 6624
f 6599 6624 6600
f 6600 6624 6638
f 6600 6638 6639
f 6600 6639 6602
f 6602 6639 6640
f 6602 6640 6641
f 6602 6641 6642
f 6602 6642 6603
f 6605 6643 6606
f 6606 6644 6645
f 6606 6645 6607
f 6606 6643 6644
f 6607 6645 6646
f 6607 6646 6627
f 6607 6627 6647
f 6607 6647 6611
f 6607 6611 6610
f 6607 6610 6608
f 6611 6647 6648
f 6611 6648 6626
f 6611 6625 6624
f 6613 6637 6614
f 6617 6649 6618
f 6617 6620 6629
f 6617 6629 6649
f 6618 6649 6650
f 6621 6633 6623
f 6621 6623 6622
f 6621 6634 6633
f 6623 6633 6638
f 6623 6638 6624
f 6626 6648 6627
f 6627 6648 6647
f 6627 6646 6628
f 6628 6646 6651
f 6628 6651 6629
f 6629 6651 6652
f 6629 6650 6649
f 6630 6653 6631
f 6631 6653 6654
f 6631 6654 6641
f 6631 6641 6632
f 6632 6641 6640
f 6632 6640 6655
f 6632 6655 6633
f 6633 6655 6638
f 6638 6655 6640
f 6638 6640 6639
f 6641 6654 6656
f 6641 6656 6642
f 6644 6657 6645
f 6645 6657 6646
f 6646 6657 6658
f 6646 6658 6651
f 6651 6658 6652
f 6653 6656 6654
f 6659 6660 6663
f 6659 6663 6670
f 6659 6670 6683
f 6659 6683 6704
f 6659 6704 6740
f 6659 6740 6743
f 6659 6743 6708
f 6659 6708 6685
f 6659 6685 6672
f 6659 6672 6665
f 6659 6665 6661
f 6659 6661 6667
f 6659 6667 6677
f 6659 6677 6688
f 6659 6688 6711
f 6659 6711 6717
f 6659 6717 6697
f 6659 6697 6724
f 6659 6724 6759
f 6659 6759 6818
f 6659 6818 6811
f 6659 6811 6810
f 6659 6810 6817
f 6659 6817 6816
f 6659 6816 6815
f 6659 6815 6858
f 6659 6858 6892
f 6659 6892 6856
f 6659 6856 6824
f 6659 6824 6819
f 6659 6819 6760
f 6659 6760 6725
f 6659 6725 6698
f 6659 6698 6678
f 6659 6678 6668
f 6659 6668 6662
f 6659 6662 6660
f 6660 6662 6664
f 6660 6664 6671
f 6660 6671 6680
f 6660 6680 6679
f 6660 6679 6700
f 6660 6700 6730
f 6660 6730 6775
f 6660 6775 6829
f 6660 6829 6868
f 6660 6868 6838
f 6660 6838 6837
f 6660 6837 6782
f 6660 6782 6781
f 6660 6781 6836
f 6660 6836 6790
f 6660 6790 6737
f 6660 6737 6702
f 6660 6702 6681
f 6660 6681 6669
f 6660 6669 6663
f 6661 6665 6666
f 6661 6666 6667
f 6662 6668 6664
f 6663 6669 6670
f 6664 6668 6671
f 6665 6672 6674
f 6665 6674 6666
f 6666 6673 6667
f 6666 6674 6675
f 6666 6675 6676
f 6666 6676 6673
f 6667 6673 6677
f 6668 6678 6699
f 6668 6699 6727
f 6668 6727 6762
f 6668 6762 6765
f 6668 6765 6823
f 6668 6823 6861
f 6668 6861 6893
f 6668 6893 6902
f 6668 6902 6901
f 6668 6901 6895
f 6668 6895 6865
f 6668 6865 6828
f 6668 6828 6773
f 6668 6773 6729
f 6668 6729 6700
f 6668 6700 6679
f 6668 6679 6680
f 6668 6680 6671
f 6669 6681 6682
f 6669 6682 6670
f 6670 6682 6684
f 6670 6684 6683
f 6672 6685 6686
f 6672 6686 6674
f 6673 6676 6687
f 6673 6687 6688
f 6673 6688 6677
f 6674 6686 6689
f 6674 6689 6690
f 6674 6690 6675
f 6675 6690 6689
f 6675 6689 6691
f 6675 6691 6692
f 6675 6692 6676
f 6676 6693 6687
f 6676 6692 6694
f 6676 6694 6695
f 6676 6695 6696
f 6676 6696 6697
f 6676 6697 6693
f 6678 6698 6699
f 6681 6701 6682
f 6681 6702 6701
f 6682 6701 6684
f 6683 6684 6703
f 6683 6703 6704
f 6684 6701 6705
f 6684 6705 6706
f 6684 6706 6707
f 6684 6707 6703
f 6685 6708 6709
f 6685 6709 6686
f 6686 6709 6710
f 6686 6710 6689
f 6687 6693 6711
f 6687 6711 6688
f 6689 6710 6712
f 6689 6712 6713
f 6689 6713 6714
f 6689 6714 6691
f 6691 6714 6715
f 6691 6715 6692
f 6692 6715 6716
f 6692 6716 6694
f 6693 6697 6717
f 6693 6717 6711
f 6694 6716 6719
f 6694 6719 6718
f 6694 6718 6695
f 6695 6718 6719
f 6695 6719 6720
f 6695 6720 6721
f 6695 6721 6722
f 6695 6722 6723
f 6695 6723 6696
f 6696 6723 6697
f 6697 6723 6724
f 6698 6725 6726
f 6698 6726 6699
f 6699 6726 6728
f 6699 6728 6727
f 6700 6729 6730
f 6701 6731 6705
f 6701 6702 6732
f 6701 6732 6733
f 6701 6733 6734
f 6701 6734 6735
f 6701 6735 6736
f 6701 6736 6731
f 6702 6737 6732
f 6703 6707 6706
f 6703 6706 6738
f 6703 6738 6739
f 6703 6739 6740
f 6703 6740 6704
f 6705 6731 6706
f 6706 6741 6738
f 6706 6731 6742
f 6706 6742 6741
f 6708 6743 6709
f 6709 6739 6710
f 6709 6743 6739
f 6710 6739 6744
f 6710 6744 6745
f 6710 6745 6712
f 6712 6745 6713
f 6713 6745 6714
f 6714 6746 6715
f 6714 6745 6746
f 6715 6746 6747
f 6715 6747 6716
f 6716 6747 6748
f 6716 6748 6719
f 6719 6748 6749
f 6719 6749 6720
f 6720 6749 6750
f 6720 6750 6751
f 6720 6751 6721
f 6721 6751 6722
f 6722 6751 6752
f 6722 6752 6750
f 6722 6750 6753
f 6722 6753 6754
f 6722 6754 6755
f 6722 6755 6756
f 6722 6756 6757
f 6722 6757 6758
f 6722 6758 6723
f 6723 6758 6759
f 6723 6759 6724
f 6725 6760 6726
f 6726 6760 6761
f 6726 6761 6728
f 6727 6728 6762
f 6728 6763 6764
f 6728 6764 6765
f 6728 6765 6762
f 6728 6761 6766
f 6728 6766 6767
f 6728 6767 6768
f 6728 6768 6769
f 6728 6769 6770
f 6728 6770 6771
f 6728 6771 6772
f 6728 6772 6763
f 6729 6773 6730
f 6730 6774 6775
f 6730 6773 6774
f 6731 6776 6777
f 6731 6777 6778
f 6731 6778 6742
f 6731 6736 6776
f 6732 6737 6779
f 6732 6779 6733
f 6733 6779 6780
f 6733 6780 6734
f 6734 6781 6782
f 6734 6782 6783
f 6734 6783 6736
f 6734 6736 6735
f 6734 6780 6781
f 6736 6783 6784
f 6736 6784 6785
f 6736 6785 6786
f 6736 6786 6787
f 6736 6787 6788
f 6736 6788 6789
f 6736 6789 6776
f 6737 6790 6779
f 6738 6741 6739
f 6739 6741 6744
f 6739 6743 6740
f 6741 6742 6791
f 6741 6791 6792
f 6741 6792 6793
f 6741 6793 6744
f 6742 6778 6791
f 6744 6793 6794
f 6744 6794 6745
f 6745 6794 6795
f 6745 6795 6746
f 6746 6796 6797
f 6746 6797 6798
f 6746 6798 6799
f 6746 6799 6800
f 6746 6800 6801
f 6746 6801 6802
f 6746 6802 6748
f 6746 6748 6747
f 6746 6795 6803
f 6746 6803 6796
f 6748 6802 6749
f 6749 6802 6804
f 6749 6804 6805
f 6749 6805 6754
f 6749 6754 6753
f 6749 6753 6750
f 6750 6752 6751
f 6754 6805 6806
f 6754 6806 6807
f 6754 6807 6808
f 6754 6808 6809
f 6754 6809 6755
f 6755 6810 6811
f 6755 6811 6756
f 6755 6809 6812
f 6755 6812 6813
f 6755 6813 6814
f 6755 6814 6815
f 6755 6815 6816
f 6755 6816 6817
f 6755 6817 6810
f 6756 6811 6818
f 6756 6818 6759
f 6756 6759 6757
f 6757 6759 6758
f 6760 6819 6761
f 6761 6819 6766
f 6763 6820 6821
f 6763 6821 6764
f 6763 6772 6820
f 6764 6821 6822
f 6764 6822 6823
f 6764 6823 6765
f 6766 6819 6767
f 6767 6819 6824
f 6767 6824 6812
f 6767 6812 6809
f 6767 6809 6768
f 6768 6825 6771
f 6768 6771 6769
f 6768 6809 6825
f 6769 6771 6770
f 6771 6826 6821
f 6771 6821 6772
f 6771 6825 6827
f 6771 6827 6826
f 6772 6821 6820
f 6773 6828 6774
f 6774 6829 6775
f 6774 6828 6830
f 6774 6830 6831
f 6774 6831 6832
f 6774 6832 6833
f 6774 6833 6834
f 6774 6834 6835
f 6774 6835 6829
f 6776 6789 6777
f 6777 6789 6786
f 6777 6786 6785
f 6777 6785 6792
f 6777 6792 6778
f 6778 6792 6791
f 6779 6790 6780
f 6780 6790 6836
f 6780 6836 6781
f 6782 6837 6783
f 6783 6837 6838
f 6783 6838 6839
f 6783 6839 6784
f 6784 6839 6840
f 6784 6840 6841
f 6784 6841 6785
f 6785 6841 6842
f 6785 6842 6843
f 6785 6843 6792
f 6786 6789 6788
f 6786 6788 6787
f 6792 6796 6793
f 6792 6843 6844
f 6792 6844 6797
f 6792 6797 6796
f 6793 6845 6794
f 6793 6796 6846
f 6793 6846 6845
f 6794 6845 6795
f 6795 6847 6846
f 6795 6846 6803
f 6795 6845 6847
f 6796 6803 6846
f 6797 6844 6798
f 6798 6844 6848
f 6798 6848 6799
f 6799 6848 6849
f 6799 6849 6850
f 6799 6850 6800
f 6800 6850 6851
f 6800 6851 6852
f 6800 6852 6801
f 6801 6852 6853
f 6801 6853 6802
f 6802 6853 6827
f 6802 6827 6854
f 6802 6854 6855
f 6802 6855 6804
f 6804 6806 6805
f 6804 6855 6807
f 6804 6807 6806
f 6807 6855 6854
f 6807 6854 6825
f 6807 6825 6808
f 6808 6825 6809
f 6812 6824 6856
f 6812 6856 6857
f 6812 6857 6813
f 6813 6857 6858
f 6813 6858 6814
f 6814 6858 6815
f 6821 6823 6822
f 6821 6826 6859
f 6821 6859 6860
f 6821 6860 6823
f 6823 6860 6861
f 6825 6854 6827
f 6826 6827 6860
f 6826 6860 6859
f 6827 6853 6862
f 6827 6862 6863
f 6827 6863 6864
f 6827 6864 6860
f 6828 6865 6866
f 6828 6866 6835
f 6828 6835 6831
f 6828 6831 6830
f 6829 6835 6867
f 6829 6867 6868
f 6831 6835 6832
f 6832 6835 6833
f 6833 6835 6834
f 6835 6869 6870
f 6835 6870 6871
f 6835 6871 6872
f 6835 6872 6839
f 6835 6839 6873
f 6835 6873 6874
f 6835 6874 6867
f 6835 6866 6869
f 6838 6874 6873
f 6838 6873 6875
f 6838 6875 6839
f 6838 6868 6874
f 6839 6875 6873
f 6839 6872 6840
f 6840 6872 6871
f 6840 6871 6876
f 6840 6876 6877
f 6840 6877 6878
f 6840 6878 6841
f 6841 6878 6842
f 6842 6878 6879
f 6842 6879 6844
f 6842 6844 6843
f 6844 6879 6880
f 6844 6880 6881
f 6844 6881 6882
f 6844 6882 6883
f 6844 6883 6884
f 6844 6884 6885
f 6844 6885 6850
f 6844 6850 6849
f 6844 6849 6848
f 6845 6846 6847
f 6850 6885 6886
f 6850 6886 6851
f 6851 6887 6852
f 6851 6886 6888
f 6851 6888 6889
f 6851 6889 6890
f 6851 6890 6853
f 6851 6853 6887
f 6852 6887 6853
f 6853 6890 6891
f 6853 6891 6862
f 6856 6892 6857
f 6857 6892 6858
f 6860 6864 6891
f 6860 6891 6861
f 6861 6891 6893
f 6862 6891 6863
f 6863 6891 6864
f 6865 6894 6866
f 6865 6895 6894
f 6866 6894 6896
f 6866 6896 6869
f 6867 6874 6868
f 6869 6896 6897
f 6869 6897 6870
f 6870 6897 6871
f 6871 6897 6876
f 6876 6882 6881
f 6876 6881 6880
f 6876 6880 6879
f 6876 6879 6877
f 6876 6897 6882
f 6877 6879 6878
f 6882 6898 6883
f 6882 6897 6898
f 6883 6898 6899
f 6883 6899 6900
f 6883 6900 6884
f 6884 6900 6886
f 6884 6886 6885
f 6886 6900 6901
f 6886 6901 6902
f 6886 6902 6903
f 6886 6903 6904
f 6886 6904 6905
f 6886 6905 6889
f 6886 6889 6888
f 6889 6905 6904
f 6889 6904 6906
f 6889 6906 6890
f 6890 6906 6907
f 6890 6907 6891
f 6891 6907 6903
f 6891 6903 6893
f 6893 6903 6902
f 6894 6895 6900
f 6894 6900 6897
f 6894 6897 6896
f 6895 6901 6900
f 6897 6900 6898
f 6898 6900 6899
f 6903 6907 6908
f 6903 6908 6909
f 6903 6909 6904
f 6904 6909 6906
f 6906 6909 6907
f 6907 6909 6908
f 6910 6911 6916
f 6910 6916 6920
f 6910 6920 6928
f 6910 6928 6946
f 6910 6946 6955
f 6910 6955 6954
f 6910 6954 6991
f 6910 6991 7041
f 6910 7041 7040
f 6910 7040 7060
f 6910 7060 7059
f 6910 7059 7006
f 6910 7006 6959
f 6910 6959 6932
f 6910 6932 6922
f 6910 6922 6917
f 6910 6917 6912
f 6910 6912 6913
f 6910 6913 6914
f 6910 6914 6919
f 6910 6919 6927
f 6910 6927 6943
f 6910 6943 6981
f 6910 6981 7031
f 6910 7031 7038
f 6910 7038 7037
f 6910 7037 7086
f 6910 7086 7108
f 6910 7108 7110
f 6910 7110 7117
f 6910 7117 7115
f 6910 7115 7114
f 6910 7114 7125
f 6910 7125 7112
f 6910 7112 7088
f 6910 7088 7053
f 6910 7053 7042
f 6910 7042 6993
f 6910 6993 6985
f 6910 6985 6948
f 6910 6948 6929
f 6910 6929 6921
f 6910 6921 6915
f 6910 6915 6911
f 6911 6915 6916
f 6912 6917 6923
f 6912 6923 6937
f 6912 6937 6967
f 6912 6967 7018
f 6912 7018 7069
f 6912 7069 7068
f 6912 7068 7071
f 6912 7071 7103
f 6912 7103 7122
f 6912 7122 7121
f 6912 7121 7120
f 6912 7120 7123
f 6912 7123 7124
f 6912 7124 7104
f 6912 7104 7074
f 6912 7074 7022
f 6912 7022 6971
f 6912 6971 6970
f 6912 6970 6940
f 6912 6940 6925
f 6912 6925 6918
f 6912 6918 6913
f 6913 6918 6924
f 6913 6924 6939
f 6913 6939 6969
f 6913 6969 7020
f 6913 7020 7072
f 6913 7072 7081
f 6913 7081 7080
f 6913 7080 7079
f 6913 7079 7078
f 6913 7078 7029
f 6913 7029 6979
f 6913 6979 6978
f 6913 6978 6974
f 6913 6974 6941
f 6913 6941 6926
f 6913 6926 6919
f 6913 6919 6914
f 6915 6920 6916
f 6915 6921 6920
f 6917 6922 6923
f 6918 6925 6924
f 6919 6926 6927
f 6920 6921 6928
f 6921 6929 6930
f 6921 6930 6931
f 6921 6931 6928
f 6922 6932 6933
f 6922 6933 6934
f 6922 6934 6923
f 6923 6934 6935
f 6923 6935 6936
f 6923 6936 6937
f 6924 6925 6938
f 6924 6938 6939
f 6925 6940 6938
f 6926 6941 6942
f 6926 6942 6927
f 6927 6942 6944
f 6927 6944 6943
f 6928 6945 6946
f 6928 6931 6947
f 6928 6947 6945
f 6929 6948 6949
f 6929 6949 6930
f 6930 6950 6951
f 6930 6951 6952
f 6930 6952 6953
f 6930 6953 6954
f 6930 6954 6955
f 6930 6955 6945
f 6930 6945 6947
f 6930 6947 6931
f 6930 6949 6956
f 6930 6956 6957
f 6930 6957 6958
f 6930 6958 6950
f 6932 6959 6960
f 6932 6960 6935
f 6932 6935 6933
f 6933 6935 6934
f 6935 6960 6959
f 6935 6959 6961
f 6935 6961 6962
f 6935 6962 6963
f 6935 6963 6964
f 6935 6964 6965
f 6935 6965 6966
f 6935 6966 6936
f 6936 6966 6937
f 6937 6966 6967
f 6938 6968 6969
f 6938 6969 6939
f 6938 6940 6970
f 6938 6970 6971
f 6938 6971 6972
f 6938 6972 6973
f 6938 6973 6968
f 6941 6974 6942
f 6942 6975 6976
f 6942 6976 6977
f 6942 6977 6944
f 6942 6974 6978
f 6942 6978 6979
f 6942 6979 6980
f 6942 6980 6975
f 6943 6944 6981
f 6944 6977 6982
f 6944 6982 6983
f 6944 6983 6984
f 6944 6984 6981
f 6945 6955 6946
f 6948 6956 6949
f 6948 6985 6956
f 6950 6958 6951
f 6951 6958 6986
f 6951 6986 6987
f 6951 6987 6988
f 6951 6988 6989
f 6951 6989 6953
f 6951 6953 6952
f 6953 6989 6990
f 6953 6990 6954
f 6954 6990 6991
f 6956 6985 6992
f 6956 6992 6993
f 6956 6993 6994
f 6956 6994 6957
f 6957 6995 6996
f 6957 6996 6997
f 6957 6997 6998
f 6957 6998 6986
f 6957 6986 6958
f 6957 6994 6999
f 6957 6999 7000
f 6957 7000 7001
f 6957 7001 7002
f 6957 7002 7003
f 6957 7003 7004
f 6957 7004 7005
f 6957 7005 6995
f 6959 7006 7007
f 6959 7007 7008
f 6959 7008 7009
f 6959 7009 6961
f 6961 7009 6962
f 6962 7009 6963
f 6963 7010 7011
f 6963 7011 7012
f 6963 7012 6964
f 6963 7009 7013
f 6963 7013 7010
f 6964 7012 7014
f 6964 7014 6965
f 6965 7014 7015
f 6965 7015 7016
f 6965 7016 7017
f 6965 7017 6966
f 6966 7017 7018
f 6966 7018 6967
f 6968 7019 6969
f 6968 6973 7019
f 6969 7019 7021
f 6969 7021 7020
f 6971 7022 6972
f 6972 7022 7023
f 6972 7023 7024
f 6972 7024 7025
f 6972 7025 7026
f 6972 7026 6973
f 6973 7026 7027
f 6973 7027 7028
f 6973 7028 7019
f 6975 7027 6976
f 6975 6980 7027
f 6976 7027 6982
f 6976 6982 6977
f 6979 7029 6980
f 6980 7029 7030
f 6980 7030 7027
f 6981 6984 7031
f 6982 7032 7033
f 6982 7033 7034
f 6982 7034 6983
f 6982 7027 7032
f 6983 7034 7035
f 6983 7035 7036
f 6983 7036 7037
f 6983 7037 7038
f 6983 7038 7031
f 6983 7031 6984
f 6985 6993 6992
f 6986 6998 6997
f 6986 6997 6987
f 6987 6997 6988
f 6988 7039 6989
f 6988 6997 7039
f 6989 7039 7040
f 6989 7040 7041
f 6989 7041 6990
f 6990 7041 6991
f 6993 7042 6994
f 6994 7042 7043
f 6994 7043 6999
f 6995 7044 7045
f 6995 7045 7046
f 6995 7046 6996
f 6995 7005 7047
f 6995 7047 7044
f 6996 7046 7048
f 6996 7048 6997
f 6997 7013 7049
f 6997 7049 7050
f 6997 7050 7039
f 6997 7048 7051
f 6997 7051 7013
f 6999 7043 7000
f 7000 7052 7001
f 7000 7043 7042
f 7000 7042 7053
f 7000 7053 7052
f 7001 7054 7002
f 7001 7052 7055
f 7001 7055 7054
f 7002 7054 7003
f 7003 7055 7056
f 7003 7056 7057
f 7003 7057 7004
f 7003 7054 7055
f 7004 7058 7047
f 7004 7047 7005
f 7004 7057 7058
f 7006 7059 7007
f 7007 7059 7060
f 7007 7060 7050
f 7007 7050 7049
f 7007 7049 7008
f 7008 7049 7009
f 7009 7049 7013
f 7010 7061 7062
f 7010 7062 7012
f 7010 7012 7011
f 7010 7013 7061
f 7012 7062 7063
f 7012 7063 7044
f 7012 7044 7064
f 7012 7064 7065
f 7012 7065 7014
f 7013 7051 7066
f 7013 7066 7061
f 7014 7065 7015
f 7015 7065 7067
f 7015 7067 7016
f 7016 7068 7069
f 7016 7069 7017
f 7016 7067 7070
f 7016 7070 7071
f 7016 7071 7068
f 7017 7069 7018
f 7019 7028 7027
f 7019 7027 7021
f 7020 7021 7027
f 7020 7027 7073
f 7020 7073 7072
f 7022 7074 7075
f 7022 7075 7023
f 7023 7075 7025
f 7023 7025 7024
f 7025 7075 7026
f 7026 7075 7076
f 7026 7076 7077
f 7026 7077 7027
f 7027 7077 7032
f 7027 7030 7078
f 7027 7078 7079
f 7027 7079 7080
f 7027 7080 7081
f 7027 7081 7073
f 7029 7078 7030
f 7032 7077 7076
f 7032 7076 7033
f 7033 7082 7035
f 7033 7035 7034
f 7033 7076 7083
f 7033 7083 7084
f 7033 7084 7082
f 7035 7082 7085
f 7035 7085 7037
f 7035 7037 7036
f 7037 7085 7086
f 7039 7050 7040
f 7040 7050 7060
f 7044 7063 7062
f 7044 7062 7045
f 7044 7047 7064
f 7045 7062 7066
f 7045 7066 7046
f 7046 7066 7051
f 7046 7051 7048
f 7047 7058 7087
f 7047 7087 7064
f 7052 7053 7088
f 7052 7088 7089
f 7052 7089 7055
f 7055 7089 7090
f 7055 7090 7056
f 7056 7090 7091
f 7056 7091 7083
f 7056 7083 7092
f 7056 7092 7093
f 7056 7093 7094
f 7056 7094 7057
f 7057 7094 7093
f 7057 7093 7092
f 7057 7092 7083
f 7057 7083 7095
f 7057 7095 7076
f 7057 7076 7058
f 7058 7096 7097
f 7058 7097 7087
f 7058 7076 7096
f 7061 7066 7062
f 7064 7087 7065
f 7065 7087 7098
f 7065 7098 7067
f 7067 7098 7099
f 7067 7099 7100
f 7067 7100 7101
f 7067 7101 7102
f 7067 7102 7070
f 7070 7102 7103
f 7070 7103 7071
f 7072 7073 7081
f 7074 7104 7075
f 7075 7104 7076
f 7076 7104 7105
f 7076 7105 7096
f 7076 7095 7083
f 7082 7084 7091
f 7082 7091 7106
f 7082 7106 7107
f 7082 7107 7085
f 7083 7091 7084
f 7085 7108 7086
f 7085 7107 7109
f 7085 7109 7110
f 7085 7110 7108
f 7087 7097 7111
f 7087 7111 7098
f 7088 7112 7089
f 7089 7112 7113
f 7089 7113 7114
f 7089 7114 7115
f 7089 7115 7116
f 7089 7116 7091
f 7089 7091 7090
f 7091 7116 7115
f 7091 7115 7117
f 7091 7117 7109
f 7091 7109 7106
f 7096 7105 7118
f 7096 7118 7111
f 7096 7111 7097
f 7098 7111 7100
f 7098 7100 7099
f 7100 7111 7118
f 7100 7118 7119
f 7100 7119 7101
f 7101 7120 7121
f 7101 7121 7122
f 7101 7122 7102
f 7101 7119 7123
f 7101 7123 7120
f 7102 7122 7103
f 7104 7124 7119
f 7104 7119 7105
f 7105 7119 7118
f 7106 7109 7107
f 7109 7117 7110
f 7112 7125 7113
f 7113 7125 7114
f 7119 7124 7123
f 7126 7127 7128
f 7126 7128 7129
f 7126 7129 7130
f 7126 7130 7131
f 7126 7131 7127
f 7127 7131 7132
f 7127 7132 7133
f 7127 7133 7128
f 7128 7133 7185
f 7128 7185 7200
f 7128 7200 7199
f 7128 7199 7198
f 7128 7198 7196
f 7128 7196 7226
f 7128 7226 7251
f 7128 7251 7276
f 7128 7276 7309
f 7128 7309 7338
f 7128 7338 7306
f 7128 7306 7340
f 7128 7340 7355
f 7128 7355 7341
f 7128 7341 7314
f 7128 7314 7313
f 7128 7313 7312
f 7128 7312 7311
f 7128 7311 7310
f 7128 7310 7277
f 7128 7277 7252
f 7128 7252 7227
f 7128 7227 7205
f 7128 7205 7204
f 7128 7204 7203
f 7128 7203 7202
f 7128 7202 7201
f 7128 7201 7189
f 7128 7189 7188
f 7128 7188 7187
f 7128 7187 7191
f 7128 7191 7190
f 7128 7190 7186
f 7128 7186 7134
f 7128 7134 7129
f 7129 7134 7135
f 7129 7135 7130
f 7130 7135 7131
f 7131 7136 7137
f 7131 7137 7138
f 7131 7138 7139
f 7131 7139 7140
f 7131 7140 7141
f 7131 7141 7142
f 7131 7142 7143
f 7131 7143 7144
f 7131 7144 7145
f 7131 7145 7146
f 7131 7146 7147
f 7131 7147 7148
f 7131 7148 7149
f 7131 7149 7150
f 7131 7150 7151
f 7131 7151 7152
f 7131 7152 7153
f 7131 7153 7154
f 7131 7154 7155
f 7131 7155 7156
f 7131 7156 7132
f 7131 7135 7157
f 7131 7157 7158
f 7131 7158 7159
f 7131 7159 7160
f 7131 7160 7161
f 7131 7161 7162
f 7131 7162 7163
f 7131 7163 7164
f 7131 7164 7165
f 7131 7165 7166
f 7131 7166 7167
f 7131 7167 7168
f 7131 7168 7169
f 7131 7169 7170
f 7131 7170 7171
f 7131 7171 7172
f 7131 7172 7173
f 7131 7173 7174
f 7131 7174 7175
f 7131 7175 7176
f 7131 7176 7177
f 7131 7177 7178
f 7131 7178 7179
f 7131 7179 7180
f 7131 7180 7181
f 7131 7181 7182
f 7131 7182 7183
f 7131 7183 7184
f 7131 7184 7136
f 7132 7156 7133
f 7133 7156 7155
f 7133 7155 7185
f 7134 7186 7135
f 7135 7187 7188
f 7135 7188 7189
f 7135 7189 7157
f 7135 7186 7190
f 7135 7190 7191
f 7135 7191 7187
f 7136 7192 7193
f 7136 7193 7137
f 7136 7184 7194
f 7136 7194 7192
f 7137 7193 7138
f 7138 7195 7222
f 7138 7222 7249
f 7138 7249 7248
f 7138 7248 7272
f 7138 7272 7290
f 7138 7290 7324
f 7138 7324 7326
f 7138 7326 7298
f 7138 7298 7274
f 7138 7274 7250
f 7138 7250 7226
f 7138 7226 7196
f 7138 7196 7139
f 7138 7193 7195
f 7139 7196 7140
f 7140 7197 7141
f 7140 7196 7197
f 7141 7197 7196
f 7141 7196 7198
f 7141 7198 7199
f 7141 7199 7142
f 7142 7199 7143
f 7143 7199 7144
f 7144 7199 7145
f 7145 7200 7146
f 7145 7199 7200
f 7146 7200 7147
f 7147 7200 7148
f 7148 7200 7149
f 7149 7185 7150
f 7149 7200 7185
f 7150 7185 7151
f 7151 7185 7152
f 7152 7185 7153
f 7153 7185 7154
f 7154 7185 7155
f 7157 7189 7158
f 7158 7189 7159
f 7159 7189 7160
f 7160 7189 7161
f 7161 7189 7201
f 7161 7201 7202
f 7161 7202 7162
f 7162 7202 7163
f 7163 7202 7164
f 7164 7202 7165
f 7165 7202 7203
f 7165 7203 7204
f 7165 7204 7166
f 7166 7204 7205
f 7166 7205 7167
f 7167 7206 7168
f 7167 7205 7206
f 7168 7206 7169
f 7169 7206 7170
f 7170 7206 7207
f 7170 7207 7208
f 7170 7208 7171
f 7171 7208 7209
f 7171 7209 7172
f 7172 7210 7173
f 7172 7209 7211
f 7172 7211 7210
f 7173 7210 7212
f 7173 7212 7174
f 7174 7212 7175
f 7175 7212 7176
f 7176 7212 7213
f 7176 7213 7214
f 7176 7214 7177
f 7177 7214 7178
f 7178 7214 7215
f 7178 7215 7179
f 7179 7216 7217
f 7179 7217 7180
f 7179 7215 7216
f 7180 7217 7181
f 7181 7217 7182
f 7182 7217 7216
f 7182 7216 7218
f 7182 7218 7219
f 7182 7219 7220
f 7182 7220 7183
f 7183 7220 7184
f 7184 7220 7194
f 7192 7221 7222
f 7192 7222 7223
f 7192 7223 7193
f 7192 7194 7224
f 7192 7224 7221
f 7193 7223 7222
f 7193 7222 7195
f 7194 7220 7219
f 7194 7219 7218
f 7194 7218 7216
f 7194 7216 7225
f 7194 7225 7224
f 7205 7227 7228
f 7205 7228 7206
f 7206 7229 7207
f 7206 7228 7229
f 7207 7229 7230
f 7207 7230 7208
f 7208 7230 7231
f 7208 7231 7209
f 7209 7231 7211
f 7210 7232 7212
f 7210 7211 7232
f 7211 7231 7233
f 7211 7233 7234
f 7211 7234 7235
f 7211 7235 7236
f 7211 7236 7237
f 7211 7237 7232
f 7212 7238 7213
f 7212 7232 7237
f 7212 7237 7238
f 7213 7238 7239
f 7213 7239 7240
f 7213 7240 7214
f 7214 7241 7242
f 7214 7242 7215
f 7214 7240 7241
f 7215 7242 7216
f 7216 7243 7244
f 7216 7244 7245
f 7216 7245 7246
f 7216 7246 7225
f 7216 7242 7243
f 7221 7247 7248
f 7221 7248 7249
f 7221 7249 7222
f 7221 7224 7246
f 7221 7246 7247
f 7224 7225 7246
f 7226 7250 7251
f 7227 7252 7253
f 7227 7253 7228
f 7228 7253 7229
f 7229 7253 7254
f 7229 7254 7255
f 7229 7255 7230
f 7230 7255 7256
f 7230 7256 7257
f 7230 7257 7231
f 7231 7257 7258
f 7231 7258 7233
f 7233 7258 7259
f 7233 7259 7234
f 7234 7259 7258
f 7234 7258 7260
f 7234 7260 7261
f 7234 7261 7235
f 7235 7237 7236
f 7235 7261 7262
f 7235 7262 7263
f 7235 7263 7237
f 7237 7263 7238
f 7238 7263 7264
f 7238 7264 7265
f 7238 7265 7266
f 7238 7266 7239
f 7239 7266 7241
f 7239 7241 7240
f 7241 7267 7268
f 7241 7268 7269
f 7241 7269 7242
f 7241 7266 7267
f 7242 7269 7270
f 7242 7270 7243
f 7243 7271 7244
f 7243 7270 7271
f 7244 7271 7245
f 7245 7271 7246
f 7246 7271 7247
f 7247 7272 7248
f 7247 7271 7273
f 7247 7273 7272
f 7250 7274 7275
f 7250 7275 7251
f 7251 7275 7276
f 7252 7277 7253
f 7253 7277 7254
f 7254 7256 7255
f 7254 7277 7278
f 7254 7278 7256
f 7256 7278 7279
f 7256 7279 7257
f 7257 7279 7258
f 7258 7279 7280
f 7258 7280 7281
f 7258 7281 7260
f 7260 7281 7282
f 7260 7282 7261
f 7261 7282 7283
f 7261 7283 7284
f 7261 7284 7262
f 7262 7265 7263
f 7262 7284 7285
f 7262 7285 7286
f 7262 7286 7265
f 7263 7265 7264
f 7265 7286 7267
f 7265 7267 7266
f 7267 7286 7268
f 7268 7286 7287
f 7268 7287 7288
f 7268 7288 7271
f 7268 7271 7269
f 7269 7271 7270
f 7271 7288 7289
f 7271 7289 7273
f 7272 7273 7290
f 7273 7289 7291
f 7273 7291 7287
f 7273 7287 7292
f 7273 7292 7293
f 7273 7293 7294
f 7273 7294 7295
f 7273 7295 7296
f 7273 7296 7290
f 7274 7297 7275
f 7274 7298 7299
f 7274 7299 7300
f 7274 7300 7301
f 7274 7301 7302
f 7274 7302 7303
f 7274 7303 7304
f 7274 7304 7305
f 7274 7305 7306
f 7274 7306 7297
f 7275 7297 7307
f 7275 7307 7308
f 7275 7308 7309
f 7275 7309 7276
f 7277 7310 7280
f 7277 7280 7279
f 7277 7279 7278
f 7280 7310 7311
f 7280 7311 7312
f 7280 7312 7281
f 7281 7312 7282
f 7282 7313 7314
f 7282 7314 7315
f 7282 7315 7283
f 7282 7312 7313
f 7283 7315 7316
f 7283 7316 7317
f 7283 7317 7318
f 7283 7318 7284
f 7284 7318 7285
f 7285 7317 7319
f 7285 7319 7286
f 7285 7318 7317
f 7286 7319 7287
f 7287 7291 7289
f 7287 7289 7288
f 7287 7319 7317
f 7287 7317 7320
f 7287 7320 7321
f 7287 7321 7322
f 7287 7322 7323
f 7287 7323 7292
f 7290 7296 7324
f 7292 7323 7325
f 7292 7325 7294
f 7292 7294 7293
f 7294 7325 7295
f 7295 7325 7324
f 7295 7324 7296
f 7297 7306 7307
f 7298 7326 7325
f 7298 7325 7299
f 7299 7325 7300
f 7300 7327 7328
f 7300 7328 7301
f 7300 7325 7329
f 7300 7329 7330
f 7300 7330 7327
f 7301 7328 7331
f 7301 7331 7302
f 7302 7331 7332
f 7302 7332 7303
f 7303 7332 7333
f 7303 7333 7334
f 7303 7334 7304
f 7304 7334 7305
f 7305 7334 7335
f 7305 7335 7336
f 7305 7336 7337
f 7305 7337 7306
f 7306 7338 7339
f 7306 7339 7308
f 7306 7308 7307
f 7306 7337 7336
f 7306 7336 7340
f 7308 7339 7309
f 7309 7339 7338
f 7314 7341 7315
f 7315 7341 7342
f 7315 7342 7316
f 7316 7342 7343
f 7316 7343 7344
f 7316 7344 7345
f 7316 7345 7317
f 7317 7345 7346
f 7317 7346 7320
f 7320 7346 7347
f 7320 7347 7321
f 7321 7347 7348
f 7321 7348 7349
f 7321 7349 7350
f 7321 7350 7351
f 7321 7351 7322
f 7322 7351 7330
f 7322 7330 7329
f 7322 7329 7323
f 7323 7329 7325
f 7324 7325 7326
f 7327 7330 7331
f 7327 7331 7328
f 7330 7351 7331
f 7331 7351 7334
f 7331 7334 7332
f 7332 7334 7333
f 7334 7351 7352
f 7334 7352 7335
f 7335 7353 7336
f 7335 7352 7354
f 7335 7354 7346
f 7335 7346 7344
f 7335 7344 7353
f 7336 7353 7340
f 7340 7353 7344
f 7340 7344 7355
f 7341 7355 7344
f 7341 7344 7343
f 7341 7343 7342
f 7344 7346 7345
f 7346 7354 7356
f 7346 7356 7347
f 7347 7356 7348
f 7348 7356 7350
f 7348 7350 7349
f 7350 7356 7354
f 7350 7354 7352
f 7350 7352 7351
f 7357 7358 7364
f 7357 7364 7372
f 7357 7372 7379
f 7357 7379 7408
f 7357 7408 7435
f 7357 7435 7474
f 7357 7474 7477
f 7357 7477 7531
f 7357 7531 7530
f 7357 7530 7529
f 7357 7529 7528
f 7357 7528 7585
f 7357 7585 7584
f 7357 7584 7615
f 7357 7615 7614
f 7357 7614 7561
f 7357 7561 7508
f 7357 7508 7507
f 7357 7507 7504
f 7357 7504 7458
f 7357 7458 7426
f 7357 7426 7399
f 7357 7399 7374
f 7357 7374 7367
f 7357 7367 7359
f 7357 7359 7368
f 7357 7368 7375
f 7357 7375 7401
f 7357 7401 7431
f 7357 7431 7466
f 7357 7466 7469
f 7357 7469 7518
f 7357 7518 7572
f 7357 7572 7571
f 7357 7571 7630
f 7357 7630 7691
f 7357 7691 7760
f 7357 7760 7759
f 7357 7759 7758
f 7357 7758 7819
f 7357 7819 7864
f 7357 7864 7916
f 7357 7916 7960
f 7357 7960 7952
f 7357 7952 7950
f 7357 7950 7949
f 7357 7949 7984
f 7357 7984 7986
f 7357 7986 7985
f 7357 7985 7981
f 7357 7981 7983
f 7357 7983 8003
f 7357 8003 8023
f 7357 8023 8022
f 7357 8022 8037
f 7357 8037 8036
f 7357 8036 8035
f 7357 8035 8045
f 7357 8045 8042
f 7357 8042 8046
f 7357 8046 8038
f 7357 8038 8024
f 7357 8024 8005
f 7357 8005 8004
f 7357 8004 7987
f 7357 7987 7962
f 7357 7962 7918
f 7357 7918 7866
f 7357 7866 7821
f 7357 7821 7761
f 7357 7761 7694
f 7357 7694 7693
f 7357 7693 7692
f 7357 7692 7631
f 7357 7631 7573
f 7357 7573 7519
f 7357 7519 7471
f 7357 7471 7434
f 7357 7434 7404
f 7357 7404 7376
f 7357 7376 7369
f 7357 7369 7360
f 7357 7360 7361
f 7357 7361 7362
f 7357 7362 7363
f 7357 7363 7358
f 7358 7363 7365
f 7358 7365 7366
f 7358 7366 7373
f 7358 7373 7364
f 7359 7367 7368
f 7360 7369 7361
f 7361 7369 7370
f 7361 7370 7377
f 7361 7377 7407
f 7361 7407 7406
f 7361 7406 7405
f 7361 7405 7433
f 7361 7433 7470
f 7361 7470 7473
f 7361 7473 7472
f 7361 7472 7520
f 7361 7520 7574
f 7361 7574 7632
f 7361 7632 7695
f 7361 7695 7763
f 7361 7763 7762
f 7361 7762 7820
f 7361 7820 7865
f 7361 7865 7917
f 7361 7917 7961
f 7361 7961 7963
f 7361 7963 7988
f 7361 7988 8006
f 7361 8006 8027
f 7361 8027 8039
f 7361 8039 8048
f 7361 8048 8047
f 7361 8047 8040
f 7361 8040 8028
f 7361 8028 8007
f 7361 8007 7991
f 7361 7991 7989
f 7361 7989 7964
f 7361 7964 7923
f 7361 7923 7922
f 7361 7922 7872
f 7361 7872 7828
f 7361 7828 7776
f 7361 7776 7715
f 7361 7715 7701
f 7361 7701 7646
f 7361 7646 7645
f 7361 7645 7644
f 7361 7644 7590
f 7361 7590 7537
f 7361 7537 7482
f 7361 7482 7443
f 7361 7443 7414
f 7361 7414 7388
f 7361 7388 7373
f 7361 7373 7366
f 7361 7366 7365
f 7361 7365 7363
f 7361 7363 7362
f 7364 7371 7372
f 7364 7373 7371
f 7367 7374 7375
f 7367 7375 7368
f 7369 7376 7370
f 7370 7376 7377
f 7371 7378 7372
f 7371 7373 7378
f 7372 7378 7380
f 7372 7380 7379
f 7373 7381 7382
f 7373 7382 7383
f 7373 7383 7384
f 7373 7384 7385
f 7373 7385 7386
f 7373 7386 7387
f 7373 7387 7378
f 7373 7388 7389
f 7373 7389 7390
f 7373 7390 7391
f 7373 7391 7392
f 7373 7392 7393
f 7373 7393 7394
f 7373 7394 7395
f 7373 7395 7396
f 7373 7396 7397
f 7373 7397 7398
f 7373 7398 7381
f 7374 7399 7400
f 7374 7400 7375
f 7375 7400 7402
f 7375 7402 7403
f 7375 7403 7401
f 7376 7404 7405
f 7376 7405 7406
f 7376 7406 7407
f 7376 7407 7377
f 7378 7387 7380
f 7379 7380 7408
f 7380 7387 7409
f 7380 7409 7410
f 7380 7410 7408
f 7381 7398 7411
f 7381 7411 7382
f 7382 7411 7412
f 7382 7412 7383
f 7383 7412 7413
f 7383 7413 7384
f 7384 7413 7385
f 7385 7413 7386
f 7386 7413 7409
f 7386 7409 7387
f 7388 7414 7415
f 7388 7415 7389
f 7389 7416 7417
f 7389 7417 7390
f 7389 7415 7416
f 7390 7417 7418
f 7390 7418 7419
f 7390 7419 7420
f 7390 7420 7391
f 7391 7420 7392
f 7392 7420 7419
f 7392 7419 7421
f 7392 7421 7422
f 7392 7422 7393
f 7393 7422 7394
f 7394 7422 7423
f 7394 7423 7395
f 7395 7423 7396
f 7396 7423 7424
f 7396 7424 7397
f 7397 7424 7425
f 7397 7425 7398
f 7398 7425 7411
f 7399 7426 7427
f 7399 7427 7400
f 7400 7427 7428
f 7400 7428 7402
f 7401 7403 7429
f 7401 7429 7430
f 7401 7430 7431
f 7402 7428 7403
f 7403 7428 7432
f 7403 7432 7429
f 7404 7433 7405
f 7404 7434 7433
f 7408 7410 7436
f 7408 7436 7437
f 7408 7437 7435
f 7409 7438 7439
f 7409 7439 7410
f 7409 7413 7440
f 7409 7440 7438
f 7410 7439 7436
f 7411 7425 7412
f 7412 7441 7413
f 7412 7425 7441
f 7413 7441 7440
f 7414 7442 7415
f 7414 7443 7442
f 7415 7442 7444
f 7415 7444 7445
f 7415 7445 7446
f 7415 7446 7447
f 7415 7447 7416
f 7416 7447 7417
f 7417 7447 7448
f 7417 7448 7418
f 7418 7448 7449
f 7418 7449 7450
f 7418 7450 7451
f 7418 7451 7452
f 7418 7452 7453
f 7418 7453 7419
f 7419 7453 7454
f 7419 7454 7421
f 7421 7454 7455
f 7421 7455 7423
f 7421 7423 7422
f 7423 7455 7424
f 7424 7455 7456
f 7424 7456 7457
f 7424 7457 7425
f 7425 7457 7441
f 7426 7458 7459
f 7426 7459 7427
f 7427 7459 7460
f 7427 7460 7428
f 7428 7461 7462
f 7428 7462 7432
f 7428 7460 7461
f 7429 7463 7464
f 7429 7464 7430
f 7429 7432 7465
f 7429 7465 7463
f 7430 7466 7431
f 7430 7464 7467
f 7430 7467 7468
f 7430 7468 7469
f 7430 7469 7466
f 7432 7462 7465
f 7433 7434 7470
f 7434 7471 7472
f 7434 7472 7473
f 7434 7473 7470
f 7435 7437 7474
f 7436 7439 7437
f 7437 7475 7476
f 7437 7476 7477
f 7437 7477 7474
f 7437 7439 7478
f 7437 7478 7475
f 7438 7479 7439
f 7438 7440 7480
f 7438 7480 7479
f 7439 7479 7478
f 7440 7441 7457
f 7440 7457 7481
f 7440 7481 7480
f 7442 7443 7444
f 7443 7482 7483
f 7443 7483 7484
f 7443 7484 7444
f 7444 7484 7445
f 7445 7485 7486
f 7445 7486 7446
f 7445 7484 7483
f 7445 7483 7487
f 7445 7487 7488
f 7445 7488 7489
f 7445 7489 7485
f 7446 7486 7447
f 7447 7486 7490
f 7447 7490 7491
f 7447 7491 7492
f 7447 7492 7449
f 7447 7449 7448
f 7449 7492 7493
f 7449 7493 7450
f 7450 7493 7451
f 7451 7493 7551
f 7451 7551 7494
f 7451 7494 7495
f 7451 7495 7452
f 7452 7496 7453
f 7452 7495 7497
f 7452 7497 7496
f 7453 7496 7498
f 7453 7498 7499
f 7453 7499 7454
f 7454 7499 7500
f 7454 7500 7501
f 7454 7501 7502
f 7454 7502 7503
f 7454 7503 7455
f 7455 7503 7456
f 7456 7502 7457
f 7456 7503 7502
f 7457 7502 7481
f 7458 7504 7459
f 7459 7505 7506
f 7459 7506 7460
f 7459 7504 7507
f 7459 7507 7508
f 7459 7508 7505
f 7460 7506 7509
f 7460 7509 7510
f 7460 7510 7462
f 7460 7462 7461
f 7462 7510 7511
f 7462 7511 7465
f 7463 7512 7513
f 7463 7513 7464
f 7463 7465 7511
f 7463 7511 7512
f 7464 7513 7467
f 7467 7513 7514
f 7467 7514 7515
f 7467 7515 7516
f 7467 7516 7517
f 7467 7517 7468
f 7468 7517 7469
f 7469 7517 7518
f 7471 7519 7520
f 7471 7520 7472
f 7475 7521 7476
f 7475 7478 7522
f 7475 7522 7480
f 7475 7480 7523
f 7475 7523 7524
f 7475 7524 7521
f 7476 7521 7525
f 7476 7525 7526
f 7476 7526 7527
f 7476 7527 7528
f 7476 7528 7529
f 7476 7529 7530
f 7476 7530 7531
f 7476 7531 7477
f 7478 7479 7522
f 7479 7480 7522
f 7480 7481 7532
f 7480 7532 7523
f 7481 7502 7501
f 7481 7501 7533
f 7481 7533 7534
f 7481 7534 7535
f 7481 7535 7536
f 7481 7536 7532
f 7482 7537 7538
f 7482 7538 7483
f 7483 7538 7539
f 7483 7539 7487
f 7485 7489 7540
f 7485 7540 7486
f 7486 7540 7541
f 7486 7541 7542
f 7486 7542 7543
f 7486 7543 7490
f 7487 7539 7488
f 7488 7539 7544
f 7488 7544 7545
f 7488 7545 7489
f 7489 7545 7546
f 7489 7546 7547
f 7489 7547 7548
f 7489 7548 7540
f 7490 7549 7491
f 7490 7543 7549
f 7491 7549 7550
f 7491 7550 7492
f 7492 7550 7551
f 7492 7551 7493
f 7494 7551 7550
f 7494 7550 7552
f 7494 7552 7495
f 7495 7552 7553
f 7495 7553 7497
f 7496 7497 7554
f 7496 7554 7555
f 7496 7555 7498
f 7497 7553 7556
f 7497 7556 7554
f 7498 7555 7557
f 7498 7557 7558
f 7498 7558 7499
f 7499 7558 7533
f 7499 7533 7500
f 7500 7533 7501
f 7505 7508 7559
f 7505 7559 7560
f 7505 7560 7509
f 7505 7509 7506
f 7508 7561 7559
f 7509 7560 7510
f 7510 7560 7562
f 7510 7562 7563
f 7510 7563 7511
f 7511 7563 7512
f 7512 7564 7565
f 7512 7565 7566
f 7512 7566 7513
f 7512 7563 7564
f 7513 7566 7565
f 7513 7565 7567
f 7513 7567 7514
f 7514 7567 7515
f 7515 7567 7568
f 7515 7568 7569
f 7515 7569 7570
f 7515 7570 7516
f 7516 7518 7517
f 7516 7570 7571
f 7516 7571 7572
f 7516 7572 7518
f 7519 7573 7574
f 7519 7574 7520
f 7521 7524 7575
f 7521 7575 7525
f 7523 7532 7524
f 7524 7532 7536
f 7524 7536 7576
f 7524 7576 7577
f 7524 7577 7575
f 7525 7575 7578
f 7525 7578 7579
f 7525 7579 7526
f 7526 7579 7580
f 7526 7580 7581
f 7526 7581 7582
f 7526 7582 7527
f 7527 7583 7584
f 7527 7584 7585
f 7527 7585 7528
f 7527 7582 7583
f 7533 7558 7586
f 7533 7586 7587
f 7533 7587 7534
f 7534 7587 7588
f 7534 7588 7589
f 7534 7589 7535
f 7535 7589 7536
f 7536 7589 7576
f 7537 7590 7591
f 7537 7591 7538
f 7538 7591 7539
f 7539 7591 7590
f 7539 7590 7592
f 7539 7592 7593
f 7539 7593 7594
f 7539 7594 7595
f 7539 7595 7544
f 7540 7542 7541
f 7540 7548 7596
f 7540 7596 7597
f 7540 7597 7598
f 7540 7598 7542
f 7542 7598 7599
f 7542 7599 7600
f 7542 7600 7601
f 7542 7601 7549
f 7542 7549 7543
f 7544 7595 7545
f 7545 7595 7594
f 7545 7594 7546
f 7546 7602 7603
f 7546 7603 7596
f 7546 7596 7547
f 7546 7594 7604
f 7546 7604 7602
f 7547 7596 7548
f 7549 7601 7550
f 7550 7601 7605
f 7550 7605 7606
f 7550 7606 7552
f 7552 7606 7553
f 7553 7606 7605
f 7553 7605 7607
f 7553 7607 7608
f 7553 7608 7556
f 7554 7609 7555
f 7554 7556 7610
f 7554 7610 7611
f 7554 7611 7609
f 7555 7609 7557
f 7556 7608 7610
f 7557 7609 7612
f 7557 7612 7558
f 7558 7612 7613
f 7558 7613 7586
f 7559 7583 7560
f 7559 7561 7614
f 7559 7614 7615
f 7559 7615 7583
f 7560 7583 7581
f 7560 7581 7562
f 7562 7581 7616
f 7562 7616 7563
f 7563 7616 7617
f 7563 7617 7618
f 7563 7618 7565
f 7563 7565 7564
f 7565 7618 7619
f 7565 7619 7620
f 7565 7620 7621
f 7565 7621 7567
f 7567 7621 7622
f 7567 7622 7623
f 7567 7623 7624
f 7567 7624 7625
f 7567 7625 7568
f 7568 7625 7569
f 7569 7625 7626
f 7569 7626 7627
f 7569 7627 7628
f 7569 7628 7629
f 7569 7629 7570
f 7570 7629 7571
f 7571 7629 7630
f 7573 7631 7574
f 7574 7631 7632
f 7575 7577 7633
f 7575 7633 7578
f 7576 7589 7634
f 7576 7634 7577
f 7577 7634 7635
f 7577 7635 7636
f 7577 7636 7633
f 7578 7633 7637
f 7578 7637 7579
f 7579 7637 7638
f 7579 7638 7580
f 7580 7638 7639
f 7580 7639 7640
f 7580 7640 7581
f 7581 7640 7617
f 7581 7617 7616
f 7581 7583 7582
f 7583 7615 7584
f 7586 7641 7642
f 7586 7642 7587
f 7586 7613 7643
f 7586 7643 7641
f 7587 7642 7636
f 7587 7636 7588
f 7588 7636 7635
f 7588 7635 7634
f 7588 7634 7589
f 7590 7644 7592
f 7592 7644 7645
f 7592 7645 7646
f 7592 7646 7647
f 7592 7647 7604
f 7592 7604 7593
f 7593 7604 7594
f 7596 7603 7648
f 7596 7648 7597
f 7597 7649 7598
f 7597 7648 7650
f 7597 7650 7651
f 7597 7651 7649
f 7598 7649 7652
f 7598 7652 7653
f 7598 7653 7599
f 7599 7653 7654
f 7599 7654 7600
f 7600 7654 7607
f 7600 7607 7605
f 7600 7605 7601
f 7602 7655 7603
f 7602 7604 7655
f 7603 7655 7656
f 7603 7656 7648
f 7604 7657 7658
f 7604 7658 7655
f 7604 7647 7659
f 7604 7659 7660
f 7604 7660 7661
f 7604 7661 7662
f 7604 7662 7663
f 7604 7663 7664
f 7604 7664 7665
f 7604 7665 7657
f 7607 7654 7666
f 7607 7666 7608
f 7608 7667 7610
f 7608 7666 7667
f 7609 7611 7668
f 7609 7668 7669
f 7609 7669 7670
f 7609 7670 7671
f 7609 7671 7612
f 7610 7667 7672
f 7610 7672 7611
f 7611 7672 7668
f 7612 7671 7643
f 7612 7643 7613
f 7617 7640 7673
f 7617 7673 7674
f 7617 7674 7618
f 7618 7674 7675
f 7618 7675 7619
f 7619 7675 7676
f 7619 7676 7677
f 7619 7677 7678
f 7619 7678 7620
f 7620 7678 7679
f 7620 7679 7621
f 7621 7679 7622
f 7622 7679 7623
f 7623 7679 7678
f 7623 7678 7624
f 7624 7678 7680
f 7624 7680 7681
f 7624 7681 7682
f 7624 7682 7683
f 7624 7683 7684
f 7624 7684 7685
f 7624 7685 7626
f 7624 7626 7625
f 7626 7685 7686
f 7626 7686 7687
f 7626 7687 7627
f 7627 7688 7689
f 7627 7689 7628
f 7627 7687 7688
f 7628 7689 7629
f 7629 7689 7688
f 7629 7688 7690
f 7629 7690 7691
f 7629 7691 7630
f 7631 7692 7632
f 7632 7692 7693
f 7632 7693 7694
f 7632 7694 7695
f 7633 7636 7637
f 7636 7642 7696
f 7636 7696 7637
f 7637 7696 7638
f 7638 7696 7639
f 7639 7696 7640
f 7640 7696 7673
f 7641 7643 7697
f 7641 7697 7642
f 7642 7697 7698
f 7642 7698 7696
f 7643 7671 7699
f 7643 7699 7700
f 7643 7700 7697
f 7646 7701 7659
f 7646 7659 7647
f 7648 7656 7650
f 7649 7702 7652
f 7649 7651 7703
f 7649 7703 7702
f 7650 7704 7705
f 7650 7705 7706
f 7650 7706 7707
f 7650 7707 7651
f 7650 7656 7704
f 7651 7707 7703
f 7652 7702 7653
f 7653 7708 7709
f 7653 7709 7666
f 7653 7666 7654
f 7653 7702 7710
f 7653 7710 7708
f 7655 7658 7704
f 7655 7704 7656
f 7657 7665 7711
f 7657 7711 7658
f 7658 7712 7705
f 7658 7705 7704
f 7658 7711 7712
f 7659 7701 7713
f 7659 7713 7660
f 7660 7713 7714
f 7660 7714 7715
f 7660 7715 7716
f 7660 7716 7717
f 7660 7717 7661
f 7661 7717 7718
f 7661 7718 7719
f 7661 7719 7662
f 7662 7719 7720
f 7662 7720 7663
f 7663 7720 7664
f 7664 7720 7721
f 7664 7721 7722
f 7664 7722 7723
f 7664 7723 7724
f 7664 7724 7665
f 7665 7724 7725
f 7665 7725 7711
f 7666 7709 7726
f 7666 7726 7727
f 7666 7727 7728
f 7666 7728 7729
f 7666 7729 7667
f 7667 7729 7730
f 7667 7730 7731
f 7667 7731 7732
f 7667 7732 7672
f 7668 7672 7733
f 7668 7733 7734
f 7668 7734 7735
f 7668 7735 7736
f 7668 7736 7737
f 7668 7737 7669
f 7669 7737 7699
f 7669 7699 7670
f 7670 7699 7671
f 7672 7732 7738
f 7672 7738 7733
f 7673 7696 7698
f 7673 7698 7739
f 7673 7739 7676
f 7673 7676 7674
f 7674 7676 7675
f 7676 7739 7677
f 7677 7739 7740
f 7677 7740 7678
f 7678 7741 7742
f 7678 7742 7743
f 7678 7743 7680
f 7678 7740 7741
f 7680 7743 7744
f 7680 7744 7681
f 7681 7744 7682
f 7682 7744 7745
f 7682 7745 7746
f 7682 7746 7683
f 7683 7746 7747
f 7683 7747 7748
f 7683 7748 7749
f 7683 7749 7684
f 7684 7749 7750
f 7684 7750 7751
f 7684 7751 7752
f 7684 7752 7685
f 7685 7752 7686
f 7686 7752 7753
f 7686 7753 7754
f 7686 7754 7755
f 7686 7755 7687
f 7687 7755 7688
f 7688 7755 7756
f 7688 7756 7757
f 7688 7757 7690
f 7690 7757 7758
f 7690 7758 7759
f 7690 7759 7760
f 7690 7760 7691
f 7694 7761 7762
f 7694 7762 7763
f 7694 7763 7695
f 7697 7764 7698
f 7697 7700 7764
f 7698 7764 7740
f 7698 7740 7739
f 7699 7737 7765
f 7699 7765 7766
f 7699 7766 7700
f 7700 7766 7767
f 7700 7767 7764
f 7701 7714 7713
f 7701 7715 7714
f 7702 7768 7769
f 7702 7769 7726
f 7702 7726 7710
f 7702 7703 7768
f 7703 7707 7770
f 7703 7770 7768
f 7705 7712 7775
f 7705 7775 7771
f 7705 7771 7772
f 7705 7772 7706
f 7706 7772 7773
f 7706 7773 7774
f 7706 7774 7707
f 7707 7774 7770
f 7708 7710 7726
f 7708 7726 7709
f 7711 7725 7775
f 7711 7775 7712
f 7715 7776 7777
f 7715 7777 7716
f 7716 7777 7778
f 7716 7778 7717
f 7717 7778 7721
f 7717 7721 7779
f 7717 7779 7718
f 7718 7779 7721
f 7718 7721 7719
f 7719 7721 7720
f 7721 7780 7781
f 7721 7781 7782
f 7721 7782 7783
f 7721 7783 7784
f 7721 7784 7722
f 7721 7778 7785
f 7721 7785 7786
f 7721 7786 7780
f 7722 7784 7787
f 7722 7787 7723
f 7723 7787 7724
f 7724 7787 7725
f 7725 7787 7788
f 7725 7788 7789
f 7725 7789 7790
f 7725 7790 7791
f 7725 7791 7775
f 7726 7769 7792
f 7726 7792 7727
f 7727 7792 7728
f 7728 7792 7730
f 7728 7730 7729
f 7730 7793 7794
f 7730 7794 7731
f 7730 7792 7793
f 7731 7794 7732
f 7732 7794 7738
f 7733 7738 7734
f 7734 7738 7794
f 7734 7794 7795
f 7734 7795 7796
f 7734 7796 7797
f 7734 7797 7798
f 7734 7798 7799
f 7734 7799 7800
f 7734 7800 7735
f 7735 7800 7801
f 7735 7801 7802
f 7735 7802 7747
f 7735 7747 7736
f 7736 7747 7745
f 7736 7745 7737
f 7737 7745 7765
f 7740 7764 7767
f 7740 7767 7741
f 7741 7767 7742
f 7742 7767 7766
f 7742 7766 7743
f 7743 7766 7765
f 7743 7765 7744
f 7744 7765 7745
f 7745 7747 7746
f 7747 7802 7748
f 7748 7802 7749
f 7749 7802 7803
f 7749 7803 7804
f 7749 7804 7805
f 7749 7805 7750
f 7750 7805 7806
f 7750 7806 7807
f 7750 7807 7808
f 7750 7808 7751
f 7751 7808 7752
f 7752 7809 7753
f 7752 7808 7810
f 7752 7810 7809
f 7753 7809 7811
f 7753 7811 7812
f 7753 7812 7813
f 7753 7813 7754
f 7754 7756 7755
f 7754 7813 7814
f 7754 7814 7815
f 7754 7815 7756
f 7756 7816 7757
f 7756 7815 7816
f 7757 7816 7817
f 7757 7817 7818
f 7757 7818 7758
f 7758 7818 7819
f 7761 7820 7762
f 7761 7821 7820
f 7768 7822 7792
f 7768 7792 7769
f 7768 7770 7822
f 7770 7823 7824
f 7770 7824 7822
f 7770 7774 7773
f 7770 7773 7772
f 7770 7772 7771
f 7770 7771 7825
f 7770 7825 7826
f 7770 7826 7823
f 7771 7775 7827
f 7771 7827 7825
f 7775 7791 7827
f 7776 7828 7829
f 7776 7829 7830
f 7776 7830 7777
f 7777 7830 7778
f 7778 7830 7831
f 7778 7831 7785
f 7780 7832 7781
f 7780 7786 7833
f 7780 7833 7834
f 7780 7834 7832
f 7781 7832 7835
f 7781 7835 7782
f 7782 7835 7783
f 7783 7835 7836
f 7783 7836 7837
f 7783 7837 7787
f 7783 7787 7784
f 7785 7838 7786
f 7785 7831 7839
f 7785 7839 7838
f 7786 7838 7833
f 7787 7837 7836
f 7787 7836 7840
f 7787 7840 7788
f 7788 7840 7841
f 7788 7841 7842
f 7788 7842 7789
f 7789 7842 7790
f 7790 7842 7791
f 7791 7842 7843
f 7791 7843 7844
f 7791 7844 7845
f 7791 7845 7827
f 7792 7822 7793
f 7793 7796 7794
f 7793 7822 7796
f 7794 7796 7795
f 7796 7822 7846
f 7796 7846 7797
f 7797 7846 7847
f 7797 7847 7848
f 7797 7848 7849
f 7797 7849 7798
f 7798 7849 7850
f 7798 7850 7801
f 7798 7801 7799
f 7799 7801 7800
f 7801 7850 7806
f 7801 7806 7805
f 7801 7805 7802
f 7802 7805 7804
f 7802 7804 7803
f 7806 7850 7851
f 7806 7851 7852
f 7806 7852 7853
f 7806 7853 7854
f 7806 7854 7855
f 7806 7855 7807
f 7807 7810 7808
f 7807 7855 7810
f 7809 7810 7856
f 7809 7856 7811
f 7810 7855 7856
f 7811 7856 7812
f 7812 7856 7857
f 7812 7857 7813
f 7813 7857 7814
f 7814 7858 7859
f 7814 7859 7815
f 7814 7857 7858
f 7815 7859 7816
f 7816 7860 7817
f 7816 7859 7861
f 7816 7861 7860
f 7817 7860 7862
f 7817 7862 7818
f 7818 7862 7819
f 7819 7862 7861
f 7819 7861 7863
f 7819 7863 7864
f 7820 7821 7866
f 7820 7866 7865
f 7822 7824 7867
f 7822 7867 7868
f 7822 7868 7869
f 7822 7869 7846
f 7823 7870 7824
f 7823 7826 7870
f 7824 7870 7867
f 7825 7827 7845
f 7825 7845 7826
f 7826 7845 7871
f 7826 7871 7870
f 7828 7872 7829
f 7829 7873 7874
f 7829 7874 7831
f 7829 7831 7830
f 7829 7872 7873
f 7831 7874 7839
f 7832 7875 7876
f 7832 7876 7877
f 7832 7877 7878
f 7832 7878 7835
f 7832 7834 7879
f 7832 7879 7880
f 7832 7880 7881
f 7832 7881 7875
f 7833 7838 7882
f 7833 7882 7883
f 7833 7883 7834
f 7834 7883 7931
f 7834 7931 7879
f 7835 7878 7836
f 7836 7878 7884
f 7836 7884 7840
f 7838 7839 7885
f 7838 7885 7886
f 7838 7886 7882
f 7839 7874 7887
f 7839 7887 7885
f 7840 7884 7841
f 7841 7843 7842
f 7841 7884 7888
f 7841 7888 7843
f 7843 7888 7889
f 7843 7889 7844
f 7844 7890 7891
f 7844 7891 7892
f 7844 7892 7845
f 7844 7889 7890
f 7845 7892 7871
f 7846 7869 7847
f 7847 7849 7848
f 7847 7869 7893
f 7847 7893 7894
f 7847 7894 7849
f 7849 7894 7850
f 7850 7894 7851
f 7851 7894 7895
f 7851 7895 7852
f 7852 7895 7896
f 7852 7896 7897
f 7852 7897 7898
f 7852 7898 7899
f 7852 7899 7900
f 7852 7900 7853
f 7853 7900 7901
f 7853 7901 7854
f 7854 7901 7902
f 7854 7902 7903
f 7854 7903 7904
f 7854 7904 7905
f 7854 7905 7856
f 7854 7856 7855
f 7856 7905 7857
f 7857 7905 7904
f 7857 7904 7903
f 7857 7903 7858
f 7858 7903 7902
f 7858 7902 7906
f 7858 7906 7907
f 7858 7907 7908
f 7858 7908 7909
f 7858 7909 7910
f 7858 7910 7911
f 7858 7911 7859
f 7859 7911 7861
f 7860 7861 7862
f 7861 7912 7913
f 7861 7913 7863
f 7861 7911 7912
f 7863 7913 7914
f 7863 7914 7915
f 7863 7915 7916
f 7863 7916 7864
f 7865 7866 7917
f 7866 7918 7917
f 7867 7919 7920
f 7867 7920 7868
f 7867 7870 7919
f 7868 7920 7895
f 7868 7895 7893
f 7868 7893 7869
f 7870 7871 7898
f 7870 7898 7919
f 7871 7921 7898
f 7871 7892 7921
f 7872 7922 7873
f 7873 7922 7923
f 7873 7923 7924
f 7873 7924 7925
f 7873 7925 7887
f 7873 7887 7874
f 7875 7881 7926
f 7875 7926 7927
f 7875 7927 7876
f 7876 7927 7877
f 7877 7927 7928
f 7877 7928 7929
f 7877 7929 7930
f 7877 7930 7884
f 7877 7884 7878
f 7879 7931 7932
f 7879 7932 7880
f 7880 7932 7881
f 7881 7932 7926
f 7882 7886 7933
f 7882 7933 7883
f 7883 7933 7976
f 7883 7976 7931
f 7884 7930 7888
f 7885 7887 7934
f 7885 7934 7935
f 7885 7935 7936
f 7885 7936 7886
f 7886 7936 7933
f 7887 7925 7934
f 7888 7930 7889
f 7889 7930 7890
f 7890 7930 7891
f 7891 7898 7921
f 7891 7921 7892
f 7891 7930 7898
f 7893 7895 7894
f 7895 7920 7896
f 7896 7920 7919
f 7896 7919 7898
f 7896 7898 7897
f 7898 7937 7938
f 7898 7938 7939
f 7898 7939 7940
f 7898 7940 7899
f 7898 7930 7929
f 7898 7929 7941
f 7898 7941 7942
f 7898 7942 7943
f 7898 7943 7944
f 7898 7944 7937
f 7899 7940 7900
f 7900 7940 7939
f 7900 7939 7901
f 7901 7939 7938
f 7901 7938 7902
f 7902 7938 7906
f 7906 7938 7937
f 7906 7937 7944
f 7906 7944 7945
f 7906 7945 7908
f 7906 7908 7907
f 7908 7945 7909
f 7909 7945 7946
f 7909 7946 7947
f 7909 7947 7948
f 7909 7948 7949
f 7909 7949 7950
f 7909 7950 7951
f 7909 7951 7952
f 7909 7952 7953
f 7909 7953 7954
f 7909 7954 7955
f 7909 7955 7956
f 7909 7956 7910
f 7910 7956 7957
f 7910 7957 7958
f 7910 7958 7959
f 7910 7959 7911
f 7911 7959 7912
f 7912 7959 7958
f 7912 7958 7957
f 7912 7957 7913
f 7913 7957 7956
f 7913 7956 7914
f 7914 7956 7955
f 7914 7955 7954
f 7914 7954 7915
f 7915 7953 7960
f 7915 7960 7916
f 7915 7954 7953
f 7917 7918 7961
f 7918 7962 7963
f 7918 7963 7961
f 7923 7964 7965
f 7923 7965 7966
f 7923 7966 7924
f 7924 7966 7967
f 7924 7967 7925
f 7925 7968 7935
f 7925 7935 7934
f 7925 7967 7969
f 7925 7969 7968
f 7926 7932 7970
f 7926 7970 7971
f 7926 7971 7972
f 7926 7972 7973
f 7926 7973 7974
f 7926 7974 7927
f 7927 7941 7928
f 7927 7974 7975
f 7927 7975 7942
f 7927 7942 7941
f 7928 7941 7929
f 7931 7976 7970
f 7931 7970 7932
f 7933 7936 7977
f 7933 7977 7978
f 7933 7978 7976
f 7935 7968 7977
f 7935 7977 7936
f 7942 7975 7943
f 7943 7975 7944
f 7944 7975 7974
f 7944 7974 7973
f 7944 7973 7945
f 7945 7973 7946
f 7946 7973 7972
f 7946 7972 7979
f 7946 7979 7980
f 7946 7980 7947
f 7947 7981 7948
f 7947 7980 7982
f 7947 7982 7983
f 7947 7983 7981
f 7948 7984 7949
f 7948 7981 7985
f 7948 7985 7986
f 7948 7986 7984
f 7950 7952 7951
f 7952 7960 7953
f 7962 7987 7963
f 7963 7987 7988
f 7964 7989 7965
f 7965 7990 7966
f 7965 7989 7991
f 7965 7991 7992
f 7965 7992 7990
f 7966 7990 7967
f 7967 7990 7993
f 7967 7993 7969
f 7968 7969 7977
f 7969 7993 7994
f 7969 7994 7995
f 7969 7995 7977
f 7970 7976 7978
f 7970 7978 7971
f 7971 7978 7996
f 7971 7996 7972
f 7972 7996 7997
f 7972 7997 7979
f 7977 7995 7978
f 7978 7995 7998
f 7978 7998 7999
f 7978 7999 8000
f 7978 8000 8001
f 7978 8001 7997
f 7978 7997 7996
f 7979 7997 7980
f 7980 8002 7982
f 7980 7997 8002
f 7982 8002 8003
f 7982 8003 7983
f 7987 8004 7988
f 7988 8004 8005
f 7988 8005 8006
f 7990 7992 7993
f 7991 8007 7992
f 7992 8007 8008
f 7992 8008 8009
f 7992 8009 8010
f 7992 8010 8011
f 7992 8011 7993
f 7993 8011 8010
f 7993 8010 7994
f 7994 7998 7995
f 7994 8010 8012
f 7994 8012 7998
f 7997 8001 8013
f 7997 8013 8002
f 7998 8012 8014
f 7998 8014 7999
f 7999 8014 8015
f 7999 8015 8016
f 7999 8016 8017
f 7999 8017 8001
f 7999 8001 8000
f 8001 8017 8018
f 8001 8018 8019
f 8001 8019 8020
f 8001 8020 8013
f 8002 8013 8020
f 8002 8020 8021
f 8002 8021 8022
f 8002 8022 8023
f 8002 8023 8003
f 8005 8024 8025
f 8005 8025 8026
f 8005 8026 8027
f 8005 8027 8006
f 8007 8028 8008
f 8008 8028 8029
f 8008 8029 8030
f 8008 8030 8009
f 8009 8030 8031
f 8009 8031 8010
f 8010 8031 8032
f 8010 8032 8012
f 8012 8032 8014
f 8014 8032 8033
f 8014 8033 8015
f 8015 8033 8034
f 8015 8034 8035
f 8015 8035 8016
f 8016 8018 8017
f 8016 8035 8036
f 8016 8036 8018
f 8018 8036 8037
f 8018 8037 8019
f 8019 8022 8020
f 8019 8037 8022
f 8020 8022 8021
f 8024 8038 8026
f 8024 8026 8025
f 8026 8038 8039
f 8026 8039 8027
f 8028 8040 8041
f 8028 8041 8042
f 8028 8042 8029
f 8029 8042 8030
f 8030 8043 8032
f 8030 8032 8031
f 8030 8042 8043
f 8032 8043 8033
f 8033 8043 8034
f 8034 8043 8035
f 8035 8043 8044
f 8035 8044 8045
f 8038 8046 8041
f 8038 8041 8040
f 8038 8040 8047
f 8038 8047 8048
f 8038 8048 8039
f 8041 8046 8042
f 8042 8045 8043
f 8043 8045 8044
f 8049 8050 8074
f 8049 8074 8101
f 8049 8101 8121
f 8049 8121 8150
f 8049 8150 8192
f 8049 8192 8245
f 8049 8245 8244
f 8049 8244 8296
f 8049 8296 8354
f 8049 8354 8328
f 8049 8328 8273
f 8049 8273 8209
f 8049 8209 8164
f 8049 8164 8127
f 8049 8127 8105
f 8049 8105 8089
f 8049 8089 8051
f 8049 8051 8052
f 8049 8052 8053
f 8049 8053 8054
f 8049 8054 8055
f 8049 8055 8056
f 8049 8056 8057
f 8049 8057 8058
f 8049 8058 8059
f 8049 8059 8060
f 8049 8060 8061
f 8049 8061 8062
f 8049 8062 8063
f 8049 8063 8064
f 8049 8064 8065
f 8049 8065 8066
f 8049 8066 8067
f 8049 8067 8068
f 8049 8068 8069
f 8049 8069 8070
f 8049 8070 8071
f 8049 8071 8072
f 8049 8072 8073
f 8049 8073 8050
f 8050 8073 8075
f 8050 8075 8076
f 8050 8076 8077
f 8050 8077 8078
f 8050 8078 8079
f 8050 8079 8080
f 8050 8080 8081
f 8050 8081 8082
f 8050 8082 8083
f 8050 8083 8084
f 8050 8084 8085
f 8050 8085 8086
f 8050 8086 8087
f 8050 8087 8088
f 8050 8088 8074
f 8051 8089 8052
f 8052 8089 8090
f 8052 8090 8091
f 8052 8091 8092
f 8052 8092 8054
f 8052 8054 8053
f 8054 8093 8094
f 8054 8094 8095
f 8054 8095 8055
f 8054 8092 8093
f 8055 8095 8056
f 8056 8095 8096
f 8056 8096 8057
f 8057 8096 8058
f 8058 8096 8097
f 8058 8097 8098
f 8058 8098 8099
f 8058 8099 8100
f 8058 8100 8059
f 8059 8100 8060
f 8060 8100 8120
f 8060 8120 8145
f 8060 8145 8186
f 8060 8186 8239
f 8060 8239 8238
f 8060 8238 8293
f 8060 8293 8236
f 8060 8236 8292
f 8060 8292 8291
f 8060 8291 8353
f 8060 8353 8410
f 8060 8410 8465
f 8060 8465 8482
f 8060 8482 8481
f 8060 8481 8431
f 8060 8431 8417
f 8060 8417 8363
f 8060 8363 8310
f 8060 8310 8309
f 8060 8309 8308
f 8060 8308 8260
f 8060 8260 8202
f 8060 8202 8157
f 8060 8157 8123
f 8060 8123 8103
f 8060 8103 8088
f 8060 8088 8087
f 8060 8087 8086
f 8060 8086 8085
f 8060 8085 8084
f 8060 8084 8083
f 8060 8083 8082
f 8060 8082 8081
f 8060 8081 8080
f 8060 8080 8079
f 8060 8079 8078
f 8060 8078 8077
f 8060 8077 8076
f 8060 8076 8075
f 8060 8075 8073
f 8060 8073 8072
f 8060 8072 8071
f 8060 8071 8070
f 8060 8070 8069
f 8060 8069 8068
f 8060 8068 8067
f 8060 8067 8066
f 8060 8066 8065
f 8060 8065 8064
f 8060 8064 8063
f 8060 8063 8062
f 8060 8062 8061
f 8074 8088 8101
f 8088 8102 8101
f 8088 8103 8104
f 8088 8104 8102
f 8089 8105 8106
f 8089 8106 8090
f 8090 8106 8107
f 8090 8107 8091
f 8091 8107 8108
f 8091 8108 8109
f 8091 8109 8092
f 8092 8109 8093
f 8093 8109 8108
f 8093 8108 8110
f 8093 8110 8111
f 8093 8111 8094
f 8094 8111 8112
f 8094 8112 8095
f 8095 8112 8113
f 8095 8113 8096
f 8096 8114 8115
f 8096 8115 8097
f 8096 8113 8116
f 8096 8116 8114
f 8097 8115 8117
f 8097 8117 8098
f 8098 8117 8118
f 8098 8118 8119
f 8098 8119 8099
f 8099 8119 8100
f 8100 8119 8120
f 8101 8102 8121
f 8102 8104 8121
f 8103 8122 8104
f 8103 8123 8122
f 8104 8122 8124
f 8104 8124 8125
f 8104 8125 8126
f 8104 8126 8121
f 8105 8127 8107
f 8105 8107 8106
f 8107 8128 8129
f 8107 8129 8130
f 8107 8130 8108
f 8107 8127 8128
f 8108 8130 8110
f 8110 8131 8132
f 8110 8132 8111
f 8110 8130 8131
f 8111 8133 8134
f 8111 8134 8135
f 8111 8135 8112
f 8111 8132 8133
f 8112 8135 8113
f 8113 8135 8116
f 8114 8116 8135
f 8114 8135 8136
f 8114 8136 8137
f 8114 8137 8138
f 8114 8138 8139
f 8114 8139 8140
f 8114 8140 8115
f 8115 8140 8117
f 8117 8141 8142
f 8117 8142 8118
f 8117 8140 8141
f 8118 8143 8144
f 8118 8144 8120
f 8118 8120 8119
f 8118 8142 8143
f 8120 8144 8145
f 8121 8146 8147
f 8121 8147 8148
f 8121 8148 8149
f 8121 8149 8150
f 8121 8126 8151
f 8121 8151 8152
f 8121 8152 8153
f 8121 8153 8154
f 8121 8154 8155
f 8121 8155 8146
f 8122 8156 8124
f 8122 8123 8156
f 8123 8157 8156
f 8124 8156 8158
f 8124 8158 8159
f 8124 8159 8160
f 8124 8160 8125
f 8125 8160 8161
f 8125 8161 8162
f 8125 8162 8163
f 8125 8163 8151
f 8125 8151 8126
f 8127 8164 8165
f 8127 8165 8166
f 8127 8166 8167
f 8127 8167 8128
f 8128 8168 8129
f 8128 8167 8166
f 8128 8166 8169
f 8128 8169 8168
f 8129 8168 8170
f 8129 8170 8130
f 8130 8170 8171
f 8130 8171 8131
f 8131 8171 8133
f 8131 8133 8132
f 8133 8172 8173
f 8133 8173 8174
f 8133 8174 8175
f 8133 8175 8135
f 8133 8135 8176
f 8133 8176 8134
f 8133 8171 8177
f 8133 8177 8172
f 8134 8176 8135
f 8135 8175 8136
f 8136 8178 8137
f 8136 8175 8178
f 8137 8178 8179
f 8137 8179 8138
f 8138 8180 8139
f 8138 8179 8180
f 8139 8180 8181
f 8139 8181 8140
f 8140 8181 8182
f 8140 8182 8141
f 8141 8182 8183
f 8141 8183 8184
f 8141 8184 8143
f 8141 8143 8142
f 8143 8184 8183
f 8143 8183 8185
f 8143 8185 8144
f 8144 8185 8145
f 8145 8185 8186
f 8146 8187 8147
f 8146 8155 8188
f 8146 8188 8187
f 8147 8187 8189
f 8147 8189 8148
f 8148 8189 8149
f 8149 8190 8150
f 8149 8189 8191
f 8149 8191 8190
f 8150 8190 8192
f 8151 8163 8193
f 8151 8193 8194
f 8151 8194 8195
f 8151 8195 8196
f 8151 8196 8154
f 8151 8154 8152
f 8152 8154 8153
f 8154 8196 8197
f 8154 8197 8198
f 8154 8198 8199
f 8154 8199 8188
f 8154 8188 8155
f 8156 8157 8200
f 8156 8200 8201
f 8156 8201 8158
f 8157 8202 8200
f 8158 8201 8203
f 8158 8203 8204
f 8158 8204 8205
f 8158 8205 8159
f 8159 8205 8160
f 8160 8206 8207
f 8160 8207 8161
f 8160 8205 8206
f 8161 8207 8162
f 8162 8193 8163
f 8162 8207 8208
f 8162 8208 8194
f 8162 8194 8193
f 8164 8209 8210
f 8164 8210 8211
f 8164 8211 8165
f 8165 8211 8212
f 8165 8212 8213
f 8165 8213 8168
f 8165 8168 8169
f 8165 8169 8166
f 8168 8213 8214
f 8168 8214 8170
f 8170 8215 8171
f 8170 8214 8215
f 8171 8215 8177
f 8172 8177 8216
f 8172 8216 8217
f 8172 8217 8173
f 8173 8217 8218
f 8173 8218 8219
f 8173 8219 8220
f 8173 8220 8221
f 8173 8221 8222
f 8173 8222 8179
f 8173 8179 8223
f 8173 8223 8175
f 8173 8175 8174
f 8175 8223 8178
f 8177 8215 8224
f 8177 8224 8216
f 8178 8223 8179
f 8179 8219 8225
f 8179 8225 8180
f 8179 8222 8221
f 8179 8221 8219
f 8180 8225 8226
f 8180 8226 8227
f 8180 8227 8228
f 8180 8228 8229
f 8180 8229 8230
f 8180 8230 8231
f 8180 8231 8181
f 8181 8231 8182
f 8182 8231 8183
f 8183 8231 8185
f 8185 8231 8230
f 8185 8230 8232
f 8185 8232 8233
f 8185 8233 8234
f 8185 8234 8235
f 8185 8235 8236
f 8185 8236 8237
f 8185 8237 8238
f 8185 8238 8239
f 8185 8239 8186
f 8187 8240 8189
f 8187 8188 8240
f 8188 8241 8240
f 8188 8199 8241
f 8189 8242 8191
f 8189 8240 8242
f 8190 8243 8244
f 8190 8244 8245
f 8190 8245 8192
f 8190 8191 8242
f 8190 8242 8246
f 8190 8246 8243
f 8194 8208 8247
f 8194 8247 8248
f 8194 8248 8249
f 8194 8249 8250
f 8194 8250 8195
f 8195 8250 8196
f 8196 8251 8197
f 8196 8250 8249
f 8196 8249 8251
f 8197 8251 8198
f 8198 8251 8252
f 8198 8252 8253
f 8198 8253 8254
f 8198 8254 8255
f 8198 8255 8256
f 8198 8256 8257
f 8198 8257 8199
f 8199 8257 8241
f 8200 8202 8258
f 8200 8258 8201
f 8201 8258 8259
f 8201 8259 8203
f 8202 8260 8258
f 8203 8261 8262
f 8203 8262 8263
f 8203 8263 8204
f 8203 8259 8264
f 8203 8264 8265
f 8203 8265 8266
f 8203 8266 8261
f 8204 8263 8267
f 8204 8267 8205
f 8205 8267 8206
f 8206 8267 8268
f 8206 8268 8207
f 8207 8269 8208
f 8207 8268 8269
f 8208 8270 8271
f 8208 8271 8247
f 8208 8269 8272
f 8208 8272 8270
f 8209 8273 8274
f 8209 8274 8210
f 8210 8274 8211
f 8211 8274 8212
f 8212 8275 8276
f 8212 8276 8277
f 8212 8277 8214
f 8212 8214 8213
f 8212 8274 8275
f 8214 8277 8276
f 8214 8276 8278
f 8214 8278 8215
f 8215 8279 8224
f 8215 8278 8279
f 8216 8280 8281
f 8216 8281 8282
f 8216 8282 8217
f 8216 8224 8283
f 8216 8283 8280
f 8217 8282 8284
f 8217 8284 8218
f 8218 8284 8285
f 8218 8285 8219
f 8219 8285 8225
f 8219 8221 8220
f 8224 8279 8286
f 8224 8286 8283
f 8225 8285 8226
f 8226 8285 8287
f 8226 8287 8288
f 8226 8288 8228
f 8226 8228 8227
f 8228 8289 8232
f 8228 8232 8229
f 8228 8288 8289
f 8229 8232 8230
f 8232 8289 8233
f 8233 8289 8234
f 8234 8290 8291
f 8234 8291 8235
f 8234 8289 8290
f 8235 8291 8292
f 8235 8292 8236
f 8236 8293 8237
f 8237 8293 8238
f 8240 8244 8242
f 8240 8241 8244
f 8241 8294 8295
f 8241 8295 8296
f 8241 8296 8244
f 8241 8257 8294
f 8242 8244 8246
f 8243 8246 8244
f 8247 8271 8297
f 8247 8297 8248
f 8248 8297 8298
f 8248 8298 8249
f 8249 8298 8299
f 8249 8299 8300
f 8249 8300 8251
f 8251 8300 8252
f 8252 8301 8253
f 8252 8300 8302
f 8252 8302 8301
f 8253 8301 8303
f 8253 8303 8304
f 8253 8304 8254
f 8254 8304 8255
f 8255 8304 8305
f 8255 8305 8256
f 8256 8305 8257
f 8257 8305 8306
f 8257 8306 8307
f 8257 8307 8294
f 8258 8260 8308
f 8258 8308 8309
f 8258 8309 8259
f 8259 8309 8310
f 8259 8310 8311
f 8259 8311 8312
f 8259 8312 8264
f 8261 8266 8265
f 8261 8265 8262
f 8262 8265 8313
f 8262 8313 8314
f 8262 8314 8315
f 8262 8315 8316
f 8262 8316 8317
f 8262 8317 8318
f 8262 8318 8319
f 8262 8319 8320
f 8262 8320 8321
f 8262 8321 8269
f 8262 8269 8322
f 8262 8322 8267
f 8262 8267 8263
f 8264 8312 8265
f 8265 8312 8323
f 8265 8323 8324
f 8265 8324 8313
f 8267 8322 8268
f 8268 8322 8269
f 8269 8321 8272
f 8270 8272 8325
f 8270 8325 8271
f 8271 8325 8326
f 8271 8326 8327
f 8271 8327 8297
f 8272 8321 8325
f 8273 8328 8329
f 8273 8329 8330
f 8273 8330 8331
f 8273 8331 8332
f 8273 8332 8333
f 8273 8333 8274
f 8274 8333 8334
f 8274 8334 8335
f 8274 8335 8275
f 8275 8335 8336
f 8275 8336 8286
f 8275 8286 8276
f 8276 8286 8278
f 8278 8286 8279
f 8280 8337 8338
f 8280 8338 8281
f 8280 8283 8337
f 8281 8338 8284
f 8281 8284 8282
f 8283 8286 8337
f 8284 8338 8339
f 8284 8339 8340
f 8284 8340 8285
f 8285 8341 8342
f 8285 8342 8287
f 8285 8340 8343
f 8285 8343 8344
f 8285 8344 8341
f 8286 8345 8337
f 8286 8336 8345
f 8287 8346 8289
f 8287 8289 8288
f 8287 8342 8346
f 8289 8347 8290
f 8289 8346 8348
f 8289 8348 8347
f 8290 8349 8350
f 8290 8350 8351
f 8290 8351 8352
f 8290 8352 8291
f 8290 8347 8349
f 8291 8352 8353
f 8294 8307 8354
f 8294 8354 8296
f 8294 8296 8295
f 8297 8327 8355
f 8297 8355 8356
f 8297 8356 8357
f 8297 8357 8298
f 8298 8357 8299
f 8299 8357 8302
f 8299 8302 8300
f 8301 8302 8357
f 8301 8357 8358
f 8301 8358 8359
f 8301 8359 8360
f 8301 8360 8303
f 8303 8360 8361
f 8303 8361 8304
f 8304 8361 8354
f 8304 8354 8305
f 8305 8354 8306
f 8306 8354 8307
f 8310 8362 8312
f 8310 8312 8311
f 8310 8363 8362
f 8312 8362 8364
f 8312 8364 8323
f 8313 8324 8365
f 8313 8365 8366
f 8313 8366 8314
f 8314 8367 8368
f 8314 8368 8316
f 8314 8316 8315
f 8314 8366 8367
f 8316 8369 8370
f 8316 8370 8317
f 8316 8368 8371
f 8316 8371 8369
f 8317 8370 8369
f 8317 8369 8318
f 8318 8369 8319
f 8319 8372 8373
f 8319 8373 8374
f 8319 8374 8375
f 8319 8375 8320
f 8319 8369 8372
f 8320 8375 8325
f 8320 8325 8321
f 8323 8364 8376
f 8323 8376 8324
f 8324 8376 8377
f 8324 8377 8365
f 8325 8378 8379
f 8325 8379 8380
f 8325 8380 8326
f 8325 8375 8381
f 8325 8381 8378
f 8326 8380 8327
f 8327 8380 8382
f 8327 8382 8355
f 8328 8354 8383
f 8328 8383 8384
f 8328 8384 8385
f 8328 8385 8386
f 8328 8386 8329
f 8329 8386 8387
f 8329 8387 8388
f 8329 8388 8389
f 8329 8389 8390
f 8329 8390 8331
f 8329 8331 8330
f 8331 8390 8334
f 8331 8334 8332
f 8332 8334 8333
f 8334 8390 8391
f 8334 8391 8335
f 8335 8391 8392
f 8335 8392 8345
f 8335 8345 8336
f 8337 8393 8338
f 8337 8345 8393
f 8338 8393 8339
f 8339 8343 8340
f 8339 8393 8343
f 8341 8394 8395
f 8341 8395 8342
f 8341 8344 8396
f 8341 8396 8394
f 8342 8395 8397
f 8342 8397 8346
f 8343 8393 8398
f 8343 8398 8344
f 8344 8398 8399
f 8344 8399 8400
f 8344 8400 8396
f 8345 8392 8401
f 8345 8401 8393
f 8346 8397 8348
f 8347 8348 8397
f 8347 8397 8402
f 8347 8402 8403
f 8347 8403 8404
f 8347 8404 8349
f 8349 8405 8406
f 8349 8406 8350
f 8349 8404 8405
f 8350 8407 8351
f 8350 8406 8407
f 8351 8407 8408
f 8351 8408 8409
f 8351 8409 8352
f 8352 8409 8353
f 8353 8409 8410
f 8354 8361 8383
f 8355 8382 8411
f 8355 8411 8356
f 8356 8411 8357
f 8357 8411 8412
f 8357 8412 8359
f 8357 8359 8358
f 8359 8413 8360
f 8359 8412 8414
f 8359 8414 8415
f 8359 8415 8413
f 8360 8413 8361
f 8361 8413 8415
f 8361 8415 8387
f 8361 8387 8384
f 8361 8384 8383
f 8362 8363 8416
f 8362 8416 8376
f 8362 8376 8364
f 8363 8417 8416
f 8365 8377 8418
f 8365 8418 8366
f 8366 8418 8419
f 8366 8419 8367
f 8367 8420 8421
f 8367 8421 8371
f 8367 8371 8368
f 8367 8419 8422
f 8367 8422 8420
f 8369 8371 8423
f 8369 8423 8424
f 8369 8424 8425
f 8369 8425 8426
f 8369 8426 8373
f 8369 8373 8372
f 8371 8421 8427
f 8371 8427 8423
f 8373 8426 8428
f 8373 8428 8374
f 8374 8428 8429
f 8374 8429 8381
f 8374 8381 8375
f 8376 8430 8377
f 8376 8416 8417
f 8376 8417 8431
f 8376 8431 8432
f 8376 8432 8430
f 8377 8430 8432
f 8377 8432 8433
f 8377 8433 8418
f 8378 8434 8379
f 8378 8381 8434
f 8379 8434 8435
f 8379 8435 8436
f 8379 8436 8380
f 8380 8437 8382
f 8380 8436 8437
f 8381 8429 8434
f 8382 8437 8411
f 8384 8387 8385
f 8385 8387 8386
f 8387 8415 8438
f 8387 8438 8439
f 8387 8439 8388
f 8388 8439 8440
f 8388 8440 8389
f 8389 8440 8441
f 8389 8441 8442
f 8389 8442 8443
f 8389 8443 8390
f 8390 8443 8391
f 8391 8443 8444
f 8391 8444 8445
f 8391 8445 8401
f 8391 8401 8392
f 8393 8401 8446
f 8393 8446 8398
f 8394 8396 8447
f 8394 8447 8448
f 8394 8448 8395
f 8395 8448 8397
f 8396 8400 8449
f 8396 8449 8450
f 8396 8450 8447
f 8397 8451 8402
f 8397 8448 8451
f 8398 8452 8449
f 8398 8449 8399
f 8398 8446 8453
f 8398 8453 8452
f 8399 8449 8400
f 8401 8445 8446
f 8402 8454 8403
f 8402 8451 8454
f 8403 8454 8455
f 8403 8455 8456
f 8403 8456 8405
f 8403 8405 8404
f 8405 8456 8457
f 8405 8457 8420
f 8405 8420 8458
f 8405 8458 8459
f 8405 8459 8460
f 8405 8460 8406
f 8406 8460 8407
f 8407 8460 8461
f 8407 8461 8432
f 8407 8432 8462
f 8407 8462 8463
f 8407 8463 8408
f 8408 8463 8464
f 8408 8464 8410
f 8408 8410 8409
f 8410 8464 8465
f 8411 8414 8412
f 8411 8437 8414
f 8414 8437 8436
f 8414 8436 8438
f 8414 8438 8415
f 8418 8461 8466
f 8418 8466 8419
f 8418 8433 8432
f 8418 8432 8461
f 8419 8466 8422
f 8420 8467 8421
f 8420 8422 8468
f 8420 8468 8458
f 8420 8457 8467
f 8421 8467 8469
f 8421 8469 8427
f 8422 8466 8468
f 8423 8427 8424
f 8424 8427 8470
f 8424 8470 8471
f 8424 8471 8472
f 8424 8472 8473
f 8424 8473 8425
f 8425 8473 8474
f 8425 8474 8475
f 8425 8475 8476
f 8425 8476 8477
f 8425 8477 8426
f 8426 8477 8428
f 8427 8469 8471
f 8427 8471 8470
f 8428 8477 8478
f 8428 8478 8479
f 8428 8479 8429
f 8429 8479 8480
f 8429 8480 8434
f 8431 8481 8432
f 8432 8481 8482
f 8432 8482 8462
f 8434 8480 8483
f 8434 8483 8435
f 8435 8483 8436
f 8436 8484 8439
f 8436 8439 8438
f 8436 8483 8485
f 8436 8485 8484
f 8439 8484 8440
f 8440 8484 8485
f 8440 8485 8441
f 8441 8485 8486
f 8441 8486 8487
f 8441 8487 8488
f 8441 8488 8442
f 8442 8488 8443
f 8443 8488 8444
f 8444 8488 8489
f 8444 8489 8445
f 8445 8489 8453
f 8445 8453 8446
f 8447 8490 8448
f 8447 8450 8491
f 8447 8491 8492
f 8447 8492 8490
f 8448 8490 8471
f 8448 8471 8469
f 8448 8469 8451
f 8449 8491 8450
f 8449 8452 8491
f 8451 8469 8467
f 8451 8467 8454
f 8452 8493 8494
f 8452 8494 8491
f 8452 8453 8493
f 8453 8489 8493
f 8454 8467 8457
f 8454 8457 8455
f 8455 8457 8456
f 8458 8468 8459
f 8459 8468 8466
f 8459 8466 8461
f 8459 8461 8460
f 8462 8482 8464
f 8462 8464 8463
f 8464 8482 8465
f 8471 8490 8472
f 8472 8490 8473
f 8473 8490 8474
f 8474 8490 8492
f 8474 8492 8491
f 8474 8491 8475
f 8475 8494 8493
f 8475 8493 8476
f 8475 8491 8494
f 8476 8493 8495
f 8476 8495 8478
f 8476 8478 8477
f 8478 8495 8479
f 8479 8496 8487
f 8479 8487 8486
f 8479 8486 8485
f 8479 8485 8480
f 8479 8495 8496
f 8480 8485 8483
f 8487 8496 8488
f 8488 8496 8489
f 8489 8496 8495
f 8489 8495 8493
f 8497 8498 8499
f 8497 8499 8500
f 8497 8500 8511
f 8497 8511 8524
f 8497 8524 8533
f 8497 8533 8539
f 8497 8539 8556
f 8497 8556 8575
f 8497 8575 8598
f 8497 8598 8615
f 8497 8615 8614
f 8497 8614 8662
f 8497 8662 8659
f 8497 8659 8658
f 8497 8658 8710
f 8497 8710 8711
f 8497 8711 8690
f 8497 8690 8734
f 8497 8734 8767
f 8497 8767 8781
f 8497 8781 8789
f 8497 8789 8793
f 8497 8793 8797
f 8497 8797 8801
f 8497 8801 8802
f 8497 8802 8798
f 8497 8798 8794
f 8497 8794 8790
f 8497 8790 8784
f 8497 8784 8775
f 8497 8775 8755
f 8497 8755 8754
f 8497 8754 8753
f 8497 8753 8752
f 8497 8752 8706
f 8497 8706 8654
f 8497 8654 8607
f 8497 8607 8581
f 8497 8581 8560
f 8497 8560 8559
f 8497 8559 8543
f 8497 8543 8536
f 8497 8536 8528
f 8497 8528 8512
f 8497 8512 8501
f 8497 8501 8498
f 8498 8501 8502
f 8498 8502 8503
f 8498 8503 8504
f 8498 8504 8509
f 8498 8509 8499
f 8499 8505 8506
f 8499 8506 8507
f 8499 8507 8508
f 8499 8508 8500
f 8499 8509 8510
f 8499 8510 8505
f 8500 8508 8511
f 8501 8512 8513
f 8501 8513 8514
f 8501 8514 8515
f 8501 8515 8516
f 8501 8516 8517
f 8501 8517 8518
f 8501 8518 8502
f 8502 8518 8517
f 8502 8517 8516
f 8502 8516 8515
f 8502 8515 8514
f 8502 8514 8513
f 8502 8513 8530
f 8502 8530 8529
f 8502 8529 8535
f 8502 8535 8542
f 8502 8542 8545
f 8502 8545 8544
f 8502 8544 8561
f 8502 8561 8582
f 8502 8582 8608
f 8502 8608 8655
f 8502 8655 8709
f 8502 8709 8708
f 8502 8708 8707
f 8502 8707 8756
f 8502 8756 8776
f 8502 8776 8785
f 8502 8785 8791
f 8502 8791 8795
f 8502 8795 8799
f 8502 8799 8803
f 8502 8803 8800
f 8502 8800 8796
f 8502 8796 8792
f 8502 8792 8787
f 8502 8787 8780
f 8502 8780 8779
f 8502 8779 8786
f 8502 8786 8783
f 8502 8783 8772
f 8502 8772 8770
f 8502 8770 8782
f 8502 8782 8768
f 8502 8768 8736
f 8502 8736 8735
f 8502 8735 8698
f 8502 8698 8697
f 8502 8697 8645
f 8502 8645 8641
f 8502 8641 8599
f 8502 8599 8576
f 8502 8576 8558
f 8502 8558 8541
f 8502 8541 8534
f 8502 8534 8527
f 8502 8527 8531
f 8502 8531 8519
f 8502 8519 8503
f 8503 8519 8520
f 8503 8520 8521
f 8503 8521 8504
f 8504 8521 8520
f 8504 8520 8509
f 8505 8522 8523
f 8505 8523 8524
f 8505 8524 8506
f 8505 8510 8522
f 8506 8508 8507
f 8506 8524 8508
f 8508 8524 8511
f 8509 8525 8522
f 8509 8522 8510
f 8509 8520 8526
f 8509 8526 8527
f 8509 8527 8525
f 8512 8528 8529
f 8512 8529 8530
f 8512 8530 8513
f 8519 8531 8520
f 8520 8531 8527
f 8520 8527 8526
f 8522 8525 8527
f 8522 8527 8524
f 8522 8524 8523
f 8524 8527 8532
f 8524 8532 8537
f 8524 8537 8533
f 8527 8534 8540
f 8527 8540 8557
f 8527 8557 8580
f 8527 8580 8605
f 8527 8605 8650
f 8527 8650 8704
f 8527 8704 8725
f 8527 8725 8724
f 8527 8724 8673
f 8527 8673 8630
f 8527 8630 8628
f 8527 8628 8592
f 8527 8592 8572
f 8527 8572 8554
f 8527 8554 8537
f 8527 8537 8532
f 8528 8535 8529
f 8528 8536 8535
f 8533 8538 8539
f 8533 8537 8538
f 8534 8541 8540
f 8535 8536 8542
f 8536 8543 8544
f 8536 8544 8545
f 8536 8545 8542
f 8537 8546 8547
f 8537 8547 8548
f 8537 8548 8549
f 8537 8549 8550
f 8537 8550 8551
f 8537 8551 8552
f 8537 8552 8553
f 8537 8553 8538
f 8537 8554 8555
f 8537 8555 8546
f 8538 8553 8539
f 8539 8553 8552
f 8539 8552 8556
f 8540 8541 8557
f 8541 8558 8557
f 8543 8559 8544
f 8544 8559 8560
f 8544 8560 8561
f 8546 8555 8547
f 8547 8555 8562
f 8547 8562 8563
f 8547 8563 8548
f 8548 8564 8549
f 8548 8563 8565
f 8548 8565 8564
f 8549 8564 8550
f 8550 8564 8566
f 8550 8566 8551
f 8551 8566 8552
f 8552 8566 8567
f 8552 8567 8556
f 8554 8568 8569
f 8554 8569 8570
f 8554 8570 8571
f 8554 8571 8555
f 8554 8572 8568
f 8555 8571 8573
f 8555 8573 8562
f 8556 8567 8574
f 8556 8574 8575
f 8557 8558 8576
f 8557 8576 8577
f 8557 8577 8578
f 8557 8578 8579
f 8557 8579 8580
f 8560 8581 8561
f 8561 8581 8582
f 8562 8573 8583
f 8562 8583 8584
f 8562 8584 8565
f 8562 8565 8563
f 8564 8585 8566
f 8564 8565 8586
f 8564 8586 8585
f 8565 8584 8586
f 8566 8585 8574
f 8566 8574 8567
f 8568 8587 8588
f 8568 8588 8569
f 8568 8572 8587
f 8569 8588 8589
f 8569 8589 8590
f 8569 8590 8591
f 8569 8591 8570
f 8570 8591 8573
f 8570 8573 8571
f 8572 8592 8593
f 8572 8593 8587
f 8573 8591 8594
f 8573 8594 8595
f 8573 8595 8596
f 8573 8596 8583
f 8574 8585 8597
f 8574 8597 8598
f 8574 8598 8575
f 8576 8599 8577
f 8577 8600 8601
f 8577 8601 8602
f 8577 8602 8579
f 8577 8579 8578
f 8577 8599 8603
f 8577 8603 8604
f 8577 8604 8600
f 8579 8605 8580
f 8579 8602 8606
f 8579 8606 8605
f 8581 8607 8582
f 8582 8607 8608
f 8583 8609 8586
f 8583 8586 8584
f 8583 8596 8610
f 8583 8610 8611
f 8583 8611 8612
f 8583 8612 8609
f 8585 8613 8614
f 8585 8614 8615
f 8585 8615 8597
f 8585 8586 8616
f 8585 8616 8617
f 8585 8617 8618
f 8585 8618 8613
f 8586 8609 8619
f 8586 8619 8620
f 8586 8620 8621
f 8586 8621 8616
f 8587 8622 8623
f 8587 8623 8588
f 8587 8593 8622
f 8588 8623 8624
f 8588 8624 8589
f 8589 8624 8625
f 8589 8625 8590
f 8590 8625 8591
f 8591 8625 8626
f 8591 8626 8627
f 8591 8627 8594
f 8592 8628 8593
f 8593 8629 8622
f 8593 8628 8630
f 8593 8630 8631
f 8593 8631 8632
f 8593 8632 8629
f 8594 8627 8633
f 8594 8633 8634
f 8594 8634 8595
f 8595 8634 8635
f 8595 8635 8636
f 8595 8636 8637
f 8595 8637 8596
f 8596 8637 8638
f 8596 8638 8639
f 8596 8639 8640
f 8596 8640 8610
f 8597 8615 8598
f 8599 8641 8603
f 8600 8642 8606
f 8600 8606 8602
f 8600 8602 8601
f 8600 8604 8643
f 8600 8643 8642
f 8603 8644 8643
f 8603 8643 8604
f 8603 8641 8645
f 8603 8645 8646
f 8603 8646 8647
f 8603 8647 8648
f 8603 8648 8649
f 8603 8649 8644
f 8605 8606 8650
f 8606 8642 8651
f 8606 8651 8652
f 8606 8652 8653
f 8606 8653 8650
f 8607 8654 8608
f 8608 8654 8655
f 8609 8612 8619
f 8610 8640 8656
f 8610 8656 8657
f 8610 8657 8611
f 8611 8657 8612
f 8612 8657 8658
f 8612 8658 8659
f 8612 8659 8660
f 8612 8660 8620
f 8612 8620 8661
f 8612 8661 8619
f 8613 8618 8617
f 8613 8617 8662
f 8613 8662 8614
f 8616 8621 8617
f 8617 8621 8620
f 8617 8620 8662
f 8619 8661 8620
f 8620 8660 8663
f 8620 8663 8662
f 8622 8664 8665
f 8622 8665 8666
f 8622 8666 8623
f 8622 8629 8664
f 8623 8666 8667
f 8623 8667 8624
f 8624 8667 8668
f 8624 8668 8625
f 8625 8668 8633
f 8625 8633 8626
f 8626 8633 8627
f 8629 8632 8669
f 8629 8669 8670
f 8629 8670 8671
f 8629 8671 8672
f 8629 8672 8664
f 8630 8673 8631
f 8631 8673 8674
f 8631 8674 8632
f 8632 8674 8669
f 8633 8668 8675
f 8633 8675 8676
f 8633 8676 8677
f 8633 8677 8678
f 8633 8678 8679
f 8633 8679 8634
f 8634 8680 8635
f 8634 8679 8680
f 8635 8680 8636
f 8636 8680 8679
f 8636 8679 8681
f 8636 8681 8682
f 8636 8682 8683
f 8636 8683 8637
f 8637 8683 8684
f 8637 8684 8685
f 8637 8685 8686
f 8637 8686 8687
f 8637 8687 8638
f 8638 8687 8688
f 8638 8688 8689
f 8638 8689 8640
f 8638 8640 8639
f 8640 8689 8690
f 8640 8690 8656
f 8642 8643 8691
f 8642 8691 8651
f 8643 8692 8691
f 8643 8644 8693
f 8643 8693 8694
f 8643 8694 8692
f 8644 8694 8693
f 8644 8649 8695
f 8644 8695 8696
f 8644 8696 8694
f 8645 8697 8646
f 8646 8697 8698
f 8646 8698 8699
f 8646 8699 8647
f 8647 8699 8700
f 8647 8700 8701
f 8647 8701 8649
f 8647 8649 8648
f 8649 8701 8702
f 8649 8702 8695
f 8650 8653 8703
f 8650 8703 8704
f 8651 8691 8705
f 8651 8705 8652
f 8652 8705 8653
f 8653 8705 8703
f 8654 8706 8707
f 8654 8707 8708
f 8654 8708 8709
f 8654 8709 8655
f 8656 8710 8658
f 8656 8658 8657
f 8656 8690 8711
f 8656 8711 8710
f 8659 8662 8660
f 8660 8662 8663
f 8664 8672 8665
f 8665 8712 8713
f 8665 8713 8666
f 8665 8672 8712
f 8666 8713 8667
f 8667 8713 8714
f 8667 8714 8715
f 8667 8715 8716
f 8667 8716 8668
f 8668 8716 8676
f 8668 8676 8675
f 8669 8717 8718
f 8669 8718 8719
f 8669 8719 8670
f 8669 8674 8720
f 8669 8720 8721
f 8669 8721 8717
f 8670 8719 8671
f 8671 8719 8672
f 8672 8719 8722
f 8672 8722 8723
f 8672 8723 8712
f 8673 8724 8674
f 8674 8724 8725
f 8674 8725 8720
f 8676 8726 8677
f 8676 8716 8727
f 8676 8727 8728
f 8676 8728 8726
f 8677 8726 8678
f 8678 8726 8679
f 8679 8726 8729
f 8679 8729 8730
f 8679 8730 8682
f 8679 8682 8681
f 8682 8730 8731
f 8682 8731 8683
f 8683 8731 8684
f 8684 8731 8685
f 8685 8731 8732
f 8685 8732 8686
f 8686 8732 8687
f 8687 8732 8688
f 8688 8732 8689
f 8689 8732 8733
f 8689 8733 8690
f 8690 8733 8734
f 8691 8692 8705
f 8692 8694 8705
f 8694 8696 8695
f 8694 8695 8702
f 8694 8702 8705
f 8698 8735 8699
f 8699 8735 8736
f 8699 8736 8737
f 8699 8737 8700
f 8700 8738 8739
f 8700 8739 8740
f 8700 8740 8741
f 8700 8741 8701
f 8700 8737 8742
f 8700 8742 8743
f 8700 8743 8744
f 8700 8744 8745
f 8700 8745 8746
f 8700 8746 8738
f 8701 8747 8702
f 8701 8741 8747
f 8702 8747 8722
f 8702 8722 8719
f 8702 8719 8748
f 8702 8748 8705
f 8703 8749 8721
f 8703 8721 8720
f 8703 8720 8725
f 8703 8725 8750
f 8703 8750 8704
f 8703 8705 8749
f 8704 8750 8725
f 8705 8748 8751
f 8705 8751 8749
f 8706 8752 8707
f 8707 8752 8753
f 8707 8753 8754
f 8707 8754 8755
f 8707 8755 8756
f 8712 8723 8757
f 8712 8757 8758
f 8712 8758 8715
f 8712 8715 8713
f 8713 8715 8714
f 8715 8759 8716
f 8715 8758 8757
f 8715 8757 8759
f 8716 8759 8727
f 8717 8721 8748
f 8717 8748 8718
f 8718 8748 8719
f 8721 8751 8748
f 8721 8749 8751
f 8722 8747 8739
f 8722 8739 8723
f 8723 8739 8738
f 8723 8738 8746
f 8723 8746 8757
f 8726 8760 8761
f 8726 8761 8729
f 8726 8728 8762
f 8726 8762 8763
f 8726 8763 8764
f 8726 8764 8760
f 8727 8759 8765
f 8727 8765 8728
f 8728 8765 8762
f 8729 8761 8730
f 8730 8761 8731
f 8731 8761 8734
f 8731 8734 8732
f 8732 8734 8733
f 8734 8761 8766
f 8734 8766 8767
f 8736 8768 8769
f 8736 8769 8737
f 8737 8769 8770
f 8737 8770 8742
f 8739 8747 8771
f 8739 8771 8740
f 8740 8771 8747
f 8740 8747 8741
f 8742 8772 8743
f 8742 8770 8772
f 8743 8772 8773
f 8743 8773 8744
f 8744 8773 8745
f 8745 8773 8774
f 8745 8774 8746
f 8746 8774 8759
f 8746 8759 8757
f 8755 8775 8756
f 8756 8775 8776
f 8759 8774 8765
f 8760 8766 8761
f 8760 8764 8766
f 8762 8774 8763
f 8762 8765 8774
f 8763 8777 8764
f 8763 8774 8773
f 8763 8773 8777
f 8764 8777 8766
f 8766 8778 8767
f 8766 8777 8779
f 8766 8779 8778
f 8767 8778 8780
f 8767 8780 8781
f 8768 8782 8769
f 8769 8782 8770
f 8772 8783 8773
f 8773 8783 8777
f 8775 8784 8785
f 8775 8785 8776
f 8777 8783 8786
f 8777 8786 8779
f 8778 8779 8780
f 8780 8787 8781
f 8781 8787 8788
f 8781 8788 8789
f 8784 8790 8785
f 8785 8790 8791
f 8787 8792 8788
f 8788 8792 8789
f 8789 8792 8793
f 8790 8794 8791
f 8791 8794 8795
f 8792 8796 8793
f 8793 8796 8797
f 8794 8798 8799
f 8794 8799 8795
f 8796 8800 8801
f 8796 8801 8797
f 8798 8802 8799
f 8799 8802 8803
f 8800 8803 8802
f 8800 8802 8801
f 8804 8805 8809
f 8804 8809 8815
f 8804 8815 8824
f 8804 8824 8840
f 8804 8840 8865
f 8804 8865 8904
f 8804 8904 8942
f 8804 8942 8917
f 8804 8917 8871
f 8804 8871 8844
f 8804 8844 8826
f 8804 8826 8816
f 8804 8816 8810
f 8804 8810 8806
f 8804 8806 8811
f 8804 8811 8817
f 8804 8817 8827
f 8804 8827 8846
f 8804 8846 8875
f 8804 8875 8921
f 8804 8921 8920
f 8804 8920 8963
f 8804 8963 8995
f 8804 8995 9028
f 8804 9028 9027
f 8804 9027 9036
f 8804 9036 9041
f 8804 9041 9040
f 8804 9040 9039
f 8804 9039 9038
f 8804 9038 9037
f 8804 9037 9034
f 8804 9034 9033
f 8804 9033 9003
f 8804 9003 9002
f 8804 9002 8970
f 8804 8970 8931
f 8804 8931 8930
f 8804 8930 8929
f 8804 8929 8884
f 8804 8884 8850
f 8804 8850 8830
f 8804 8830 8819
f 8804 8819 8812
f 8804 8812 8807
f 8804 8807 8808
f 8804 8808 8805
f 8805 8808 8813
f 8805 8813 8822
f 8805 8822 8838
f 8805 8838 8862
f 8805 8862 8901
f 8805 8901 8900
f 8805 8900 8899
f 8805 8899 8898
f 8805 8898 8897
f 8805 8897 8940
f 8805 8940 8979
f 8805 8979 8982
f 8805 8982 9017
f 8805 9017 9025
f 8805 9025 9018
f 8805 9018 8985
f 8805 8985 8984
f 8805 8984 8983
f 8805 8983 8947
f 8805 8947 8946
f 8805 8946 8945
f 8805 8945 8906
f 8805 8906 8905
f 8805 8905 8870
f 8805 8870 8863
f 8805 8863 8839
f 8805 8839 8823
f 8805 8823 8814
f 8805 8814 8809
f 8806 8810 8811
f 8807 8812 8818
f 8807 8818 8829
f 8807 8829 8849
f 8807 8849 8882
f 8807 8882 8926
f 8807 8926 8889
f 8807 8889 8888
f 8807 8888 8861
f 8807 8861 8837
f 8807 8837 8831
f 8807 8831 8820
f 8807 8820 8813
f 8807 8813 8808
f 8809 8814 8815
f 8810 8816 8817
f 8810 8817 8811
f 8812 8819 8818
f 8813 8820 8821
f 8813 8821 8822
f 8814 8823 8815
f 8815 8823 8825
f 8815 8825 8824
f 8816 8826 8827
f 8816 8827 8817
f 8818 8819 8828
f 8818 8828 8829
f 8819 8830 8828
f 8820 8831 8821
f 8821 8832 8833
f 8821 8833 8834
f 8821 8834 8835
f 8821 8835 8836
f 8821 8836 8822
f 8821 8831 8837
f 8821 8837 8832
f 8822 8836 8838
f 8823 8839 8825
f 8824 8825 8841
f 8824 8841 8842
f 8824 8842 8840
f 8825 8839 8843
f 8825 8843 8841
f 8826 8844 8845
f 8826 8845 8827
f 8827 8845 8847
f 8827 8847 8846
f 8828 8830 8848
f 8828 8848 8829
f 8829 8848 8849
f 8830 8850 8851
f 8830 8851 8852
f 8830 8852 8848
f 8832 8837 8853
f 8832 8853 8854
f 8832 8854 8855
f 8832 8855 8833
f 8833 8856 8857
f 8833 8857 8858
f 8833 8858 8834
f 8833 8855 8859
f 8833 8859 8856
f 8834 8858 8835
f 8835 8838 8836
f 8835 8858 8857
f 8835 8857 8860
f 8835 8860 8838
f 8837 8861 8853
f 8838 8860 8862
f 8839 8863 8843
f 8840 8864 8865
f 8840 8842 8864
f 8841 8843 8866
f 8841 8866 8867
f 8841 8867 8868
f 8841 8868 8842
f 8842 8868 8869
f 8842 8869 8864
f 8843 8863 8870
f 8843 8870 8866
f 8844 8871 8872
f 8844 8872 8873
f 8844 8873 8845
f 8845 8873 8872
f 8845 8872 8847
f 8846 8874 8875
f 8846 8847 8874
f 8847 8872 8876
f 8847 8876 8877
f 8847 8877 8878
f 8847 8878 8879
f 8847 8879 8874
f 8848 8880 8849
f 8848 8852 8881
f 8848 8881 8880
f 8849 8880 8883
f 8849 8883 8882
f 8850 8884 8885
f 8850 8885 8886
f 8850 8886 8851
f 8851 8886 8852
f 8852 8886 8881
f 8853 8887 8854
f 8853 8861 8888
f 8853 8888 8889
f 8853 8889 8887
f 8854 8887 8890
f 8854 8890 8855
f 8855 8890 8891
f 8855 8891 8859
f 8856 8859 8892
f 8856 8892 8893
f 8856 8893 8894
f 8856 8894 8895
f 8856 8895 8896
f 8856 8896 8857
f 8857 8896 8897
f 8857 8897 8898
f 8857 8898 8899
f 8857 8899 8900
f 8857 8900 8901
f 8857 8901 8862
f 8857 8862 8860
f 8859 8891 8902
f 8859 8902 8892
f 8864 8869 8903
f 8864 8903 8904
f 8864 8904 8865
f 8866 8870 8905
f 8866 8905 8906
f 8866 8906 8907
f 8866 8907 8867
f 8867 8907 8908
f 8867 8908 8909
f 8867 8909 8910
f 8867 8910 8868
f 8868 8910 8911
f 8868 8911 8912
f 8868 8912 8869
f 8869 8912 8913
f 8869 8913 8914
f 8869 8914 8903
f 8871 8915 8916
f 8871 8916 8872
f 8871 8917 8918
f 8871 8918 8915
f 8872 8916 8876
f 8874 8919 8920
f 8874 8920 8921
f 8874 8921 8875
f 8874 8879 8919
f 8876 8916 8877
f 8877 8922 8923
f 8877 8923 8878
f 8877 8916 8922
f 8878 8924 8879
f 8878 8923 8924
f 8879 8924 8919
f 8880 8881 8883
f 8881 8886 8925
f 8881 8925 8883
f 8882 8883 8926
f 8883 8927 8887
f 8883 8887 8889
f 8883 8889 8926
f 8883 8925 8928
f 8883 8928 8927
f 8884 8929 8885
f 8885 8929 8930
f 8885 8930 8886
f 8886 8930 8931
f 8886 8931 8932
f 8886 8932 8933
f 8886 8933 8934
f 8886 8934 8925
f 8887 8927 8891
f 8887 8891 8890
f 8891 8927 8928
f 8891 8928 8902
f 8892 8894 8893
f 8892 8902 8894
f 8894 8902 8935
f 8894 8935 8936
f 8894 8936 8937
f 8894 8937 8895
f 8895 8937 8938
f 8895 8938 8896
f 8896 8938 8939
f 8896 8939 8940
f 8896 8940 8897
f 8902 8928 8941
f 8902 8941 8935
f 8903 8942 8904
f 8903 8914 8943
f 8903 8943 8944
f 8903 8944 8942
f 8906 8945 8907
f 8907 8945 8908
f 8908 8945 8946
f 8908 8946 8947
f 8908 8947 8948
f 8908 8948 8909
f 8909 8949 8910
f 8909 8948 8950
f 8909 8950 8949
f 8910 8951 8952
f 8910 8952 8913
f 8910 8913 8911
f 8910 8949 8951
f 8911 8913 8912
f 8913 8952 8951
f 8913 8951 8914
f 8914 8951 8922
f 8914 8922 8953
f 8914 8953 8943
f 8915 8918 8954
f 8915 8954 8916
f 8916 8955 8922
f 8916 8954 8955
f 8917 8942 8956
f 8917 8956 8944
f 8917 8944 8953
f 8917 8953 8957
f 8917 8957 8958
f 8917 8958 8918
f 8918 8958 8959
f 8918 8959 8954
f 8919 8924 8960
f 8919 8960 8961
f 8919 8961 8962
f 8919 8962 8963
f 8919 8963 8920
f 8922 8955 8953
f 8922 8951 8964
f 8922 8964 8923
f 8923 8965 8966
f 8923 8966 8967
f 8923 8967 8962
f 8923 8962 8961
f 8923 8961 8960
f 8923 8960 8924
f 8923 8964 8968
f 8923 8968 8965
f 8925 8934 8941
f 8925 8941 8928
f 8931 8969 8932
f 8931 8970 8969
f 8932 8969 8933
f 8933 8969 8934
f 8934 8935 8941
f 8934 8969 8971
f 8934 8971 8935
f 8935 8971 8972
f 8935 8972 8936
f 8936 8973 8974
f 8936 8974 8975
f 8936 8975 8937
f 8936 8972 8973
f 8937 8975 8938
f 8938 8976 8939
f 8938 8975 8977
f 8938 8977 8978
f 8938 8978 8976
f 8939 8979 8940
f 8939 8976 8978
f 8939 8978 8980
f 8939 8980 8981
f 8939 8981 8982
f 8939 8982 8979
f 8942 8944 8956
f 8943 8953 8944
f 8947 8983 8948
f 8948 8983 8984
f 8948 8984 8985
f 8948 8985 8986
f 8948 8986 8950
f 8949 8987 8988
f 8949 8988 8951
f 8949 8950 8989
f 8949 8989 8990
f 8949 8990 8991
f 8949 8991 8987
f 8950 8986 8992
f 8950 8992 8989
f 8951 8988 8993
f 8951 8993 8968
f 8951 8968 8964
f 8953 8955 8957
f 8954 8959 8955
f 8955 8959 8958
f 8955 8958 8957
f 8962 8967 8994
f 8962 8994 8995
f 8962 8995 8963
f 8965 8968 8993
f 8965 8993 8996
f 8965 8996 8997
f 8965 8997 8998
f 8965 8998 8999
f 8965 8999 8966
f 8966 8999 9000
f 8966 9000 9001
f 8966 9001 8967
f 8967 9001 8994
f 8969 8970 9002
f 8969 9002 9003
f 8969 9003 8971
f 8971 9003 9004
f 8971 9004 9005
f 8971 9005 9006
f 8971 9006 8972
f 8972 9006 8973
f 8973 9006 9007
f 8973 9007 9008
f 8973 9008 8974
f 8974 9008 9007
f 8974 9007 9009
f 8974 9009 9010
f 8974 9010 9011
f 8974 9011 9012
f 8974 9012 9013
f 8974 9013 8977
f 8974 8977 8975
f 8977 9013 8978
f 8978 9013 9014
f 8978 9014 8980
f 8980 9014 9015
f 8980 9015 9016
f 8980 9016 8981
f 8981 9017 8982
f 8981 9016 9017
f 8985 9018 8986
f 8986 9018 8992
f 8987 8991 9019
f 8987 9019 8988
f 8988 8996 8993
f 8988 9019 8998
f 8988 8998 9020
f 8988 9020 8996
f 8989 8992 9021
f 8989 9021 9022
f 8989 9022 9023
f 8989 9023 9024
f 8989 9024 8990
f 8990 9019 8991
f 8990 9024 9012
f 8990 9012 9019
f 8992 9022 9021
f 8992 9018 9025
f 8992 9025 9016
f 8992 9016 9022
f 8994 9001 9026
f 8994 9026 9027
f 8994 9027 9028
f 8994 9028 8995
f 8996 9020 8998
f 8996 8998 8997
f 8998 9019 9011
f 8998 9011 8999
f 8999 9011 9000
f 9000 9011 9010
f 9000 9010 9029
f 9000 9029 9030
f 9000 9030 9031
f 9000 9031 9001
f 9001 9031 9032
f 9001 9032 9026
f 9003 9033 9004
f 9004 9033 9005
f 9005 9007 9006
f 9005 9033 9034
f 9005 9034 9031
f 9005 9031 9009
f 9005 9009 9007
f 9009 9031 9030
f 9009 9030 9029
f 9009 9029 9010
f 9011 9019 9012
f 9012 9024 9013
f 9013 9024 9035
f 9013 9035 9015
f 9013 9015 9014
f 9015 9035 9022
f 9015 9022 9016
f 9016 9025 9017
f 9022 9035 9023
f 9023 9035 9024
f 9026 9032 9036
f 9026 9036 9027
f 9031 9034 9037
f 9031 9037 9038
f 9031 9038 9032
f 9032 9038 9039
f 9032 9039 9040
f 9032 9040 9041
f 9032 9041 9036
f 9042 9043 9048
f 9042 9048 9055
f 9042 9055 9074
f 9042 9074 9073
f 9042 9073 9096
f 9042 9096 9126
f 9042 9126 9164
f 9042 9164 9163
f 9042 9163 9162
f 9042 9162 9207
f 9042 9207 9206
f 9042 9206 9243
f 9042 9243 9242
f 9042 9242 9241
f 9042 9241 9203
f 9042 9203 9202
f 9042 9202 9240
f 9042 9240 9267
f 9042 9267 9244
f 9042 9244 9211
f 9042 9211 9167
f 9042 9167 9210
f 9042 9210 9209
f 9042 9209 9208
f 9042 9208 9165
f 9042 9165 9127
f 9042 9127 9100
f 9042 9100 9099
f 9042 9099 9098
f 9042 9098 9077
f 9042 9077 9075
f 9042 9075 9056
f 9042 9056 9049
f 9042 9049 9044
f 9042 9044 9045
f 9042 9045 9046
f 9042 9046 9047
f 9042 9047 9043
f 9043 9047 9048
f 9044 9049 9045
f 9045 9049 9046
f 9046 9049 9050
f 9046 9050 9051
f 9046 9051 9052
f 9046 9052 9047
f 9047 9052 9053
f 9047 9053 9054
f 9047 9054 9055
f 9047 9055 9048
f 9049 9056 9057
f 9049 9057 9050
f 9050 9058 9051
f 9050 9057 9059
f 9050 9059 9060
f 9050 9060 9061
f 9050 9061 9058
f 9051 9058 9062
f 9051 9062 9052
f 9052 9062 9063
f 9052 9063 9064
f 9052 9064 9065
f 9052 9065 9066
f 9052 9066 9053
f 9053 9066 9067
f 9053 9067 9068
f 9053 9068 9069
f 9053 9069 9070
f 9053 9070 9054
f 9054 9070 9071
f 9054 9071 9072
f 9054 9072 9073
f 9054 9073 9074
f 9054 9074 9055
f 9056 9075 9057
f 9057 9075 9059
f 9058 9061 9076
f 9058 9076 9062
f 9059 9077 9078
f 9059 9078 9060
f 9059 9075 9077
f 9060 9078 9079
f 9060 9079 9080
f 9060 9080 9061
f 9061 9080 9076
f 9062 9076 9082
f 9062 9082 9063
f 9063 9081 9065
f 9063 9065 9064
f 9063 9082 9083
f 9063 9083 9084
f 9063 9084 9085
f 9063 9085 9086
f 9063 9086 9081
f 9065 9087 9088
f 9065 9088 9066
f 9065 9081 9087
f 9066 9088 9089
f 9066 9089 9067
f 9067 9089 9068
f 9068 9090 9069
f 9068 9089 9090
f 9069 9090 9091
f 9069 9091 9092
f 9069 9092 9093
f 9069 9093 9094
f 9069 9094 9070
f 9070 9094 9071
f 9071 9094 9072
f 9072 9094 9095
f 9072 9095 9073
f 9073 9095 9096
f 9076 9080 9097
f 9076 9097 9082
f 9077 9098 9078
f 9078 9098 9099
f 9078 9099 9100
f 9078 9100 9101
f 9078 9101 9079
f 9079 9101 9102
f 9079 9102 9103
f 9079 9103 9080
f 9080 9103 9104
f 9080 9104 9097
f 9081 9086 9087
f 9082 9097 9104
f 9082 9104 9105
f 9082 9105 9106
f 9082 9106 9107
f 9082 9107 9083
f 9083 9107 9084
f 9084 9107 9108
f 9084 9108 9085
f 9085 9109 9086
f 9085 9108 9110
f 9085 9110 9111
f 9085 9111 9109
f 9086 9112 9113
f 9086 9113 9114
f 9086 9114 9115
f 9086 9115 9089
f 9086 9089 9116
f 9086 9116 9087
f 9086 9109 9112
f 9087 9116 9088
f 9088 9116 9089
f 9089 9115 9090
f 9090 9117 9091
f 9090 9115 9117
f 9091 9118 9119
f 9091 9119 9120
f 9091 9120 9092
f 9091 9117 9118
f 9092 9120 9093
f 9093 9120 9121
f 9093 9121 9122
f 9093 9122 9123
f 9093 9123 9124
f 9093 9124 9094
f 9094 9124 9125
f 9094 9125 9095
f 9095 9125 9096
f 9096 9125 9126
f 9100 9127 9128
f 9100 9128 9101
f 9101 9128 9129
f 9101 9129 9102
f 9102 9129 9103
f 9103 9129 9130
f 9103 9130 9131
f 9103 9131 9132
f 9103 9132 9104
f 9104 9133 9105
f 9104 9132 9133
f 9105 9133 9134
f 9105 9134 9106
f 9106 9134 9135
f 9106 9135 9107
f 9107 9135 9136
f 9107 9136 9137
f 9107 9137 9108
f 9108 9137 9138
f 9108 9138 9139
f 9108 9139 9110
f 9109 9111 9140
f 9109 9140 9141
f 9109 9141 9142
f 9109 9142 9143
f 9109 9143 9112
f 9110 9139 9111
f 9111 9139 9140
f 9112 9143 9144
f 9112 9144 9145
f 9112 9145 9146
f 9112 9146 9113
f 9113 9146 9147
f 9113 9147 9148
f 9113 9148 9149
f 9113 9149 9114
f 9114 9150 9120
f 9114 9120 9119
f 9114 9119 9118
f 9114 9118 9117
f 9114 9117 9115
f 9114 9149 9151
f 9114 9151 9150
f 9120 9151 9152
f 9120 9152 9121
f 9120 9150 9153
f 9120 9153 9151
f 9121 9152 9154
f 9121 9154 9155
f 9121 9155 9156
f 9121 9156 9122
f 9122 9156 9157
f 9122 9157 9158
f 9122 9158 9159
f 9122 9159 9160
f 9122 9160 9161
f 9122 9161 9162
f 9122 9162 9123
f 9123 9162 9124
f 9124 9162 9163
f 9124 9163 9125
f 9125 9163 9164
f 9125 9164 9126
f 9127 9165 9128
f 9128 9165 9166
f 9128 9166 9129
f 9129 9166 9167
f 9129 9167 9168
f 9129 9168 9169
f 9129 9169 9170
f 9129 9170 9130
f 9130 9170 9169
f 9130 9169 9171
f 9130 9171 9172
f 9130 9172 9173
f 9130 9173 9174
f 9130 9174 9175
f 9130 9175 9131
f 9131 9175 9132
f 9132 9175 9176
f 9132 9176 9177
f 9132 9177 9133
f 9133 9177 9134
f 9134 9177 9178
f 9134 9178 9135
f 9135 9178 9175
f 9135 9175 9179
f 9135 9179 9180
f 9135 9180 9181
f 9135 9181 9136
f 9136 9181 9182
f 9136 9182 9183
f 9136 9183 9137
f 9137 9183 9184
f 9137 9184 9185
f 9137 9185 9140
f 9137 9140 9138
f 9138 9140 9139
f 9140 9185 9186
f 9140 9186 9187
f 9140 9187 9142
f 9140 9142 9141
f 9142 9187 9188
f 9142 9188 9143
f 9143 9188 9144
f 9144 9189 9145
f 9144 9188 9189
f 9145 9189 9190
f 9145 9190 9191
f 9145 9191 9146
f 9146 9191 9192
f 9146 9192 9147
f 9147 9192 9193
f 9147 9193 9194
f 9147 9194 9195
f 9147 9195 9196
f 9147 9196 9148
f 9148 9196 9197
f 9148 9197 9151
f 9148 9151 9149
f 9150 9151 9153
f 9151 9198 9152
f 9151 9197 9198
f 9152 9199 9155
f 9152 9155 9154
f 9152 9198 9199
f 9155 9199 9200
f 9155 9200 9201
f 9155 9201 9157
f 9155 9157 9156
f 9157 9201 9158
f 9158 9201 9239
f 9158 9239 9236
f 9158 9236 9198
f 9158 9198 9235
f 9158 9235 9265
f 9158 9265 9266
f 9158 9266 9240
f 9158 9240 9202
f 9158 9202 9203
f 9158 9203 9204
f 9158 9204 9205
f 9158 9205 9159
f 9159 9205 9160
f 9160 9206 9161
f 9160 9205 9206
f 9161 9206 9207
f 9161 9207 9162
f 9165 9208 9166
f 9166 9208 9209
f 9166 9209 9210
f 9166 9210 9167
f 9167 9211 9169
f 9167 9169 9168
f 9169 9212 9171
f 9169 9211 9212
f 9171 9212 9213
f 9171 9213 9214
f 9171 9214 9172
f 9172 9214 9215
f 9172 9215 9173
f 9173 9216 9174
f 9173 9215 9217
f 9173 9217 9218
f 9173 9218 9216
f 9174 9216 9219
f 9174 9219 9175
f 9175 9219 9220
f 9175 9220 9180
f 9175 9180 9221
f 9175 9221 9179
f 9175 9178 9177
f 9175 9177 9176
f 9179 9221 9180
f 9180 9220 9222
f 9180 9222 9223
f 9180 9223 9182
f 9180 9182 9181
f 9182 9223 9224
f 9182 9224 9183
f 9183 9225 9226
f 9183 9226 9184
f 9183 9224 9225
f 9184 9226 9227
f 9184 9227 9185
f 9185 9227 9186
f 9186 9227 9187
f 9187 9227 9228
f 9187 9228 9229
f 9187 9229 9188
f 9188 9229 9230
f 9188 9230 9231
f 9188 9231 9232
f 9188 9232 9233
f 9188 9233 9234
f 9188 9234 9189
f 9189 9234 9190
f 9190 9234 9198
f 9190 9198 9195
f 9190 9195 9191
f 9191 9195 9194
f 9191 9194 9192
f 9192 9194 9193
f 9195 9198 9196
f 9196 9198 9197
f 9198 9236 9199
f 9198 9234 9237
f 9198 9237 9235
f 9199 9236 9238
f 9199 9238 9200
f 9200 9238 9239
f 9200 9239 9201
f 9203 9241 9204
f 9204 9241 9242
f 9204 9242 9205
f 9205 9242 9243
f 9205 9243 9206
f 9211 9244 9245
f 9211 9245 9246
f 9211 9246 9212
f 9212 9246 9245
f 9212 9245 9244
f 9212 9244 9267
f 9212 9267 9277
f 9212 9277 9272
f 9212 9272 9268
f 9212 9268 9252
f 9212 9252 9251
f 9212 9251 9223
f 9212 9223 9250
f 9212 9250 9249
f 9212 9249 9248
f 9212 9248 9247
f 9212 9247 9218
f 9212 9218 9217
f 9212 9217 9215
f 9212 9215 9214
f 9212 9214 9213
f 9216 9218 9247
f 9216 9247 9248
f 9216 9248 9249
f 9216 9249 9219
f 9219 9222 9220
f 9219 9249 9222
f 9222 9249 9250
f 9222 9250 9223
f 9223 9251 9224
f 9224 9251 9252
f 9224 9252 9253
f 9224 9253 9254
f 9224 9254 9255
f 9224 9255 9226
f 9224 9226 9225
f 9226 9255 9256
f 9226 9256 9257
f 9226 9257 9258
f 9226 9258 9227
f 9227 9258 9228
f 9228 9258 9259
f 9228 9259 9260
f 9228 9260 9229
f 9229 9261 9230
f 9229 9260 9261
f 9230 9261 9262
f 9230 9262 9231
f 9231 9262 9263
f 9231 9263 9232
f 9232 9263 9233
f 9233 9263 9237
f 9233 9237 9234
f 9235 9264 9276
f 9235 9276 9275
f 9235 9275 9274
f 9235 9274 9273
f 9235 9273 9272
f 9235 9272 9277
f 9235 9277 9265
f 9235 9237 9264
f 9236 9239 9238
f 9237 9263 9264
f 9240 9266 9267
f 9252 9268 9253
f 9253 9268 9269
f 9253 9269 9254
f 9254 9269 9257
f 9254 9257 9256
f 9254 9256 9255
f 9257 9269 9258
f 9258 9269 9270
f 9258 9270 9271
f 9258 9271 9259
f 9259 9271 9272
f 9259 9272 9273
f 9259 9273 9260
f 9260 9273 9274
f 9260 9274 9261
f 9261 9274 9275
f 9261 9275 9276
f 9261 9276 9262
f 9262 9276 9264
f 9262 9264 9263
f 9265 9277 9266
f 9266 9277 9267
f 9268 9272 9271
f 9268 9271 9270
f 9268 9270 9269
f 9278 9279 9280
f 9278 9280 9293
f 9278 9293 9303
f 9278 9303 9317
f 9278 9317 9333
f 9278 9333 9358
f 9278 9358 9373
f 9278 9373 9384
f 9278 9384 9400
f 9278 9400 9412
f 9278 9412 9420
f 9278 9420 9423
f 9278 9423 9425
f 9278 9425 9432
f 9278 9432 9437
f 9278 9437 9436
f 9278 9436 9435
f 9278 9435 9442
f 9278 9442 9441
f 9278 9441 9439
f 9278 9439 9433
f 9278 9433 9429
f 9278 9429 9428
f 9278 9428 9427
f 9278 9427 9426
f 9278 9426 9422
f 9278 9422 9417
f 9278 9417 9413
f 9278 9413 9401
f 9278 9401 9386
f 9278 9386 9385
f 9278 9385 9376
f 9278 9376 9375
f 9278 9375 9374
f 9278 9374 9363
f 9278 9363 9359
f 9278 9359 9334
f 9278 9334 9318
f 9278 9318 9304
f 9278 9304 9294
f 9278 9294 9281
f 9278 9281 9282
f 9278 9282 9283
f 9278 9283 9279
f 9279 9283 9284
f 9279 9284 9285
f 9279 9285 9286
f 9279 9286 9287
f 9279 9287 9288
f 9279 9288 9289
f 9279 9289 9280
f 9280 9289 9290
f 9280 9290 9291
f 9280 9291 9292
f 9280 9292 9293
f 9281 9294 9295
f 9281 9295 9282
f 9282 9295 9283
f 9283 9295 9284
f 9284 9295 9296
f 9284 9296 9285
f 9285 9296 9297
f 9285 9297 9298
f 9285 9298 9299
f 9285 9299 9286
f 9286 9300 9288
f 9286 9288 9287
f 9286 9299 9300
f 9288 9300 9315
f 9288 9315 9301
f 9288 9301 9290
f 9288 9290 9289
f 9290 9301 9315
f 9290 9315 9331
f 9290 9331 9356
f 9290 9356 9355
f 9290 9355 9371
f 9290 9371 9370
f 9290 9370 9382
f 9290 9382 9398
f 9290 9398 9397
f 9290 9397 9396
f 9290 9396 9395
f 9290 9395 9410
f 9290 9410 9409
f 9290 9409 9404
f 9290 9404 9389
f 9290 9389 9378
f 9290 9378 9393
f 9290 9393 9408
f 9290 9408 9416
f 9290 9416 9421
f 9290 9421 9430
f 9290 9430 9434
f 9290 9434 9440
f 9290 9440 9438
f 9290 9438 9431
f 9290 9431 9424
f 9290 9424 9419
f 9290 9419 9418
f 9290 9418 9411
f 9290 9411 9399
f 9290 9399 9383
f 9290 9383 9372
f 9290 9372 9357
f 9290 9357 9332
f 9290 9332 9316
f 9290 9316 9302
f 9290 9302 9292
f 9290 9292 9291
f 9292 9302 9293
f 9293 9302 9303
f 9294 9304 9305
f 9294 9305 9295
f 9295 9306 9296
f 9295 9305 9307
f 9295 9307 9308
f 9295 9308 9309
f 9295 9309 9306
f 9296 9306 9310
f 9296 9310 9297
f 9297 9310 9298
f 9298 9310 9299
f 9299 9310 9311
f 9299 9311 9312
f 9299 9312 9300
f 9300 9312 9313
f 9300 9313 9314
f 9300 9314 9315
f 9302 9316 9303
f 9303 9316 9317
f 9304 9318 9305
f 9305 9318 9319
f 9305 9319 9320
f 9305 9320 9321
f 9305 9321 9307
f 9306 9309 9310
f 9307 9321 9308
f 9308 9321 9322
f 9308 9322 9323
f 9308 9323 9309
f 9309 9323 9324
f 9309 9324 9311
f 9309 9311 9310
f 9311 9324 9325
f 9311 9325 9326
f 9311 9326 9312
f 9312 9326 9313
f 9313 9326 9327
f 9313 9327 9328
f 9313 9328 9329
f 9313 9329 9330
f 9313 9330 9314
f 9314 9330 9315
f 9315 9330 9331
f 9316 9332 9317
f 9317 9332 9333
f 9318 9334 9335
f 9318 9335 9336
f 9318 9336 9337
f 9318 9337 9319
f 9319 9337 9320
f 9320 9337 9338
f 9320 9338 9339
f 9320 9339 9340
f 9320 9340 9321
f 9321 9340 9322
f 9322 9340 9339
f 9322 9339 9338
f 9322 9338 9341
f 9322 9341 9342
f 9322 9342 9343
f 9322 9343 9344
f 9322 9344 9323
f 9323 9345 9324
f 9323 9344 9343
f 9323 9343 9346
f 9323 9346 9347
f 9323 9347 9348
f 9323 9348 9345
f 9324 9345 9325
f 9325 9345 9349
f 9325 9349 9350
f 9325 9350 9351
f 9325 9351 9352
f 9325 9352 9353
f 9325 9353 9328
f 9325 9328 9327
f 9325 9327 9326
f 9328 9353 9354
f 9328 9354 9329
f 9329 9354 9330
f 9330 9354 9355
f 9330 9355 9356
f 9330 9356 9331
f 9332 9357 9358
f 9332 9358 9333
f 9334 9359 9360
f 9334 9360 9335
f 9335 9360 9336
f 9336 9360 9343
f 9336 9343 9337
f 9337 9343 9342
f 9337 9342 9341
f 9337 9341 9338
f 9343 9360 9361
f 9343 9361 9362
f 9343 9362 9363
f 9343 9363 9374
f 9343 9374 9364
f 9343 9364 9378
f 9343 9378 9389
f 9343 9389 9394
f 9343 9394 9379
f 9343 9379 9365
f 9343 9365 9350
f 9343 9350 9349
f 9343 9349 9348
f 9343 9348 9347
f 9343 9347 9346
f 9345 9348 9349
f 9350 9365 9366
f 9350 9366 9367
f 9350 9367 9368
f 9350 9368 9351
f 9351 9368 9369
f 9351 9369 9352
f 9352 9366 9370
f 9352 9370 9353
f 9352 9369 9368
f 9352 9368 9367
f 9352 9367 9366
f 9353 9370 9371
f 9353 9371 9354
f 9354 9371 9355
f 9357 9372 9373
f 9357 9373 9358
f 9359 9363 9362
f 9359 9362 9360
f 9360 9362 9361
f 9364 9374 9375
f 9364 9375 9376
f 9364 9376 9377
f 9364 9377 9378
f 9365 9379 9380
f 9365 9380 9366
f 9366 9380 9381
f 9366 9381 9382
f 9366 9382 9370
f 9372 9383 9384
f 9372 9384 9373
f 9376 9385 9377
f 9377 9385 9386
f 9377 9386 9387
f 9377 9387 9388
f 9377 9388 9378
f 9378 9388 9390
f 9378 9390 9391
f 9378 9391 9392
f 9378 9392 9393
f 9379 9394 9395
f 9379 9395 9396
f 9379 9396 9397
f 9379 9397 9380
f 9380 9397 9398
f 9380 9398 9381
f 9381 9398 9382
f 9383 9399 9384
f 9384 9399 9400
f 9386 9401 9414
f 9386 9414 9402
f 9386 9402 9388
f 9386 9388 9403
f 9386 9403 9387
f 9387 9403 9388
f 9388 9402 9390
f 9389 9404 9394
f 9390 9402 9405
f 9390 9405 9415
f 9390 9415 9406
f 9390 9406 9407
f 9390 9407 9391
f 9391 9407 9393
f 9391 9393 9392
f 9393 9407 9408
f 9394 9404 9409
f 9394 9409 9410
f 9394 9410 9395
f 9399 9411 9412
f 9399 9412 9400
f 9401 9413 9408
f 9401 9408 9406
f 9401 9406 9414
f 9402 9414 9415
f 9402 9415 9405
f 9406 9415 9414
f 9406 9408 9407
f 9408 9413 9417
f 9408 9417 9416
f 9411 9418 9412
f 9412 9418 9419
f 9412 9419 9420
f 9416 9417 9421
f 9417 9422 9421
f 9419 9423 9420
f 9419 9424 9425
f 9419 9425 9423
f 9421 9422 9426
f 9421 9426 9427
f 9421 9427 9428
f 9421 9428 9429
f 9421 9429 9430
f 9424 9431 9425
f 9425 9431 9432
f 9429 9433 9430
f 9430 9433 9434
f 9431 9435 9436
f 9431 9436 9437
f 9431 9437 9432
f 9431 9438 9435
f 9433 9439 9434
f 9434 9439 9441
f 9434 9441 9440
f 9435 9438 9442
f 9438 9440 9441
f 9438 9441 9442
f 9443 9444 9445
f 9443 9445 9446
f 9443 9446 9451
f 9443 9451 9468
f 9443 9468 9482
f 9443 9482 9501
f 9443 9501 9532
f 9443 9532 9574
f 9443 9574 9615
f 9443 9615 9577
f 9443 9577 9533
f 9443 9533 9503
f 9443 9503 9483
f 9443 9483 9469
f 9443 9469 9452
f 9443 9452 9447
f 9443 9447 9454
f 9443 9454 9471
f 9443 9471 9489
f 9443 9489 9512
f 9443 9512 9546
f 9443 9546 9596
f 9443 9596 9597
f 9443 9597 9634
f 9443 9634 9676
f 9443 9676 9675
f 9443 9675 9674
f 9443 9674 9679
f 9443 9679 9678
f 9443 9678 9677
f 9443 9677 9640
f 9443 9640 9639
f 9443 9639 9635
f 9443 9635 9638
f 9443 9638 9637
f 9443 9637 9636
f 9443 9636 9600
f 9443 9600 9598
f 9443 9598 9548
f 9443 9548 9547
f 9443 9547 9513
f 9443 9513 9492
f 9443 9492 9490
f 9443 9490 9473
f 9443 9473 9472
f 9443 9472 9455
f 9443 9455 9448
f 9443 9448 9444
f 9444 9449 9450
f 9444 9450 9445
f 9444 9448 9449
f 9445 9451 9446
f 9445 9450 9451
f 9447 9452 9453
f 9447 9453 9454
f 9448 9455 9456
f 9448 9456 9457
f 9448 9457 9449
f 9449 9458 9459
f 9449 9459 9460
f 9449 9460 9461
f 9449 9461 9462
f 9449 9462 9463
f 9449 9463 9450
f 9449 9457 9458
f 9450 9463 9464
f 9450 9464 9465
f 9450 9465 9466
f 9450 9466 9451
f 9451 9466 9467
f 9451 9467 9465
f 9451 9465 9468
f 9452 9469 9485
f 9452 9485 9505
f 9452 9505 9538
f 9452 9538 9584
f 9452 9584 9585
f 9452 9585 9617
f 9452 9617 9655
f 9452 9655 9654
f 9452 9654 9656
f 9452 9656 9694
f 9452 9694 9693
f 9452 9693 9692
f 9452 9692 9691
f 9452 9691 9690
f 9452 9690 9711
f 9452 9711 9710
f 9452 9710 9712
f 9452 9712 9715
f 9452 9715 9714
f 9452 9714 9713
f 9452 9713 9717
f 9452 9717 9716
f 9452 9716 9696
f 9452 9696 9695
f 9452 9695 9659
f 9452 9659 9620
f 9452 9620 9590
f 9452 9590 9586
f 9452 9586 9539
f 9452 9539 9506
f 9452 9506 9486
f 9452 9486 9470
f 9452 9470 9453
f 9453 9470 9486
f 9453 9486 9507
f 9453 9507 9540
f 9453 9540 9587
f 9453 9587 9618
f 9453 9618 9657
f 9453 9657 9667
f 9453 9667 9666
f 9453 9666 9626
f 9453 9626 9593
f 9453 9593 9543
f 9453 9543 9508
f 9453 9508 9487
f 9453 9487 9471
f 9453 9471 9454
f 9455 9472 9456
f 9456 9472 9457
f 9457 9472 9473
f 9457 9473 9474
f 9457 9474 9458
f 9458 9474 9475
f 9458 9475 9476
f 9458 9476 9459
f 9459 9476 9477
f 9459 9477 9478
f 9459 9478 9460
f 9460 9478 9461
f 9461 9479 9480
f 9461 9480 9462
f 9461 9478 9481
f 9461 9481 9479
f 9462 9480 9479
f 9462 9479 9463
f 9463 9482 9464
f 9463 9479 9482
f 9464 9482 9465
f 9465 9467 9466
f 9465 9482 9468
f 9469 9483 9484
f 9469 9484 9485
f 9471 9487 9488
f 9471 9488 9489
f 9473 9490 9491
f 9473 9491 9474
f 9474 9491 9475
f 9475 9491 9490
f 9475 9490 9492
f 9475 9492 9493
f 9475 9493 9494
f 9475 9494 9477
f 9475 9477 9476
f 9477 9494 9495
f 9477 9495 9496
f 9477 9496 9478
f 9478 9496 9497
f 9478 9497 9481
f 9479 9498 9482
f 9479 9481 9499
f 9479 9499 9500
f 9479 9500 9498
f 9481 9497 9500
f 9481 9500 9499
f 9482 9498 9502
f 9482 9502 9501
f 9483 9503 9484
f 9484 9503 9504
f 9484 9504 9505
f 9484 9505 9485
f 9486 9506 9507
f 9487 9508 9488
f 9488 9508 9509
f 9488 9509 9510
f 9488 9510 9489
f 9489 9510 9511
f 9489 9511 9512
f 9492 9513 9493
f 9493 9513 9514
f 9493 9514 9494
f 9494 9514 9515
f 9494 9515 9516
f 9494 9516 9517
f 9494 9517 9518
f 9494 9518 9519
f 9494 9519 9520
f 9494 9520 9521
f 9494 9521 9495
f 9495 9521 9522
f 9495 9522 9523
f 9495 9523 9524
f 9495 9524 9525
f 9495 9525 9526
f 9495 9526 9527
f 9495 9527 9496
f 9496 9527 9528
f 9496 9528 9529
f 9496 9529 9497
f 9497 9529 9500
f 9498 9530 9531
f 9498 9531 9502
f 9498 9500 9529
f 9498 9529 9530
f 9501 9502 9531
f 9501 9531 9532
f 9503 9533 9534
f 9503 9534 9504
f 9504 9534 9535
f 9504 9535 9536
f 9504 9536 9505
f 9505 9536 9537
f 9505 9537 9538
f 9506 9539 9507
f 9507 9539 9541
f 9507 9541 9542
f 9507 9542 9540
f 9508 9543 9509
f 9509 9543 9544
f 9509 9544 9510
f 9510 9544 9545
f 9510 9545 9546
f 9510 9546 9511
f 9511 9546 9512
f 9513 9547 9514
f 9514 9548 9549
f 9514 9549 9515
f 9514 9547 9548
f 9515 9549 9550
f 9515 9550 9551
f 9515 9551 9552
f 9515 9552 9553
f 9515 9553 9516
f 9516 9554 9555
f 9516 9555 9556
f 9516 9556 9557
f 9516 9557 9558
f 9516 9558 9518
f 9516 9518 9517
f 9516 9553 9559
f 9516 9559 9554
f 9518 9558 9560
f 9518 9560 9561
f 9518 9561 9519
f 9519 9561 9562
f 9519 9562 9522
f 9519 9522 9563
f 9519 9563 9520
f 9520 9563 9522
f 9520 9522 9521
f 9522 9562 9564
f 9522 9564 9523
f 9523 9564 9565
f 9523 9565 9566
f 9523 9566 9567
f 9523 9567 9524
f 9524 9568 9569
f 9524 9569 9526
f 9524 9526 9525
f 9524 9567 9568
f 9526 9569 9527
f 9527 9569 9528
f 9528 9570 9529
f 9528 9569 9534
f 9528 9534 9570
f 9529 9570 9571
f 9529 9571 9530
f 9530 9571 9531
f 9531 9572 9532
f 9531 9571 9572
f 9532 9573 9574
f 9532 9572 9575
f 9532 9575 9576
f 9532 9576 9573
f 9533 9577 9534
f 9534 9577 9578
f 9534 9578 9573
f 9534 9573 9576
f 9534 9576 9575
f 9534 9575 9579
f 9534 9579 9580
f 9534 9580 9571
f 9534 9571 9570
f 9534 9569 9581
f 9534 9581 9582
f 9534 9582 9583
f 9534 9583 9535
f 9535 9584 9538
f 9535 9538 9537
f 9535 9537 9536
f 9535 9583 9585
f 9535 9585 9584
f 9539 9586 9541
f 9540 9542 9588
f 9540 9588 9589
f 9540 9589 9587
f 9541 9586 9542
f 9542 9586 9590
f 9542 9590 9591
f 9542 9591 9592
f 9542 9592 9588
f 9543 9593 9544
f 9544 9594 9595
f 9544 9595 9545
f 9544 9593 9594
f 9545 9596 9546
f 9545 9595 9597
f 9545 9597 9596
f 9548 9598 9549
f 9549 9598 9550
f 9550 9598 9551
f 9551 9598 9552
f 9552 9599 9555
f 9552 9555 9559
f 9552 9559 9553
f 9552 9598 9600
f 9552 9600 9599
f 9554 9559 9555
f 9555 9599 9556
f 9556 9599 9601
f 9556 9601 9602
f 9556 9602 9603
f 9556 9603 9557
f 9557 9603 9558
f 9558 9604 9605
f 9558 9605 9606
f 9558 9606 9607
f 9558 9607 9560
f 9558 9603 9604
f 9560 9608 9609
f 9560 9609 9561
f 9560 9607 9608
f 9561 9609 9565
f 9561 9565 9564
f 9561 9564 9562
f 9565 9609 9610
f 9565 9610 9611
f 9565 9611 9566
f 9566 9611 9612
f 9566 9612 9613
f 9566 9613 9614
f 9566 9614 9567
f 9567 9614 9568
f 9568 9614 9569
f 9569 9614 9613
f 9569 9613 9581
f 9571 9580 9579
f 9571 9579 9572
f 9572 9579 9575
f 9573 9615 9574
f 9573 9578 9615
f 9577 9615 9578
f 9581 9613 9582
f 9582 9613 9616
f 9582 9616 9583
f 9583 9616 9585
f 9585 9616 9617
f 9587 9589 9588
f 9587 9588 9592
f 9587 9592 9619
f 9587 9619 9618
f 9590 9620 9591
f 9591 9621 9592
f 9591 9620 9622
f 9591 9622 9623
f 9591 9623 9621
f 9592 9621 9624
f 9592 9624 9625
f 9592 9625 9619
f 9593 9626 9594
f 9594 9627 9625
f 9594 9625 9628
f 9594 9628 9629
f 9594 9629 9595
f 9594 9626 9630
f 9594 9630 9627
f 9595 9629 9631
f 9595 9631 9632
f 9595 9632 9633
f 9595 9633 9597
f 9597 9633 9634
f 9599 9635 9601
f 9599 9600 9636
f 9599 9636 9637
f 9599 9637 9638
f 9599 9638 9635
f 9601 9639 9640
f 9601 9640 9641
f 9601 9641 9602
f 9601 9635 9639
f 9602 9641 9642
f 9602 9642 9643
f 9602 9643 9604
f 9602 9604 9603
f 9604 9643 9605
f 9605 9643 9644
f 9605 9644 9645
f 9605 9645 9606
f 9606 9646 9607
f 9606 9645 9647
f 9606 9647 9646
f 9607 9648 9649
f 9607 9649 9608
f 9607 9646 9648
f 9608 9649 9650
f 9608 9650 9651
f 9608 9651 9609
f 9609 9652 9653
f 9609 9653 9610
f 9609 9651 9652
f 9610 9654 9655
f 9610 9655 9611
f 9610 9653 9656
f 9610 9656 9654
f 9611 9655 9612
f 9612 9655 9617
f 9612 9617 9616
f 9612 9616 9613
f 9618 9619 9658
f 9618 9658 9625
f 9618 9625 9657
f 9619 9625 9658
f 9620 9659 9660
f 9620 9660 9661
f 9620 9661 9622
f 9621 9623 9624
f 9622 9662 9663
f 9622 9663 9623
f 9622 9661 9664
f 9622 9664 9662
f 9623 9663 9624
f 9624 9663 9665
f 9624 9665 9625
f 9625 9627 9630
f 9625 9630 9666
f 9625 9666 9667
f 9625 9667 9657
f 9625 9665 9628
f 9626 9666 9630
f 9628 9665 9668
f 9628 9668 9669
f 9628 9669 9629
f 9629 9669 9670
f 9629 9670 9631
f 9631 9670 9671
f 9631 9671 9632
f 9632 9671 9672
f 9632 9672 9673
f 9632 9673 9674
f 9632 9674 9675
f 9632 9675 9676
f 9632 9676 9633
f 9633 9676 9634
f 9640 9677 9641
f 9641 9677 9678
f 9641 9678 9679
f 9641 9679 9674
f 9641 9674 9680
f 9641 9680 9681
f 9641 9681 9642
f 9642 9681 9682
f 9642 9682 9643
f 9643 9682 9644
f 9644 9682 9683
f 9644 9683 9645
f 9645 9683 9684
f 9645 9684 9685
f 9645 9685 9647
f 9646 9686 9687
f 9646 9687 9650
f 9646 9650 9648
f 9646 9647 9686
f 9647 9685 9688
f 9647 9688 9689
f 9647 9689 9686
f 9648 9650 9649
f 9650 9690 9691
f 9650 9691 9651
f 9650 9687 9690
f 9651 9691 9692
f 9651 9692 9693
f 9651 9693 9652
f 9652 9693 9694
f 9652 9694 9656
f 9652 9656 9653
f 9659 9695 9660
f 9660 9695 9696
f 9660 9696 9697
f 9660 9697 9698
f 9660 9698 9661
f 9661 9698 9699
f 9661 9699 9664
f 9662 9700 9665
f 9662 9665 9663
f 9662 9664 9700
f 9664 9699 9701
f 9664 9701 9668
f 9664 9668 9700
f 9665 9700 9668
f 9668 9701 9702
f 9668 9702 9672
f 9668 9672 9670
f 9668 9670 9669
f 9670 9672 9671
f 9672 9703 9673
f 9672 9702 9704
f 9672 9704 9682
f 9672 9682 9681
f 9672 9681 9705
f 9672 9705 9703
f 9673 9703 9705
f 9673 9705 9706
f 9673 9706 9674
f 9674 9706 9680
f 9680 9706 9705
f 9680 9705 9681
f 9682 9704 9683
f 9683 9704 9684
f 9684 9704 9707
f 9684 9707 9708
f 9684 9708 9685
f 9685 9708 9709
f 9685 9709 9688
f 9686 9710 9711
f 9686 9711 9687
f 9686 9689 9712
f 9686 9712 9710
f 9687 9711 9690
f 9688 9709 9713
f 9688 9713 9714
f 9688 9714 9715
f 9688 9715 9689
f 9689 9715 9712
f 9696 9716 9697
f 9697 9716 9709
f 9697 9709 9698
f 9698 9709 9708
f 9698 9708 9699
f 9699 9702 9701
f 9699 9708 9707
f 9699 9707 9702
f 9702 9707 9704
f 9709 9716 9717
f 9709 9717 9713
f 9718 9719 9720
f 9718 9720 9721
f 9718 9721 9722
f 9718 9722 9723
f 9718 9723 9724
f 9718 9724 9725
f 9718 9725 9726
f 9718 9726 9727
f 9718 9727 9731
f 9718 9731 9736
f 9718 9736 9735
f 9718 9735 9740
f 9718 9740 9745
f 9718 9745 9749
f 9718 9749 9756
f 9718 9756 9765
f 9718 9765 9764
f 9718 9764 9775
f 9718 9775 9788
f 9718 9788 9801
f 9718 9801 9822
f 9718 9822 9821
f 9718 9821 9820
f 9718 9820 9839
f 9718 9839 9869
f 9718 9869 9868
f 9718 9868 9867
f 9718 9867 9866
f 9718 9866 9901
f 9718 9901 9930
f 9718 9930 9971
f 9718 9971 9996
f 9718 9996 10014
f 9718 10014 10013
f 9718 10013 10016
f 9718 10016 10000
f 9718 10000 9978
f 9718 9978 9997
f 9718 9997 9974
f 9718 9974 9973
f 9718 9973 9972
f 9718 9972 9935
f 9718 9935 9934
f 9718 9934 9904
f 9718 9904 9873
f 9718 9873 9872
f 9718 9872 9845
f 9718 9845 9826
f 9718 9826 9805
f 9718 9805 9804
f 9718 9804 9802
f 9718 9802 9789
f 9718 9789 9777
f 9718 9777 9766
f 9718 9766 9759
f 9718 9759 9758
f 9718 9758 9757
f 9718 9757 9752
f 9718 9752 9747
f 9718 9747 9744
f 9718 9744 9742
f 9718 9742 9738
f 9718 9738 9732
f 9718 9732 9728
f 9718 9728 9719
f 9719 9728 9729
f 9719 9729 9720
f 9720 9729 9734
f 9720 9734 9733
f 9720 9733 9739
f 9720 9739 9743
f 9720 9743 9748
f 9720 9748 9753
f 9720 9753 9762
f 9720 9762 9771
f 9720 9771 9784
f 9720 9784 9798
f 9720 9798 9814
f 9720 9814 9831
f 9720 9831 9851
f 9720 9851 9864
f 9720 9864 9895
f 9720 9895 9922
f 9720 9922 9961
f 9720 9961 9968
f 9720 9968 9967
f 9720 9967 9966
f 9720 9966 9928
f 9720 9928 9900
f 9720 9900 9865
f 9720 9865 9838
f 9720 9838 9823
f 9720 9823 9800
f 9720 9800 9787
f 9720 9787 9776
f 9720 9776 9763
f 9720 9763 9755
f 9720 9755 9754
f 9720 9754 9751
f 9720 9751 9750
f 9720 9750 9746
f 9720 9746 9741
f 9720 9741 9737
f 9720 9737 9730
f 9720 9730 9726
f 9720 9726 9725
f 9720 9725 9724
f 9720 9724 9723
f 9720 9723 9722
f 9720 9722 9721
f 9726 9730 9731
f 9726 9731 9727
f 9728 9732 9733
f 9728 9733 9734
f 9728 9734 9729
f 9730 9735 9736
f 9730 9736 9731
f 9730 9737 9735
f 9732 9738 9739
f 9732 9739 9733
f 9735 9737 9740
f 9737 9741 9740
f 9738 9742 9739
f 9739 9742 9744
f 9739 9744 9743
f 9740 9741 9745
f 9741 9746 9745
f 9743 9747 9748
f 9743 9744 9747
f 9745 9746 9750
f 9745 9750 9751
f 9745 9751 9749
f 9747 9752 9753
f 9747 9753 9748
f 9749 9751 9754
f 9749 9754 9755
f 9749 9755 9756
f 9752 9757 9753
f 9753 9758 9759
f 9753 9759 9760
f 9753 9760 9761
f 9753 9761 9762
f 9753 9757 9758
f 9755 9763 9764
f 9755 9764 9765
f 9755 9765 9756
f 9759 9766 9767
f 9759 9767 9761
f 9759 9761 9760
f 9761 9768 9762
f 9761 9767 9769
f 9761 9769 9770
f 9761 9770 9768
f 9762 9768 9772
f 9762 9772 9773
f 9762 9773 9774
f 9762 9774 9771
f 9763 9775 9764
f 9763 9776 9775
f 9766 9777 9778
f 9766 9778 9767
f 9767 9778 9769
f 9768 9770 9779
f 9768 9779 9780
f 9768 9780 9772
f 9769 9778 9770
f 9770 9778 9781
f 9770 9781 9782
f 9770 9782 9783
f 9770 9783 9780
f 9770 9780 9779
f 9771 9774 9784
f 9772 9780 9774
f 9772 9774 9773
f 9774 9780 9785
f 9774 9785 9786
f 9774 9786 9784
f 9775 9776 9787
f 9775 9787 9788
f 9777 9789 9778
f 9778 9789 9790
f 9778 9790 9781
f 9780 9783 9782
f 9780 9782 9791
f 9780 9791 9792
f 9780 9792 9793
f 9780 9793 9794
f 9780 9794 9795
f 9780 9795 9796
f 9780 9796 9786
f 9780 9786 9785
f 9781 9790 9797
f 9781 9797 9782
f 9782 9797 9791
f 9784 9786 9798
f 9786 9796 9799
f 9786 9799 9798
f 9787 9800 9801
f 9787 9801 9788
f 9789 9802 9803
f 9789 9803 9790
f 9790 9803 9804
f 9790 9804 9805
f 9790 9805 9797
f 9791 9797 9806
f 9791 9806 9792
f 9792 9806 9807
f 9792 9807 9808
f 9792 9808 9793
f 9793 9808 9809
f 9793 9809 9794
f 9794 9809 9795
f 9795 9810 9811
f 9795 9811 9799
f 9795 9799 9796
f 9795 9809 9810
f 9797 9805 9812
f 9797 9812 9813
f 9797 9813 9806
f 9798 9799 9814
f 9799 9811 9815
f 9799 9815 9816
f 9799 9816 9817
f 9799 9817 9818
f 9799 9818 9819
f 9799 9819 9814
f 9800 9820 9821
f 9800 9821 9822
f 9800 9822 9801
f 9800 9823 9820
f 9802 9804 9803
f 9805 9824 9825
f 9805 9825 9812
f 9805 9826 9824
f 9806 9813 9825
f 9806 9825 9807
f 9807 9825 9808
f 9808 9825 9827
f 9808 9827 9809
f 9809 9827 9810
f 9810 9827 9828
f 9810 9828 9829
f 9810 9829 9830
f 9810 9830 9811
f 9811 9830 9816
f 9811 9816 9815
f 9812 9825 9813
f 9814 9819 9831
f 9816 9830 9817
f 9817 9830 9829
f 9817 9829 9832
f 9817 9832 9833
f 9817 9833 9834
f 9817 9834 9818
f 9818 9834 9835
f 9818 9835 9819
f 9819 9835 9836
f 9819 9836 9837
f 9819 9837 9831
f 9820 9823 9838
f 9820 9838 9839
f 9824 9840 9841
f 9824 9841 9825
f 9824 9826 9842
f 9824 9842 9843
f 9824 9843 9844
f 9824 9844 9840
f 9825 9841 9827
f 9826 9845 9846
f 9826 9846 9847
f 9826 9847 9848
f 9826 9848 9843
f 9826 9843 9842
f 9827 9841 9849
f 9827 9849 9850
f 9827 9850 9828
f 9828 9850 9832
f 9828 9832 9829
f 9831 9837 9851
f 9832 9852 9853
f 9832 9853 9833
f 9832 9850 9852
f 9833 9854 9855
f 9833 9855 9856
f 9833 9856 9857
f 9833 9857 9834
f 9833 9853 9852
f 9833 9852 9858
f 9833 9858 9854
f 9834 9857 9835
f 9835 9857 9859
f 9835 9859 9860
f 9835 9860 9861
f 9835 9861 9862
f 9835 9862 9836
f 9836 9862 9861
f 9836 9861 9837
f 9837 9861 9863
f 9837 9863 9864
f 9837 9864 9851
f 9838 9865 9866
f 9838 9866 9867
f 9838 9867 9868
f 9838 9868 9869
f 9838 9869 9839
f 9840 9844 9843
f 9840 9843 9841
f 9841 9843 9848
f 9841 9848 9870
f 9841 9870 9871
f 9841 9871 9850
f 9841 9850 9849
f 9845 9872 9847
f 9845 9847 9846
f 9847 9872 9873
f 9847 9873 9874
f 9847 9874 9875
f 9847 9875 9870
f 9847 9870 9848
f 9850 9871 9876
f 9850 9876 9877
f 9850 9877 9878
f 9850 9878 9852
f 9852 9879 9858
f 9852 9878 9880
f 9852 9880 9879
f 9854 9858 9881
f 9854 9881 9882
f 9854 9882 9855
f 9855 9882 9883
f 9855 9883 9884
f 9855 9884 9885
f 9855 9885 9856
f 9856 9886 9887
f 9856 9887 9888
f 9856 9888 9859
f 9856 9859 9857
f 9856 9885 9889
f 9856 9889 9886
f 9858 9879 9909
f 9858 9909 9881
f 9859 9890 9891
f 9859 9891 9892
f 9859 9892 9860
f 9859 9888 9890
f 9860 9892 9893
f 9860 9893 9891
f 9860 9891 9861
f 9861 9891 9894
f 9861 9894 9863
f 9863 9894 9864
f 9864 9894 9896
f 9864 9896 9897
f 9864 9897 9898
f 9864 9898 9899
f 9864 9899 9895
f 9865 9900 9929
f 9865 9929 9969
f 9865 9969 9959
f 9865 9959 9992
f 9865 9992 9990
f 9865 9990 9987
f 9865 9987 9994
f 9865 9994 9970
f 9865 9970 9930
f 9865 9930 9901
f 9865 9901 9866
f 9870 9875 9902
f 9870 9902 9903
f 9870 9903 9880
f 9870 9880 9878
f 9870 9878 9876
f 9870 9876 9871
f 9873 9904 9874
f 9874 9904 9905
f 9874 9905 9906
f 9874 9906 9875
f 9875 9906 9907
f 9875 9907 9902
f 9876 9878 9877
f 9879 9880 9903
f 9879 9903 9908
f 9879 9908 9909
f 9881 9909 9910
f 9881 9910 9911
f 9881 9911 9912
f 9881 9912 9913
f 9881 9913 9882
f 9882 9913 9883
f 9883 9913 9884
f 9884 9913 9914
f 9884 9914 9885
f 9885 9914 9889
f 9886 9889 9914
f 9886 9914 9915
f 9886 9915 9887
f 9887 9916 9917
f 9887 9917 9918
f 9887 9918 9919
f 9887 9919 9888
f 9887 9915 9920
f 9887 9920 9916
f 9888 9921 9890
f 9888 9919 9921
f 9890 9921 9896
f 9890 9896 9894
f 9890 9894 9891
f 9891 9893 9892
f 9895 9899 9922
f 9896 9921 9919
f 9896 9919 9923
f 9896 9923 9897
f 9897 9923 9924
f 9897 9924 9925
f 9897 9925 9926
f 9897 9926 9898
f 9898 9926 9927
f 9898 9927 9899
f 9899 9927 9926
f 9899 9926 9922
f 9900 9928 9964
f 9900 9964 9929
f 9902 9907 9931
f 9902 9931 9932
f 9902 9932 9903
f 9903 9932 9933
f 9903 9933 9908
f 9904 9934 9905
f 9905 9934 9935
f 9905 9935 9936
f 9905 9936 9906
f 9906 9936 9937
f 9906 9937 9938
f 9906 9938 9939
f 9906 9939 9940
f 9906 9940 9907
f 9907 9940 9941
f 9907 9941 9931
f 9908 9933 9931
f 9908 9931 9941
f 9908 9941 9910
f 9908 9910 9909
f 9910 9942 9943
f 9910 9943 9944
f 9910 9944 9945
f 9910 9945 9911
f 9910 9941 9942
f 9911 9945 9944
f 9911 9944 9946
f 9911 9946 9912
f 9912 9946 9947
f 9912 9947 9913
f 9913 9947 9948
f 9913 9948 9949
f 9913 9949 9950
f 9913 9950 9951
f 9913 9951 9914
f 9914 9920 9915
f 9914 9951 9920
f 9916 9951 9950
f 9916 9950 9952
f 9916 9952 9953
f 9916 9953 9954
f 9916 9954 9917
f 9916 9920 9951
f 9917 9954 9955
f 9917 9955 9956
f 9917 9956 9918
f 9918 9956 9957
f 9918 9957 9958
f 9918 9958 9959
f 9918 9959 9960
f 9918 9960 9923
f 9918 9923 9919
f 9922 9926 9961
f 9923 9960 9962
f 9923 9962 9963
f 9923 9963 9924
f 9924 9963 9925
f 9925 9963 9962
f 9925 9962 9964
f 9925 9964 9965
f 9925 9965 9966
f 9925 9966 9967
f 9925 9967 9968
f 9925 9968 9926
f 9926 9968 9961
f 9928 9966 9964
f 9929 9964 9969
f 9930 9970 9971
f 9931 9933 9932
f 9935 9972 9936
f 9936 9972 9973
f 9936 9973 9937
f 9937 9973 9974
f 9937 9974 9975
f 9937 9975 9976
f 9937 9976 9938
f 9938 9976 9942
f 9938 9942 9939
f 9939 9942 9941
f 9939 9941 9940
f 9942 9976 9977
f 9942 9977 9978
f 9942 9978 9943
f 9943 9979 9944
f 9943 9978 9979
f 9944 9979 9980
f 9944 9980 9946
f 9946 9980 9947
f 9947 9980 9981
f 9947 9981 9948
f 9948 9981 9982
f 9948 9982 9983
f 9948 9983 9949
f 9949 9983 9950
f 9950 9983 9984
f 9950 9984 9952
f 9952 9985 9986
f 9952 9986 9987
f 9952 9987 9955
f 9952 9955 9954
f 9952 9954 9953
f 9952 9984 9988
f 9952 9988 9989
f 9952 9989 9985
f 9955 9987 9990
f 9955 9990 9957
f 9955 9957 9991
f 9955 9991 9956
f 9956 9991 9957
f 9957 9990 9958
f 9958 9990 9992
f 9958 9992 9959
f 9959 9969 9962
f 9959 9962 9993
f 9959 9993 9960
f 9960 9993 9962
f 9962 9969 9964
f 9964 9966 9965
f 9970 9994 9986
f 9970 9986 9985
f 9970 9985 9995
f 9970 9995 9996
f 9970 9996 9971
f 9974 9997 9998
f 9974 9998 9975
f 9975 9998 9976
f 9976 9998 9999
f 9976 9999 9977
f 9977 9999 9978
f 9978 10000 10001
f 9978 10001 9981
f 9978 9981 10002
f 9978 10002 9979
f 9978 9999 9997
f 9979 10002 9981
f 9979 9981 9980
f 9981 10001 10003
f 9981 10003 9982
f 9982 10004 10005
f 9982 10005 10006
f 9982 10006 10007
f 9982 10007 10008
f 9982 10008 10009
f 9982 10009 10010
f 9982 10010 9983
f 9982 10003 10004
f 9983 10010 9984
f 9984 10010 10009
f 9984 10009 10008
f 9984 10008 9988
f 9985 9989 10011
f 9985 10011 10006
f 9985 10006 9995
f 9986 9994 9987
f 9988 10007 9989
f 9988 10008 10007
f 9989 10007 10012
f 9989 10012 10011
f 9995 10013 10014
f 9995 10014 9996
f 9995 10006 10015
f 9995 10015 10016
f 9995 10016 10013
f 9997 9999 9998
f 10000 10016 10001
f 10001 10016 10017
f 10001 10017 10018
f 10001 10018 10019
f 10001 10019 10020
f 10001 10020 10004
f 10001 10004 10003
f 10004 10020 10019
f 10004 10019 10018
f 10004 10018 10005
f 10005 10018 10017
f 10005 10017 10006
f 10006 10017 10015
f 10006 10011 10012
f 10006 10012 10007
f 10015 10017 10016
f 10021 10022 10025
f 10021 10025 10033
f 10021 10033 10049
f 10021 10049 10062
f 10021 10062 10081
f 10021 10081 10085
f 10021 10085 10113
f 10021 10113 10151
f 10021 10151 10206
f 10021 10206 10205
f 10021 10205 10266
f 10021 10266 10265
f 10021 10265 10264
f 10021 10264 10263
f 10021 10263 10262
f 10021 10262 10327
f 10021 10327 10394
f 10021 10394 10466
f 10021 10466 10465
f 10021 10465 10464
f 10021 10464 10463
f 10021 10463 10462
f 10021 10462 10546
f 10021 10546 10544
f 10021 10544 10543
f 10021 10543 10633
f 10021 10633 10654
f 10021 10654 10566
f 10021 10566 10483
f 10021 10483 10410
f 10021 10410 10346
f 10021 10346 10287
f 10021 10287 10225
f 10021 10225 10170
f 10021 10170 10130
f 10021 10130 10094
f 10021 10094 10074
f 10021 10074 10057
f 10021 10057 10040
f 10021 10040 10030
f 10021 10030 10023
f 10021 10023 10032
f 10021 10032 10047
f 10021 10047 10061
f 10021 10061 10080
f 10021 10080 10079
f 10021 10079 10103
f 10021 10103 10143
f 10021 10143 10193
f 10021 10193 10249
f 10021 10249 10317
f 10021 10317 10316
f 10021 10316 10377
f 10021 10377 10376
f 10021 10376 10375
f 10021 10375 10374
f 10021 10374 10442
f 10021 10442 10525
f 10021 10525 10615
f 10021 10615 10688
f 10021 10688 10690
f 10021 10690 10720
f 10021 10720 10719
f 10021 10719 10718
f 10021 10718 10735
f 10021 10735 10734
f 10021 10734 10743
f 10021 10743 10747
f 10021 10747 10749
f 10021 10749 10748
f 10021 10748 10744
f 10021 10744 10739
f 10021 10739 10738
f 10021 10738 10737
f 10021 10737 10736
f 10021 10736 10728
f 10021 10728 10721
f 10021 10721 10696
f 10021 10696 10695
f 10021 10695 10694
f 10021 10694 10638
f 10021 10638 10635
f 10021 10635 10549
f 10021 10549 10470
f 10021 10470 10469
f 10021 10469 10402
f 10021 10402 10398
f 10021 10398 10333
f 10021 10333 10276
f 10021 10276 10275
f 10021 10275 10218
f 10021 10218 10166
f 10021 10166 10165
f 10021 10165 10217
f 10021 10217 10161
f 10021 10161 10120
f 10021 10120 10089
f 10021 10089 10066
f 10021 10066 10053
f 10021 10053 10035
f 10021 10035 10026
f 10021 10026 10024
f 10021 10024 10022
f 10022 10024 10026
f 10022 10026 10027
f 10022 10027 10028
f 10022 10028 10029
f 10022 10029 10025
f 10023 10030 10031
f 10023 10031 10032
f 10025 10029 10034
f 10025 10034 10033
f 10026 10035 10027
f 10027 10035 10036
f 10027 10036 10037
f 10027 10037 10028
f 10028 10037 10038
f 10028 10038 10039
f 10028 10039 10029
f 10029 10039 10034
f 10030 10040 10059
f 10030 10059 10077
f 10030 10077 10076
f 10030 10076 10101
f 10030 10101 10136
f 10030 10136 10141
f 10030 10141 10191
f 10030 10191 10245
f 10030 10245 10313
f 10030 10313 10371
f 10030 10371 10439
f 10030 10439 10519
f 10030 10519 10608
f 10030 10608 10613
f 10030 10613 10612
f 10030 10612 10687
f 10030 10687 10716
f 10030 10716 10732
f 10030 10732 10740
f 10030 10740 10745
f 10030 10745 10742
f 10030 10742 10741
f 10030 10741 10733
f 10030 10733 10717
f 10030 10717 10689
f 10030 10689 10616
f 10030 10616 10614
f 10030 10614 10524
f 10030 10524 10523
f 10030 10523 10441
f 10030 10441 10440
f 10030 10440 10373
f 10030 10373 10315
f 10030 10315 10248
f 10030 10248 10247
f 10030 10247 10246
f 10030 10246 10192
f 10030 10192 10142
f 10030 10142 10102
f 10030 10102 10078
f 10030 10078 10060
f 10030 10060 10046
f 10030 10046 10045
f 10030 10045 10044
f 10030 10044 10043
f 10030 10043 10042
f 10030 10042 10048
f 10030 10048 10041
f 10030 10041 10031
f 10031 10041 10032
f 10032 10042 10043
f 10032 10043 10044
f 10032 10044 10045
f 10032 10045 10046
f 10032 10046 10047
f 10032 10041 10048
f 10032 10048 10042
f 10033 10034 10050
f 10033 10050 10051
f 10033 10051 10052
f 10033 10052 10049
f 10034 10039 10050
f 10035 10053 10036
f 10036 10054 10055
f 10036 10055 10037
f 10036 10053 10054
f 10037 10055 10038
f 10038 10055 10056
f 10038 10056 10039
f 10039 10056 10050
f 10040 10057 10058
f 10040 10058 10059
f 10046 10060 10047
f 10047 10060 10061
f 10049 10052 10062
f 10050 10056 10051
f 10051 10063 10064
f 10051 10064 10052
f 10051 10056 10065
f 10051 10065 10063
f 10052 10064 10062
f 10053 10066 10067
f 10053 10067 10068
f 10053 10068 10054
f 10054 10068 10069
f 10054 10069 10055
f 10055 10069 10070
f 10055 10070 10071
f 10055 10071 10072
f 10055 10072 10073
f 10055 10073 10056
f 10056 10073 10072
f 10056 10072 10065
f 10057 10074 10058
f 10058 10074 10075
f 10058 10075 10076
f 10058 10076 10077
f 10058 10077 10059
f 10060 10078 10079
f 10060 10079 10080
f 10060 10080 10061
f 10062 10064 10081
f 10063 10065 10082
f 10063 10082 10064
f 10064 10082 10083
f 10064 10083 10084
f 10064 10084 10085
f 10064 10085 10081
f 10065 10072 10071
f 10065 10071 10086
f 10065 10086 10087
f 10065 10087 10088
f 10065 10088 10082
f 10066 10089 10067
f 10067 10089 10090
f 10067 10090 10068
f 10068 10090 10091
f 10068 10091 10092
f 10068 10092 10093
f 10068 10093 10069
f 10069 10093 10070
f 10070 10093 10086
f 10070 10086 10071
f 10074 10094 10095
f 10074 10095 10096
f 10074 10096 10075
f 10075 10096 10097
f 10075 10097 10098
f 10075 10098 10099
f 10075 10099 10076
f 10076 10100 10101
f 10076 10099 10100
f 10078 10102 10103
f 10078 10103 10079
f 10082 10088 10104
f 10082 10104 10105
f 10082 10105 10083
f 10083 10105 10084
f 10084 10106 10107
f 10084 10107 10108
f 10084 10108 10109
f 10084 10109 10085
f 10084 10105 10104
f 10084 10104 10110
f 10084 10110 10111
f 10084 10111 10112
f 10084 10112 10106
f 10085 10109 10114
f 10085 10114 10113
f 10086 10093 10115
f 10086 10115 10087
f 10087 10116 10088
f 10087 10115 10117
f 10087 10117 10118
f 10087 10118 10119
f 10087 10119 10116
f 10088 10116 10104
f 10089 10120 10121
f 10089 10121 10090
f 10090 10121 10122
f 10090 10122 10091
f 10091 10122 10093
f 10091 10093 10092
f 10093 10122 10123
f 10093 10123 10124
f 10093 10124 10125
f 10093 10125 10126
f 10093 10126 10127
f 10093 10127 10128
f 10093 10128 10129
f 10093 10129 10115
f 10094 10130 10131
f 10094 10131 10095
f 10095 10131 10096
f 10096 10131 10132
f 10096 10132 10133
f 10096 10133 10134
f 10096 10134 10135
f 10096 10135 10097
f 10097 10135 10100
f 10097 10100 10098
f 10098 10100 10099
f 10100 10136 10101
f 10100 10135 10137
f 10100 10137 10138
f 10100 10138 10139
f 10100 10139 10140
f 10100 10140 10141
f 10100 10141 10136
f 10102 10142 10103
f 10103 10142 10143
f 10104 10116 10144
f 10104 10144 10110
f 10106 10112 10145
f 10106 10145 10195
f 10106 10195 10146
f 10106 10146 10147
f 10106 10147 10148
f 10106 10148 10149
f 10106 10149 10108
f 10106 10108 10107
f 10108 10114 10109
f 10108 10149 10150
f 10108 10150 10151
f 10108 10151 10152
f 10108 10152 10114
f 10110 10144 10111
f 10111 10153 10154
f 10111 10154 10155
f 10111 10155 10156
f 10111 10156 10112
f 10111 10144 10153
f 10112 10156 10145
f 10113 10114 10152
f 10113 10152 10151
f 10115 10129 10157
f 10115 10157 10117
f 10116 10119 10144
f 10117 10157 10118
f 10118 10158 10159
f 10118 10159 10160
f 10118 10160 10119
f 10118 10157 10158
f 10119 10160 10144
f 10120 10161 10121
f 10121 10161 10162
f 10121 10162 10163
f 10121 10163 10164
f 10121 10164 10122
f 10122 10164 10165
f 10122 10165 10166
f 10122 10166 10167
f 10122 10167 10123
f 10123 10167 10124
f 10124 10167 10126
f 10124 10126 10125
f 10126 10157 10127
f 10126 10167 10168
f 10126 10168 10169
f 10126 10169 10157
f 10127 10157 10129
f 10127 10129 10128
f 10130 10170 10171
f 10130 10171 10172
f 10130 10172 10173
f 10130 10173 10174
f 10130 10174 10175
f 10130 10175 10176
f 10130 10176 10131
f 10131 10176 10132
f 10132 10176 10133
f 10133 10176 10177
f 10133 10177 10178
f 10133 10178 10137
f 10133 10137 10134
f 10134 10137 10135
f 10137 10179 10138
f 10137 10178 10180
f 10137 10180 10181
f 10137 10181 10179
f 10138 10182 10183
f 10138 10183 10184
f 10138 10184 10139
f 10138 10179 10185
f 10138 10185 10182
f 10139 10184 10186
f 10139 10186 10140
f 10140 10186 10187
f 10140 10187 10188
f 10140 10188 10189
f 10140 10189 10190
f 10140 10190 10191
f 10140 10191 10141
f 10142 10192 10193
f 10142 10193 10143
f 10144 10160 10154
f 10144 10154 10153
f 10145 10194 10195
f 10145 10156 10155
f 10145 10155 10196
f 10145 10196 10194
f 10146 10195 10197
f 10146 10197 10198
f 10146 10198 10199
f 10146 10199 10147
f 10147 10200 10201
f 10147 10201 10148
f 10147 10199 10200
f 10148 10201 10202
f 10148 10202 10203
f 10148 10203 10149
f 10149 10203 10204
f 10149 10204 10205
f 10149 10205 10150
f 10150 10205 10206
f 10150 10206 10151
f 10154 10160 10207
f 10154 10207 10208
f 10154 10208 10155
f 10155 10208 10196
f 10157 10169 10158
f 10158 10209 10210
f 10158 10210 10211
f 10158 10211 10212
f 10158 10212 10159
f 10158 10169 10209
f 10159 10213 10214
f 10159 10214 10160
f 10159 10212 10215
f 10159 10215 10213
f 10160 10214 10207
f 10161 10216 10164
f 10161 10164 10162
f 10161 10217 10216
f 10162 10164 10163
f 10164 10216 10165
f 10165 10216 10217
f 10166 10218 10219
f 10166 10219 10167
f 10167 10219 10220
f 10167 10220 10221
f 10167 10221 10168
f 10168 10221 10169
f 10169 10221 10220
f 10169 10220 10222
f 10169 10222 10223
f 10169 10223 10224
f 10169 10224 10209
f 10170 10225 10172
f 10170 10172 10171
f 10172 10225 10226
f 10172 10226 10227
f 10172 10227 10173
f 10173 10227 10228
f 10173 10228 10229
f 10173 10229 10174
f 10174 10229 10230
f 10174 10230 10231
f 10174 10231 10232
f 10174 10232 10175
f 10175 10232 10233
f 10175 10233 10234
f 10175 10234 10176
f 10176 10234 10177
f 10177 10234 10235
f 10177 10235 10236
f 10177 10236 10180
f 10177 10180 10178
f 10179 10237 10185
f 10179 10181 10238
f 10179 10238 10237
f 10180 10236 10235
f 10180 10235 10238
f 10180 10238 10181
f 10182 10185 10237
f 10182 10237 10183
f 10183 10237 10239
f 10183 10239 10184
f 10184 10239 10186
f 10186 10239 10240
f 10186 10240 10241
f 10186 10241 10242
f 10186 10242 10187
f 10187 10242 10188
f 10188 10242 10243
f 10188 10243 10244
f 10188 10244 10189
f 10189 10244 10190
f 10190 10244 10191
f 10191 10244 10245
f 10192 10246 10193
f 10193 10246 10247
f 10193 10247 10248
f 10193 10248 10249
f 10194 10196 10195
f 10195 10196 10250
f 10195 10250 10251
f 10195 10251 10197
f 10196 10208 10252
f 10196 10252 10253
f 10196 10253 10250
f 10197 10251 10254
f 10197 10254 10255
f 10197 10255 10256
f 10197 10256 10257
f 10197 10257 10198
f 10198 10257 10258
f 10198 10258 10259
f 10198 10259 10199
f 10199 10259 10260
f 10199 10260 10200
f 10200 10260 10261
f 10200 10261 10201
f 10201 10261 10202
f 10202 10261 10262
f 10202 10262 10263
f 10202 10263 10264
f 10202 10264 10203
f 10203 10264 10265
f 10203 10265 10204
f 10204 10265 10266
f 10204 10266 10205
f 10207 10214 10213
f 10207 10213 10267
f 10207 10267 10268
f 10207 10268 10208
f 10208 10268 10252
f 10209 10224 10210
f 10210 10269 10211
f 10210 10224 10270
f 10210 10270 10269
f 10211 10269 10271
f 10211 10271 10212
f 10212 10271 10272
f 10212 10272 10273
f 10212 10273 10213
f 10212 10213 10215
f 10213 10273 10274
f 10213 10274 10267
f 10218 10275 10219
f 10219 10275 10276
f 10219 10276 10277
f 10219 10277 10278
f 10219 10278 10279
f 10219 10279 10220
f 10220 10279 10222
f 10222 10279 10280
f 10222 10280 10281
f 10222 10281 10282
f 10222 10282 10283
f 10222 10283 10223
f 10223 10283 10284
f 10223 10284 10285
f 10223 10285 10286
f 10223 10286 10224
f 10224 10286 10270
f 10225 10287 10226
f 10226 10288 10289
f 10226 10289 10290
f 10226 10290 10291
f 10226 10291 10227
f 10226 10287 10288
f 10227 10291 10228
f 10228 10291 10292
f 10228 10292 10293
f 10228 10293 10294
f 10228 10294 10295
f 10228 10295 10229
f 10229 10295 10296
f 10229 10296 10230
f 10230 10232 10231
f 10230 10296 10297
f 10230 10297 10298
f 10230 10298 10232
f 10232 10298 10234
f 10232 10234 10233
f 10234 10298 10235
f 10235 10298 10238
f 10237 10238 10299
f 10237 10299 10300
f 10237 10300 10301
f 10237 10301 10239
f 10238 10302 10303
f 10238 10303 10300
f 10238 10300 10299
f 10238 10298 10304
f 10238 10304 10302
f 10239 10301 10305
f 10239 10305 10306
f 10239 10306 10240
f 10240 10306 10307
f 10240 10307 10241
f 10241 10307 10308
f 10241 10308 10309
f 10241 10309 10310
f 10241 10310 10243
f 10241 10243 10242
f 10243 10310 10311
f 10243 10311 10312
f 10243 10312 10244
f 10244 10313 10245
f 10244 10312 10314
f 10244 10314 10313
f 10248 10315 10316
f 10248 10316 10317
f 10248 10317 10249
f 10250 10253 10251
f 10251 10318 10319
f 10251 10319 10254
f 10251 10253 10252
f 10251 10252 10318
f 10252 10268 10267
f 10252 10267 10320
f 10252 10320 10321
f 10252 10321 10318
f 10254 10322 10255
f 10254 10319 10322
f 10255 10322 10323
f 10255 10323 10256
f 10256 10324 10257
f 10256 10323 10324
f 10257 10324 10258
f 10258 10324 10325
f 10258 10325 10326
f 10258 10326 10259
f 10259 10326 10260
f 10260 10326 10261
f 10261 10326 10327
f 10261 10327 10262
f 10267 10274 10328
f 10267 10328 10320
f 10269 10329 10271
f 10269 10270 10330
f 10269 10330 10331
f 10269 10331 10329
f 10270 10286 10330
f 10271 10329 10272
f 10272 10329 10274
f 10272 10274 10273
f 10274 10329 10331
f 10274 10331 10332
f 10274 10332 10328
f 10276 10333 10277
f 10277 10333 10278
f 10278 10334 10279
f 10278 10333 10335
f 10278 10335 10336
f 10278 10336 10334
f 10279 10334 10337
f 10279 10337 10338
f 10279 10338 10280
f 10280 10338 10281
f 10281 10338 10339
f 10281 10339 10340
f 10281 10340 10341
f 10281 10341 10284
f 10281 10284 10282
f 10282 10284 10283
f 10284 10342 10285
f 10284 10341 10343
f 10284 10343 10342
f 10285 10342 10344
f 10285 10344 10345
f 10285 10345 10330
f 10285 10330 10286
f 10287 10346 10347
f 10287 10347 10288
f 10288 10348 10289
f 10288 10347 10346
f 10288 10346 10349
f 10288 10349 10348
f 10289 10348 10350
f 10289 10350 10290
f 10290 10350 10291
f 10291 10350 10351
f 10291 10351 10352
f 10291 10352 10292
f 10292 10353 10293
f 10292 10352 10353
f 10293 10353 10354
f 10293 10354 10355
f 10293 10355 10294
f 10294 10356 10357
f 10294 10357 10358
f 10294 10358 10295
f 10294 10355 10356
f 10295 10358 10296
f 10296 10358 10357
f 10296 10357 10297
f 10297 10357 10298
f 10298 10357 10359
f 10298 10359 10304
f 10300 10303 10360
f 10300 10360 10361
f 10300 10361 10301
f 10301 10361 10360
f 10301 10360 10305
f 10302 10360 10303
f 10302 10304 10360
f 10304 10359 10356
f 10304 10356 10360
f 10305 10360 10306
f 10306 10360 10362
f 10306 10362 10307
f 10307 10362 10363
f 10307 10363 10308
f 10308 10364 10309
f 10308 10363 10364
f 10309 10364 10365
f 10309 10365 10366
f 10309 10366 10310
f 10310 10366 10367
f 10310 10367 10311
f 10311 10367 10368
f 10311 10368 10312
f 10312 10368 10369
f 10312 10369 10370
f 10312 10370 10314
f 10313 10314 10371
f 10314 10370 10372
f 10314 10372 10371
f 10315 10373 10374
f 10315 10374 10375
f 10315 10375 10376
f 10315 10376 10377
f 10315 10377 10316
f 10318 10321 10378
f 10318 10378 10379
f 10318 10379 10380
f 10318 10380 10319
f 10319 10381 10322
f 10319 10380 10379
f 10319 10379 10382
f 10319 10382 10383
f 10319 10383 10381
f 10320 10328 10321
f 10321 10328 10384
f 10321 10384 10378
f 10322 10381 10385
f 10322 10385 10386
f 10322 10386 10387
f 10322 10387 10323
f 10323 10387 10388
f 10323 10388 10324
f 10324 10388 10389
f 10324 10389 10390
f 10324 10390 10391
f 10324 10391 10325
f 10325 10391 10392
f 10325 10392 10393
f 10325 10393 10326
f 10326 10393 10327
f 10327 10393 10392
f 10327 10392 10394
f 10328 10332 10384
f 10330 10345 10331
f 10331 10345 10395
f 10331 10395 10332
f 10332 10396 10384
f 10332 10395 10397
f 10332 10397 10396
f 10333 10398 10335
f 10334 10399 10337
f 10334 10336 10401
f 10334 10401 10399
f 10335 10398 10336
f 10336 10400 10401
f 10336 10398 10402
f 10336 10402 10400
f 10337 10399 10338
f 10338 10399 10403
f 10338 10403 10339
f 10339 10404 10405
f 10339 10405 10340
f 10339 10403 10404
f 10340 10405 10341
f 10341 10405 10343
f 10342 10343 10406
f 10342 10406 10407
f 10342 10407 10397
f 10342 10397 10408
f 10342 10408 10395
f 10342 10395 10344
f 10343 10405 10404
f 10343 10404 10409
f 10343 10409 10406
f 10344 10395 10345
f 10346 10410 10349
f 10348 10349 10411
f 10348 10411 10412
f 10348 10412 10351
f 10348 10351 10350
f 10349 10410 10411
f 10351 10412 10413
f 10351 10413 10414
f 10351 10414 10415
f 10351 10415 10352
f 10352 10415 10416
f 10352 10416 10353
f 10353 10416 10417
f 10353 10417 10354
f 10354 10417 10418
f 10354 10418 10355
f 10355 10419 10420
f 10355 10420 10421
f 10355 10421 10356
f 10355 10418 10419
f 10356 10359 10422
f 10356 10422 10357
f 10356 10421 10360
f 10357 10422 10359
f 10360 10423 10424
f 10360 10424 10362
f 10360 10421 10425
f 10360 10425 10426
f 10360 10426 10423
f 10362 10424 10427
f 10362 10427 10428
f 10362 10428 10364
f 10362 10364 10363
f 10364 10429 10430
f 10364 10430 10365
f 10364 10428 10431
f 10364 10431 10432
f 10364 10432 10429
f 10365 10433 10366
f 10365 10430 10434
f 10365 10434 10435
f 10365 10435 10433
f 10366 10368 10367
f 10366 10433 10369
f 10366 10369 10368
f 10369 10433 10370
f 10370 10433 10436
f 10370 10436 10435
f 10370 10435 10437
f 10370 10437 10438
f 10370 10438 10372
f 10371 10372 10439
f 10372 10438 10439
f 10373 10440 10374
f 10374 10440 10441
f 10374 10441 10523
f 10374 10523 10442
f 10378 10443 10444
f 10378 10444 10379
f 10378 10384 10443
f 10379 10444 10382
f 10381 10383 10445
f 10381 10445 10385
f 10382 10444 10443
f 10382 10443 10446
f 10382 10446 10447
f 10382 10447 10448
f 10382 10448 10449
f 10382 10449 10383
f 10383 10449 10450
f 10383 10450 10445
f 10384 10396 10443
f 10385 10445 10451
f 10385 10451 10452
f 10385 10452 10453
f 10385 10453 10386
f 10386 10453 10454
f 10386 10454 10387
f 10387 10454 10455
f 10387 10455 10389
f 10387 10389 10388
f 10389 10455 10456
f 10389 10456 10390
f 10390 10457 10458
f 10390 10458 10459
f 10390 10459 10391
f 10390 10456 10460
f 10390 10460 10461
f 10390 10461 10457
f 10391 10459 10462
f 10391 10462 10463
f 10391 10463 10464
f 10391 10464 10392
f 10392 10464 10465
f 10392 10465 10466
f 10392 10466 10394
f 10395 10408 10397
f 10396 10397 10407
f 10396 10407 10467
f 10396 10467 10468
f 10396 10468 10443
f 10399 10401 10403
f 10400 10402 10469
f 10400 10469 10470
f 10400 10470 10471
f 10400 10471 10472
f 10400 10472 10473
f 10400 10473 10474
f 10400 10474 10401
f 10401 10474 10403
f 10403 10475 10404
f 10403 10474 10475
f 10404 10475 10476
f 10404 10476 10477
f 10404 10477 10478
f 10404 10478 10479
f 10404 10479 10480
f 10404 10480 10407
f 10404 10407 10409
f 10406 10409 10407
f 10407 10481 10467
f 10407 10480 10482
f 10407 10482 10481
f 10410 10483 10484
f 10410 10484 10485
f 10410 10485 10411
f 10411 10485 10413
f 10411 10413 10412
f 10413 10485 10486
f 10413 10486 10487
f 10413 10487 10488
f 10413 10488 10489
f 10413 10489 10414
f 10414 10490 10491
f 10414 10491 10415
f 10414 10489 10490
f 10415 10491 10416
f 10416 10492 10418
f 10416 10418 10417
f 10416 10491 10493
f 10416 10493 10494
f 10416 10494 10495
f 10416 10495 10496
f 10416 10496 10497
f 10416 10497 10498
f 10416 10498 10492
f 10418 10492 10499
f 10418 10499 10419
f 10419 10426 10420
f 10419 10499 10500
f 10419 10500 10501
f 10419 10501 10502
f 10419 10502 10424
f 10419 10424 10426
f 10420 10426 10421
f 10421 10426 10425
f 10423 10426 10424
f 10424 10502 10503
f 10424 10503 10504
f 10424 10504 10427
f 10427 10505 10428
f 10427 10504 10506
f 10427 10506 10505
f 10428 10505 10431
f 10429 10507 10430
f 10429 10432 10508
f 10429 10508 10509
f 10429 10509 10510
f 10429 10510 10511
f 10429 10511 10512
f 10429 10512 10507
f 10430 10507 10513
f 10430 10513 10512
f 10430 10512 10511
f 10430 10511 10434
f 10431 10514 10432
f 10431 10505 10514
f 10432 10514 10508
f 10433 10435 10436
f 10434 10511 10515
f 10434 10515 10516
f 10434 10516 10517
f 10434 10517 10518
f 10434 10518 10435
f 10435 10438 10437
f 10435 10518 10438
f 10438 10519 10439
f 10438 10518 10520
f 10438 10520 10521
f 10438 10521 10522
f 10438 10522 10519
f 10442 10523 10524
f 10442 10524 10525
f 10443 10468 10526
f 10443 10526 10527
f 10443 10527 10528
f 10443 10528 10446
f 10445 10450 10451
f 10446 10528 10447
f 10447 10528 10527
f 10447 10527 10529
f 10447 10529 10530
f 10447 10530 10448
f 10448 10530 10450
f 10448 10450 10449
f 10450 10531 10532
f 10450 10532 10533
f 10450 10533 10534
f 10450 10534 10535
f 10450 10535 10451
f 10450 10530 10531
f 10451 10536 10452
f 10451 10535 10537
f 10451 10537 10538
f 10451 10538 10536
f 10452 10536 10539
f 10452 10539 10460
f 10452 10460 10456
f 10452 10456 10453
f 10453 10456 10454
f 10454 10456 10455
f 10457 10540 10458
f 10457 10461 10541
f 10457 10541 10540
f 10458 10542 10543
f 10458 10543 10544
f 10458 10544 10459
f 10458 10540 10541
f 10458 10541 10545
f 10458 10545 10542
f 10459 10544 10546
f 10459 10546 10462
f 10460 10539 10541
f 10460 10541 10461
f 10467 10481 10547
f 10467 10547 10468
f 10468 10547 10548
f 10468 10548 10527
f 10468 10527 10526
f 10470 10549 10471
f 10471 10549 10550
f 10471 10550 10551
f 10471 10551 10472
f 10472 10551 10473
f 10473 10551 10552
f 10473 10552 10474
f 10474 10553 10554
f 10474 10554 10556
f 10474 10556 10555
f 10474 10555 10475
f 10474 10552 10553
f 10475 10555 10476
f 10476 10555 10556
f 10476 10556 10557
f 10476 10557 10558
f 10476 10558 10477
f 10477 10558 10559
f 10477 10559 10560
f 10477 10560 10478
f 10478 10561 10562
f 10478 10562 10480
f 10478 10480 10479
f 10478 10560 10563
f 10478 10563 10561
f 10480 10562 10564
f 10480 10564 10482
f 10481 10482 10547
f 10482 10564 10561
f 10482 10561 10565
f 10482 10565 10547
f 10483 10566 10567
f 10483 10567 10484
f 10484 10567 10487
f 10484 10487 10486
f 10484 10486 10485
f 10487 10568 10569
f 10487 10569 10488
f 10487 10567 10568
f 10488 10569 10570
f 10488 10570 10571
f 10488 10571 10572
f 10488 10572 10489
f 10489 10572 10490
f 10490 10494 10491
f 10490 10572 10494
f 10491 10494 10493
f 10492 10498 10573
f 10492 10573 10499
f 10494 10572 10495
f 10495 10572 10574
f 10495 10574 10496
f 10496 10574 10497
f 10497 10575 10498
f 10497 10574 10576
f 10497 10576 10577
f 10497 10577 10578
f 10497 10578 10575
f 10498 10579 10580
f 10498 10580 10581
f 10498 10581 10582
f 10498 10582 10506
f 10498 10506 10583
f 10498 10583 10584
f 10498 10584 10585
f 10498 10585 10501
f 10498 10501 10573
f 10498 10575 10586
f 10498 10586 10579
f 10499 10573 10500
f 10500 10573 10501
f 10501 10585 10502
f 10502 10585 10503
f 10503 10583 10504
f 10503 10585 10584
f 10503 10584 10583
f 10504 10583 10506
f 10505 10506 10514
f 10506 10582 10580
f 10506 10580 10587
f 10506 10587 10588
f 10506 10588 10589
f 10506 10589 10590
f 10506 10590 10591
f 10506 10591 10592
f 10506 10592 10514
f 10507 10512 10513
f 10508 10514 10593
f 10508 10593 10509
f 10509 10594 10595
f 10509 10595 10596
f 10509 10596 10510
f 10509 10593 10592
f 10509 10592 10591
f 10509 10591 10597
f 10509 10597 10598
f 10509 10598 10599
f 10509 10599 10600
f 10509 10600 10594
f 10510 10596 10601
f 10510 10601 10511
f 10511 10602 10515
f 10511 10601 10602
f 10514 10592 10593
f 10515 10602 10516
f 10516 10602 10603
f 10516 10603 10604
f 10516 10604 10605
f 10516 10605 10606
f 10516 10606 10517
f 10517 10606 10607
f 10517 10607 10518
f 10518 10607 10521
f 10518 10521 10520
f 10519 10522 10608
f 10521 10609 10610
f 10521 10610 10611
f 10521 10611 10612
f 10521 10612 10613
f 10521 10613 10608
f 10521 10608 10522
f 10521 10607 10609
f 10524 10614 10525
f 10525 10614 10616
f 10525 10616 10615
f 10527 10548 10529
f 10529 10548 10617
f 10529 10617 10530
f 10530 10617 10618
f 10530 10618 10619
f 10530 10619 10620
f 10530 10620 10621
f 10530 10621 10532
f 10530 10532 10531
f 10532 10621 10622
f 10532 10622 10623
f 10532 10623 10624
f 10532 10624 10533
f 10533 10624 10534
f 10534 10624 10623
f 10534 10623 10625
f 10534 10625 10535
f 10535 10625 10626
f 10535 10626 10627
f 10535 10627 10538
f 10535 10538 10537
f 10536 10541 10539
f 10536 10538 10628
f 10536 10628 10629
f 10536 10629 10542
f 10536 10542 10545
f 10536 10545 10541
f 10538 10627 10630
f 10538 10630 10631
f 10538 10631 10628
f 10542 10632 10633
f 10542 10633 10543
f 10542 10629 10632
f 10547 10565 10634
f 10547 10634 10548
f 10548 10634 10617
f 10549 10635 10550
f 10550 10635 10551
f 10551 10635 10552
f 10552 10636 10637
f 10552 10637 10553
f 10552 10635 10638
f 10552 10638 10636
f 10553 10639 10554
f 10553 10637 10640
f 10553 10640 10639
f 10554 10639 10641
f 10554 10641 10556
f 10556 10641 10642
f 10556 10642 10643
f 10556 10643 10557
f 10557 10643 10558
f 10558 10643 10644
f 10558 10644 10559
f 10559 10644 10645
f 10559 10645 10646
f 10559 10646 10647
f 10559 10647 10648
f 10559 10648 10560
f 10560 10648 10649
f 10560 10649 10563
f 10561 10650 10651
f 10561 10651 10652
f 10561 10652 10634
f 10561 10634 10653
f 10561 10653 10565
f 10561 10564 10562
f 10561 10563 10649
f 10561 10649 10650
f 10565 10653 10634
f 10566 10654 10655
f 10566 10655 10567
f 10567 10655 10568
f 10568 10655 10570
f 10568 10570 10569
f 10570 10629 10628
f 10570 10628 10631
f 10570 10631 10572
f 10570 10572 10571
f 10570 10655 10656
f 10570 10656 10629
f 10572 10630 10657
f 10572 10657 10658
f 10572 10658 10659
f 10572 10659 10660
f 10572 10660 10576
f 10572 10576 10574
f 10572 10631 10630
f 10575 10578 10623
f 10575 10623 10586
f 10576 10660 10661
f 10576 10661 10577
f 10577 10661 10578
f 10578 10661 10623
f 10579 10586 10662
f 10579 10662 10663
f 10579 10663 10580
f 10580 10663 10588
f 10580 10588 10587
f 10580 10582 10581
f 10586 10623 10662
f 10588 10664 10589
f 10588 10663 10662
f 10588 10662 10623
f 10588 10623 10622
f 10588 10622 10621
f 10588 10621 10664
f 10589 10665 10591
f 10589 10591 10590
f 10589 10664 10666
f 10589 10666 10597
f 10589 10597 10665
f 10591 10665 10597
f 10594 10667 10668
f 10594 10668 10595
f 10594 10600 10669
f 10594 10669 10667
f 10595 10668 10670
f 10595 10670 10671
f 10595 10671 10596
f 10596 10671 10672
f 10596 10672 10673
f 10596 10673 10601
f 10597 10674 10598
f 10597 10666 10675
f 10597 10675 10674
f 10598 10674 10675
f 10598 10675 10676
f 10598 10676 10599
f 10599 10648 10647
f 10599 10647 10669
f 10599 10669 10600
f 10599 10676 10649
f 10599 10649 10648
f 10601 10673 10602
f 10602 10677 10678
f 10602 10678 10604
f 10602 10604 10603
f 10602 10673 10672
f 10602 10672 10677
f 10604 10678 10605
f 10605 10679 10680
f 10605 10680 10681
f 10605 10681 10682
f 10605 10682 10683
f 10605 10683 10606
f 10605 10678 10684
f 10605 10684 10679
f 10606 10683 10609
f 10606 10609 10607
f 10609 10683 10685
f 10609 10685 10610
f 10610 10685 10681
f 10610 10681 10686
f 10610 10686 10611
f 10611 10686 10687
f 10611 10687 10612
f 10615 10616 10688
f 10616 10689 10690
f 10616 10690 10688
f 10617 10634 10618
f 10618 10652 10691
f 10618 10691 10619
f 10618 10634 10652
f 10619 10691 10650
f 10619 10650 10692
f 10619 10692 10620
f 10620 10692 10693
f 10620 10693 10664
f 10620 10664 10621
f 10623 10661 10660
f 10623 10660 10659
f 10623 10659 10625
f 10625 10659 10658
f 10625 10658 10626
f 10626 10658 10657
f 10626 10657 10630
f 10626 10630 10627
f 10629 10656 10632
f 10632 10654 10633
f 10632 10656 10655
f 10632 10655 10654
f 10636 10638 10694
f 10636 10694 10695
f 10636 10695 10696
f 10636 10696 10697
f 10636 10697 10698
f 10636 10698 10699
f 10636 10699 10637
f 10637 10699 10640
f 10639 10700 10642
f 10639 10642 10641
f 10639 10640 10701
f 10639 10701 10700
f 10640 10699 10701
f 10642 10700 10643
f 10643 10700 10645
f 10643 10645 10644
f 10645 10700 10646
f 10646 10700 10667
f 10646 10667 10647
f 10647 10667 10669
f 10649 10676 10650
f 10650 10676 10675
f 10650 10675 10666
f 10650 10666 10702
f 10650 10702 10693
f 10650 10693 10692
f 10650 10691 10651
f 10651 10691 10652
f 10664 10693 10666
f 10666 10693 10702
f 10667 10700 10703
f 10667 10703 10668
f 10668 10703 10704
f 10668 10704 10705
f 10668 10705 10670
f 10670 10705 10671
f 10671 10705 10677
f 10671 10677 10672
f 10677 10705 10706
f 10677 10706 10678
f 10678 10706 10684
f 10679 10707 10708
f 10679 10708 10709
f 10679 10709 10710
f 10679 10710 10711
f 10679 10711 10712
f 10679 10712 10680
f 10679 10684 10705
f 10679 10705 10704
f 10679 10704 10713
f 10679 10713 10707
f 10680 10712 10681
f 10681 10714 10686
f 10681 10685 10682
f 10681 10712 10714
f 10682 10685 10683
f 10684 10706 10705
f 10686 10714 10715
f 10686 10715 10716
f 10686 10716 10687
f 10689 10717 10718
f 10689 10718 10719
f 10689 10719 10720
f 10689 10720 10690
f 10696 10721 10697
f 10697 10721 10708
f 10697 10708 10722
f 10697 10722 10698
f 10698 10722 10699
f 10699 10722 10723
f 10699 10723 10701
f 10700 10701 10703
f 10701 10723 10724
f 10701 10724 10704
f 10701 10704 10703
f 10704 10724 10713
f 10707 10725 10708
f 10707 10713 10724
f 10707 10724 10725
f 10708 10726 10727
f 10708 10727 10709
f 10708 10725 10722
f 10708 10721 10728
f 10708 10728 10726
f 10709 10727 10710
f 10710 10727 10729
f 10710 10729 10730
f 10710 10730 10711
f 10711 10730 10714
f 10711 10714 10712
f 10714 10730 10715
f 10715 10730 10727
f 10715 10727 10731
f 10715 10731 10732
f 10715 10732 10716
f 10717 10733 10734
f 10717 10734 10735
f 10717 10735 10718
f 10722 10725 10724
f 10722 10724 10723
f 10726 10736 10737
f 10726 10737 10731
f 10726 10731 10727
f 10726 10728 10736
f 10727 10730 10729
f 10731 10737 10738
f 10731 10738 10732
f 10732 10738 10739
f 10732 10739 10740
f 10733 10741 10734
f 10734 10741 10742
f 10734 10742 10743
f 10739 10744 10745
f 10739 10745 10746
f 10739 10746 10740
f 10740 10746 10745
f 10742 10745 10747
f 10742 10747 10743
f 10744 10748 10745
f 10745 10748 10749
f 10745 10749 10747
f 10750 10751 10752
f 10750 10752 10758
f 10750 10758 10753
f 10750 10753 10764
f 10750 10764 10783
f 10750 10783 10803
f 10750 10803 10819
f 10750 10819 10847
f 10750 10847 10890
f 10750 10890 10938
f 10750 10938 10983
f 10750 10983 10932
f 10750 10932 10931
f 10750 10931 10937
f 10750 10937 10936
f 10750 10936 10990
f 10750 10990 11026
f 10750 11026 11054
f 10750 11054 11057
f 10750 11057 11072
f 10750 11072 11075
f 10750 11075 11074
f 10750 11074 11087
f 10750 11087 11098
f 10750 11098 11106
f 10750 11106 11113
f 10750 11113 11124
f 10750 11124 11123
f 10750 11123 11122
f 10750 11122 11121
f 10750 11121 11120
f 10750 11120 11128
f 10750 11128 11132
f 10750 11132 11130
f 10750 11130 11125
f 10750 11125 11117
f 10750 11117 11116
f 10750 11116 11110
f 10750 11110 11109
f 10750 11109 11108
f 10750 11108 11107
f 10750 11107 11099
f 10750 11099 11088
f 10750 11088 11077
f 10750 11077 11076
f 10750 11076 11058
f 10750 11058 11028
f 10750 11028 10991
f 10750 10991 10940
f 10750 10940 10891
f 10750 10891 10848
f 10750 10848 10822
f 10750 10822 10821
f 10750 10821 10820
f 10750 10820 10804
f 10750 10804 10784
f 10750 10784 10765
f 10750 10765 10754
f 10750 10754 10751
f 10751 10755 10756
f 10751 10756 10752
f 10751 10754 10757
f 10751 10757 10755
f 10752 10756 10759
f 10752 10759 10758
f 10753 10760 10761
f 10753 10761 10762
f 10753 10762 10763
f 10753 10763 10764
f 10753 10758 10760
f 10754 10765 10757
f 10755 10766 10756
f 10755 10757 10777
f 10755 10777 10799
f 10755 10799 10805
f 10755 10805 10823
f 10755 10823 10849
f 10755 10849 10892
f 10755 10892 10939
f 10755 10939 10941
f 10755 10941 10992
f 10755 10992 11029
f 10755 11029 11059
f 10755 11059 11078
f 10755 11078 11089
f 10755 11089 11100
f 10755 11100 11111
f 10755 11111 11118
f 10755 11118 11126
f 10755 11126 11129
f 10755 11129 11133
f 10755 11133 11131
f 10755 11131 11127
f 10755 11127 11119
f 10755 11119 11112
f 10755 11112 11101
f 10755 11101 11091
f 10755 11091 11090
f 10755 11090 11079
f 10755 11079 11060
f 10755 11060 11033
f 10755 11033 11032
f 10755 11032 11031
f 10755 11031 11000
f 10755 11000 10999
f 10755 10999 10997
f 10755 10997 10947
f 10755 10947 10900
f 10755 10900 10894
f 10755 10894 10851
f 10755 10851 10824
f 10755 10824 10807
f 10755 10807 10806
f 10755 10806 10787
f 10755 10787 10767
f 10755 10767 10766
f 10756 10766 10768
f 10756 10768 10769
f 10756 10769 10770
f 10756 10770 10771
f 10756 10771 10772
f 10756 10772 10773
f 10756 10773 10774
f 10756 10774 10775
f 10756 10775 10776
f 10756 10776 10759
f 10757 10765 10777
f 10758 10759 10776
f 10758 10776 10760
f 10760 10776 10778
f 10760 10778 10762
f 10760 10762 10761
f 10762 10778 10779
f 10762 10779 10780
f 10762 10780 10763
f 10763 10780 10781
f 10763 10781 10782
f 10763 10782 10764
f 10764 10782 10783
f 10765 10784 10777
f 10766 10767 10785
f 10766 10785 10768
f 10767 10786 10785
f 10767 10787 10788
f 10767 10788 10786
f 10768 10785 10789
f 10768 10789 10790
f 10768 10790 10770
f 10768 10770 10769
f 10770 10790 10789
f 10770 10789 10791
f 10770 10791 10792
f 10770 10792 10793
f 10770 10793 10794
f 10770 10794 10771
f 10771 10794 10772
f 10772 10794 10773
f 10773 10794 10774
f 10774 10794 10775
f 10775 10795 10776
f 10775 10794 10796
f 10775 10796 10797
f 10775 10797 10795
f 10776 10795 10798
f 10776 10798 10778
f 10777 10784 10799
f 10778 10780 10779
f 10778 10798 10796
f 10778 10796 10800
f 10778 10800 10780
f 10780 10800 10801
f 10780 10801 10781
f 10781 10801 10802
f 10781 10802 10782
f 10782 10802 10783
f 10783 10802 10803
f 10784 10804 10805
f 10784 10805 10799
f 10785 10786 10789
f 10786 10788 10789
f 10787 10806 10788
f 10788 10806 10807
f 10788 10807 10808
f 10788 10808 10789
f 10789 10808 10809
f 10789 10809 10791
f 10791 10810 10792
f 10791 10809 10811
f 10791 10811 10810
f 10792 10810 10793
f 10793 10810 10812
f 10793 10812 10794
f 10794 10812 10813
f 10794 10813 10814
f 10794 10814 10796
f 10795 10797 10796
f 10795 10796 10798
f 10796 10815 10800
f 10796 10814 10816
f 10796 10816 10815
f 10800 10815 10801
f 10801 10815 10817
f 10801 10817 10818
f 10801 10818 10802
f 10802 10818 10819
f 10802 10819 10803
f 10804 10820 10805
f 10805 10820 10821
f 10805 10821 10822
f 10805 10822 10823
f 10807 10824 10825
f 10807 10825 10826
f 10807 10826 10808
f 10808 10826 10827
f 10808 10827 10809
f 10809 10827 10828
f 10809 10828 10829
f 10809 10829 10811
f 10810 10811 10812
f 10811 10830 10812
f 10811 10829 10830
f 10812 10830 10831
f 10812 10831 10832
f 10812 10832 10833
f 10812 10833 10834
f 10812 10834 10813
f 10813 10834 10814
f 10814 10834 10835
f 10814 10835 10836
f 10814 10836 10837
f 10814 10837 10816
f 10815 10838 10839
f 10815 10839 10817
f 10815 10816 10840
f 10815 10840 10841
f 10815 10841 10838
f 10816 10837 10840
f 10817 10842 10843
f 10817 10843 10818
f 10817 10839 10844
f 10817 10844 10845
f 10817 10845 10842
f 10818 10843 10819
f 10819 10843 10846
f 10819 10846 10847
f 10822 10848 10823
f 10823 10848 10849
f 10824 10850 10825
f 10824 10851 10852
f 10824 10852 10853
f 10824 10853 10854
f 10824 10854 10855
f 10824 10855 10850
f 10825 10850 10856
f 10825 10856 10826
f 10826 10856 10828
f 10826 10828 10827
f 10828 10856 10857
f 10828 10857 10829
f 10829 10857 10858
f 10829 10858 10830
f 10830 10858 10859
f 10830 10859 10860
f 10830 10860 10861
f 10830 10861 10862
f 10830 10862 10863
f 10830 10863 10864
f 10830 10864 10865
f 10830 10865 10831
f 10831 10865 10866
f 10831 10866 10832
f 10832 10866 10833
f 10833 10866 10834
f 10834 10866 10867
f 10834 10867 10835
f 10835 10867 10868
f 10835 10868 10869
f 10835 10869 10870
f 10835 10870 10871
f 10835 10871 10836
f 10836 10872 10837
f 10836 10871 10873
f 10836 10873 10872
f 10837 10872 10874
f 10837 10874 10875
f 10837 10875 10876
f 10837 10876 10840
f 10838 10841 10839
f 10839 10841 10844
f 10840 10876 10877
f 10840 10877 10844
f 10840 10844 10841
f 10842 10878 10843
f 10842 10845 10878
f 10843 10878 10846
f 10844 10877 10875
f 10844 10875 10879
f 10844 10879 10845
f 10845 10880 10881
f 10845 10881 10882
f 10845 10882 10883
f 10845 10883 10884
f 10845 10884 10885
f 10845 10885 10886
f 10845 10886 10887
f 10845 10887 10888
f 10845 10888 10878
f 10845 10879 10880
f 10846 10878 10888
f 10846 10888 10889
f 10846 10889 10890
f 10846 10890 10847
f 10848 10891 10892
f 10848 10892 10849
f 10850 10855 10893
f 10850 10893 10856
f 10851 10894 10852
f 10852 10895 10896
f 10852 10896 10897
f 10852 10897 10898
f 10852 10898 10893
f 10852 10893 10899
f 10852 10899 10853
f 10852 10894 10900
f 10852 10900 10901
f 10852 10901 10895
f 10853 10899 10893
f 10853 10893 10854
f 10854 10893 10855
f 10856 10893 10902
f 10856 10902 10857
f 10857 10902 10903
f 10857 10903 10858
f 10858 10903 10859
f 10859 10904 10893
f 10859 10893 10905
f 10859 10905 10906
f 10859 10906 10860
f 10859 10903 10902
f 10859 10902 10904
f 10860 10906 10907
f 10860 10907 10861
f 10861 10907 10908
f 10861 10908 10862
f 10862 10908 10909
f 10862 10909 10910
f 10862 10910 10911
f 10862 10911 10912
f 10862 10912 10863
f 10863 10913 10866
f 10863 10866 10864
f 10863 10912 10913
f 10864 10866 10865
f 10866 10914 10867
f 10866 10913 10914
f 10867 10914 10915
f 10867 10915 10868
f 10868 10915 10916
f 10868 10916 10917
f 10868 10917 10918
f 10868 10918 10869
f 10869 10918 10870
f 10870 10919 10871
f 10870 10918 10920
f 10870 10920 10919
f 10871 10919 10873
f 10872 10873 10921
f 10872 10921 10874
f 10873 10919 10922
f 10873 10922 10921
f 10874 10921 10875
f 10875 10877 10876
f 10875 10921 10923
f 10875 10923 10879
f 10879 10923 10880
f 10880 10923 10924
f 10880 10924 10881
f 10881 10924 10882
f 10882 10925 10883
f 10882 10924 10926
f 10882 10926 10925
f 10883 10925 10927
f 10883 10927 10928
f 10883 10928 10929
f 10883 10929 10884
f 10884 10929 10930
f 10884 10930 10885
f 10885 10931 10932
f 10885 10932 10933
f 10885 10933 10934
f 10885 10934 10886
f 10885 10930 10935
f 10885 10935 10936
f 10885 10936 10937
f 10885 10937 10931
f 10886 10934 10887
f 10887 10934 10888
f 10888 10890 10889
f 10888 10934 10938
f 10888 10938 10890
f 10891 10939 10892
f 10891 10940 10941
f 10891 10941 10939
f 10893 10898 10905
f 10893 10904 10902
f 10895 10942 10943
f 10895 10943 10944
f 10895 10944 10945
f 10895 10945 10896
f 10895 10901 10942
f 10896 10945 10898
f 10896 10898 10897
f 10898 10945 10946
f 10898 10946 10905
f 10900 10947 10901
f 10901 10948 10943
f 10901 10943 10942
f 10901 10947 10948
f 10905 10946 10906
f 10906 10946 10949
f 10906 10949 10908
f 10906 10908 10907
f 10908 10949 10909
f 10909 10949 10910
f 10910 10950 10911
f 10910 10949 10951
f 10910 10951 10952
f 10910 10952 10953
f 10910 10953 10954
f 10910 10954 10955
f 10910 10955 10956
f 10910 10956 10957
f 10910 10957 10950
f 10911 10950 10912
f 10912 10950 10956
f 10912 10956 10958
f 10912 10958 10959
f 10912 10959 10960
f 10912 10960 10961
f 10912 10961 10913
f 10913 10961 10914
f 10914 10961 10915
f 10915 10961 10917
f 10915 10917 10916
f 10917 10961 10962
f 10917 10962 10918
f 10918 10962 10963
f 10918 10963 10920
f 10919 10920 10964
f 10919 10964 10965
f 10919 10965 10966
f 10919 10966 10967
f 10919 10967 10968
f 10919 10968 10969
f 10919 10969 10922
f 10920 10963 10964
f 10921 10922 10924
f 10921 10924 10923
f 10922 10969 10924
f 10924 10969 10970
f 10924 10970 10926
f 10925 10971 10972
f 10925 10972 10973
f 10925 10973 10930
f 10925 10930 10929
f 10925 10929 10927
f 10925 10926 10974
f 10925 10974 10971
f 10926 10970 10975
f 10926 10975 10976
f 10926 10976 10977
f 10926 10977 10978
f 10926 10978 10979
f 10926 10979 10980
f 10926 10980 10981
f 10926 10981 10974
f 10927 10929 10928
f 10930 10973 10972
f 10930 10972 10971
f 10930 10971 10982
f 10930 10982 10935
f 10932 10983 10933
f 10933 10938 10934
f 10933 10983 10938
f 10935 10982 10984
f 10935 10984 10971
f 10935 10971 10985
f 10935 10985 10986
f 10935 10986 10987
f 10935 10987 10936
f 10936 10987 10988
f 10936 10988 10989
f 10936 10989 10990
f 10940 10991 10992
f 10940 10992 10941
f 10943 10948 10993
f 10943 10993 10994
f 10943 10994 10995
f 10943 10995 10996
f 10943 10996 10953
f 10943 10953 10944
f 10944 10946 10945
f 10944 10953 10952
f 10944 10952 10951
f 10944 10951 10946
f 10946 10951 10949
f 10947 10997 10998
f 10947 10998 10948
f 10948 10998 10999
f 10948 10999 11000
f 10948 11000 10993
f 10950 10957 10956
f 10953 10996 11001
f 10953 11001 10954
f 10954 11001 11002
f 10954 11002 10955
f 10955 11002 11003
f 10955 11003 11004
f 10955 11004 10956
f 10956 11004 11005
f 10956 11005 10958
f 10958 11005 11006
f 10958 11006 11007
f 10958 11007 10959
f 10959 11007 10960
f 10960 11007 11008
f 10960 11008 10961
f 10961 11008 10962
f 10962 11008 11009
f 10962 11009 10963
f 10963 11009 10965
f 10963 10965 10964
f 10965 11009 11010
f 10965 11010 11011
f 10965 11011 10966
f 10966 11011 11012
f 10966 11012 10969
f 10966 10969 10967
f 10967 10969 11013
f 10967 11013 10968
f 10968 11013 10969
f 10969 11012 11014
f 10969 11014 11015
f 10969 11015 10970
f 10970 11015 11014
f 10970 11014 11012
f 10970 11012 10975
f 10971 10984 10982
f 10971 10974 10986
f 10971 10986 10985
f 10974 10981 10980
f 10974 10980 10979
f 10974 10979 11016
f 10974 11016 11017
f 10974 11017 11018
f 10974 11018 11019
f 10974 11019 10986
f 10975 11012 10976
f 10976 11012 10977
f 10977 11012 10978
f 10978 11020 11021
f 10978 11021 11022
f 10978 11022 10979
f 10978 11012 11020
f 10979 11022 11023
f 10979 11023 11016
f 10986 11024 10988
f 10986 10988 10987
f 10986 11019 11025
f 10986 11025 11024
f 10988 11024 10989
f 10989 11026 10990
f 10989 11024 11025
f 10989 11025 11027
f 10989 11027 11026
f 10991 11028 11029
f 10991 11029 10992
f 10993 11000 11030
f 10993 11030 10994
f 10994 11030 11031
f 10994 11031 11032
f 10994 11032 10995
f 10995 11032 11033
f 10995 11033 11034
f 10995 11034 11002
f 10995 11002 11001
f 10995 11001 10996
f 10997 10999 10998
f 11000 11031 11030
f 11002 11034 11003
f 11003 11034 11004
f 11004 11034 11035
f 11004 11035 11036
f 11004 11036 11037
f 11004 11037 11005
f 11005 11037 11038
f 11005 11038 11039
f 11005 11039 11040
f 11005 11040 11006
f 11006 11040 11041
f 11006 11041 11009
f 11006 11009 11007
f 11007 11009 11008
f 11009 11041 11010
f 11010 11041 11042
f 11010 11042 11043
f 11010 11043 11011
f 11011 11043 11020
f 11011 11020 11012
f 11016 11023 11018
f 11016 11018 11017
f 11018 11023 11044
f 11018 11044 11025
f 11018 11025 11019
f 11020 11043 11045
f 11020 11045 11021
f 11021 11045 11046
f 11021 11046 11047
f 11021 11047 11022
f 11022 11048 11023
f 11022 11047 11049
f 11022 11049 11048
f 11023 11048 11050
f 11023 11050 11051
f 11023 11051 11044
f 11025 11044 11051
f 11025 11051 11052
f 11025 11052 11053
f 11025 11053 11027
f 11026 11027 11054
f 11027 11053 11052
f 11027 11052 11055
f 11027 11055 11056
f 11027 11056 11057
f 11027 11057 11054
f 11028 11058 11029
f 11029 11058 11059
f 11033 11060 11061
f 11033 11061 11034
f 11034 11061 11087
f 11034 11087 11074
f 11034 11074 11070
f 11034 11070 11069
f 11034 11069 11049
f 11034 11049 11047
f 11034 11047 11046
f 11034 11046 11045
f 11034 11045 11068
f 11034 11068 11067
f 11034 11067 11066
f 11034 11066 11065
f 11034 11065 11064
f 11034 11064 11063
f 11034 11063 11062
f 11034 11062 11039
f 11034 11039 11038
f 11034 11038 11037
f 11034 11037 11036
f 11034 11036 11035
f 11039 11062 11040
f 11040 11062 11063
f 11040 11063 11041
f 11041 11063 11064
f 11041 11064 11065
f 11041 11065 11042
f 11042 11065 11043
f 11043 11065 11066
f 11043 11066 11067
f 11043 11067 11068
f 11043 11068 11045
f 11048 11049 11069
f 11048 11069 11050
f 11050 11069 11070
f 11050 11070 11071
f 11050 11071 11051
f 11051 11071 11052
f 11052 11071 11055
f 11055 11072 11056
f 11055 11071 11073
f 11055 11073 11074
f 11055 11074 11075
f 11055 11075 11072
f 11056 11072 11057
f 11058 11076 11059
f 11059 11076 11077
f 11059 11077 11078
f 11060 11079 11080
f 11060 11080 11081
f 11060 11081 11061
f 11061 11081 11082
f 11061 11082 11083
f 11061 11083 11084
f 11061 11084 11085
f 11061 11085 11086
f 11061 11086 11087
f 11070 11074 11071
f 11071 11074 11073
f 11077 11088 11089
f 11077 11089 11078
f 11079 11090 11084
f 11079 11084 11081
f 11079 11081 11080
f 11081 11084 11082
f 11082 11084 11083
f 11084 11090 11091
f 11084 11091 11085
f 11085 11092 11102
f 11085 11102 11093
f 11085 11093 11094
f 11085 11094 11087
f 11085 11087 11086
f 11085 11091 11101
f 11085 11101 11092
f 11087 11094 11095
f 11087 11095 11096
f 11087 11096 11097
f 11087 11097 11098
f 11088 11099 11100
f 11088 11100 11089
f 11092 11101 11102
f 11093 11102 11114
f 11093 11114 11103
f 11093 11103 11095
f 11093 11095 11094
f 11095 11103 11096
f 11096 11103 11097
f 11097 11103 11104
f 11097 11104 11105
f 11097 11105 11098
f 11098 11105 11106
f 11099 11107 11100
f 11100 11107 11108
f 11100 11108 11109
f 11100 11109 11110
f 11100 11110 11111
f 11101 11112 11113
f 11101 11113 11114
f 11101 11114 11102
f 11103 11114 11115
f 11103 11115 11104
f 11104 11115 11106
f 11104 11106 11105
f 11106 11115 11113
f 11110 11116 11111
f 11111 11116 11117
f 11111 11117 11118
f 11112 11119 11120
f 11112 11120 11121
f 11112 11121 11122
f 11112 11122 11123
f 11112 11123 11124
f 11112 11124 11113
f 11113 11115 11114
f 11117 11125 11118
f 11118 11125 11126
f 11119 11127 11128
f 11119 11128 11120
f 11125 11129 11126
f 11125 11130 11129
f 11127 11131 11128
f 11128 11131 11132
f 11129 11130 11133
f 11130 11132 11133
f 11131 11133 11132
f 11134 11135 11136
f 11134 11136 11137
f 11134 11137 11138
f 11134 11138 11149
f 11134 11149 11156
f 11134 11156 11171
f 11134 11171 11191
f 11134 11191 11216
f 11134 11216 11219
f 11134 11219 11198
f 11134 11198 11177
f 11134 11177 11159
f 11134 11159 11150
f 11134 11150 11139
f 11134 11139 11151
f 11134 11151 11158
f 11134 11158 11175
f 11134 11175 11174
f 11134 11174 11173
f 11134 11173 11172
f 11134 11172 11176
f 11134 11176 11182
f 11134 11182 11165
f 11134 11165 11164
f 11134 11164 11163
f 11134 11163 11152
f 11134 11152 11144
f 11134 11144 11143
f 11134 11143 11142
f 11134 11142 11141
f 11134 11141 11140
f 11134 11140 11135
f 11135 11140 11136
f 11136 11140 11141
f 11136 11141 11142
f 11136 11142 11143
f 11136 11143 11144
f 11136 11144 11145
f 11136 11145 11146
f 11136 11146 11147
f 11136 11147 11137
f 11137 11148 11138
f 11137 11147 11148
f 11138 11148 11149
f 11139 11150 11151
f 11144 11152 11153
f 11144 11153 11145
f 11145 11153 11166
f 11145 11166 11184
f 11145 11184 11210
f 11145 11210 11218
f 11145 11218 11222
f 11145 11222 11209
f 11145 11209 11208
f 11145 11208 11207
f 11145 11207 11211
f 11145 11211 11185
f 11145 11185 11167
f 11145 11167 11154
f 11145 11154 11147
f 11145 11147 11146
f 11147 11154 11148
f 11148 11155 11156
f 11148 11156 11149
f 11148 11154 11155
f 11150 11157 11158
f 11150 11158 11151
f 11150 11159 11180
f 11150 11180 11160
f 11150 11160 11161
f 11150 11161 11162
f 11150 11162 11157
f 11152 11163 11153
f 11153 11163 11164
f 11153 11164 11165
f 11153 11165 11166
f 11154 11167 11168
f 11154 11168 11169
f 11154 11169 11155
f 11155 11169 11170
f 11155 11170 11156
f 11156 11170 11171
f 11157 11172 11173
f 11157 11173 11174
f 11157 11174 11175
f 11157 11175 11158
f 11157 11162 11176
f 11157 11176 11172
f 11159 11177 11178
f 11159 11178 11179
f 11159 11179 11180
f 11160 11180 11179
f 11160 11179 11209
f 11160 11209 11222
f 11160 11222 11225
f 11160 11225 11224
f 11160 11224 11217
f 11160 11217 11196
f 11160 11196 11195
f 11160 11195 11194
f 11160 11194 11193
f 11160 11193 11192
f 11160 11192 11181
f 11160 11181 11162
f 11160 11162 11161
f 11162 11181 11176
f 11165 11182 11166
f 11166 11182 11183
f 11166 11183 11184
f 11167 11185 11168
f 11168 11186 11187
f 11168 11187 11169
f 11168 11185 11186
f 11169 11187 11188
f 11169 11188 11189
f 11169 11189 11190
f 11169 11190 11170
f 11170 11190 11189
f 11170 11189 11171
f 11171 11189 11191
f 11176 11181 11192
f 11176 11192 11193
f 11176 11193 11194
f 11176 11194 11195
f 11176 11195 11196
f 11176 11196 11197
f 11176 11197 11218
f 11176 11218 11210
f 11176 11210 11183
f 11176 11183 11182
f 11177 11198 11199
f 11177 11199 11178
f 11178 11199 11179
f 11179 11199 11200
f 11179 11200 11201
f 11179 11201 11202
f 11179 11202 11203
f 11179 11203 11204
f 11179 11204 11205
f 11179 11205 11206
f 11179 11206 11207
f 11179 11207 11208
f 11179 11208 11209
f 11183 11210 11184
f 11185 11211 11186
f 11186 11206 11205
f 11186 11205 11212
f 11186 11212 11187
f 11186 11211 11207
f 11186 11207 11206
f 11187 11212 11188
f 11188 11213 11214
f 11188 11214 11189
f 11188 11212 11213
f 11189 11214 11215
f 11189 11215 11191
f 11191 11215 11216
f 11196 11217 11218
f 11196 11218 11197
f 11198 11219 11199
f 11199 11219 11216
f 11199 11216 11215
f 11199 11215 11220
f 11199 11220 11200
f 11200 11220 11201
f 11201 11220 11221
f 11201 11221 11213
f 11201 11213 11202
f 11202 11213 11212
f 11202 11212 11203
f 11203 11212 11205
f 11203 11205 11204
f 11213 11221 11214
f 11214 11221 11223
f 11214 11223 11215
f 11215 11223 11220
f 11217 11224 11218
f 11218 11224 11225
f 11218 11225 11222
f 11220 11223 11221
f 11226 11227 11228
f 11226 11228 11229
f 11226 11229 11230
f 11226 11230 11231
f 11226 11231 11241
f 11226 11241 11257
f 11226 11257 11277
f 11226 11277 11298
f 11226 11298 11337
f 11226 11337 11382
f 11226 11382 11381
f 11226 11381 11422
f 11226 11422 11466
f 11226 11466 11470
f 11226 11470 11512
f 11226 11512 11511
f 11226 11511 11564
f 11226 11564 11606
f 11226 11606 11671
f 11226 11671 11712
f 11226 11712 11744
f 11226 11744 11743
f 11226 11743 11742
f 11226 11742 11741
f 11226 11741 11740
f 11226 11740 11739
f 11226 11739 11758
f 11226 11758 11757
f 11226 11757 11763
f 11226 11763 11768
f 11226 11768 11767
f 11226 11767 11766
f 11226 11766 11765
f 11226 11765 11764
f 11226 11764 11760
f 11226 11760 11749
f 11226 11749 11748
f 11226 11748 11747
f 11226 11747 11745
f 11226 11745 11713
f 11226 11713 11672
f 11226 11672 11607
f 11226 11607 11565
f 11226 11565 11513
f 11226 11513 11471
f 11226 11471 11423
f 11226 11423 11383
f 11226 11383 11340
f 11226 11340 11339
f 11226 11339 11338
f 11226 11338 11299
f 11226 11299 11278
f 11226 11278 11259
f 11226 11259 11258
f 11226 11258 11242
f 11226 11242 11232
f 11226 11232 11227
f 11227 11232 11228
f 11228 11232 11233
f 11228 11233 11234
f 11228 11234 11229
f 11229 11234 11235
f 11229 11235 11236
f 11229 11236 11237
f 11229 11237 11230
f 11230 11237 11238
f 11230 11238 11239
f 11230 11239 11240
f 11230 11240 11231
f 11231 11240 11241
f 11232 11242 11233
f 11233 11242 11258
f 11233 11258 11243
f 11233 11243 11244
f 11233 11244 11245
f 11233 11245 11234
f 11234 11246 11244
f 11234 11244 11247
f 11234 11247 11248
f 11234 11248 11249
f 11234 11249 11250
f 11234 11250 11251
f 11234 11251 11235
f 11234 11245 11246
f 11235 11251 11236
f 11236 11238 11252
f 11236 11252 11237
f 11236 11251 11250
f 11236 11250 11253
f 11236 11253 11254
f 11236 11254 11238
f 11237 11252 11238
f 11238 11254 11255
f 11238 11255 11239
f 11239 11255 11240
f 11240 11255 11256
f 11240 11256 11241
f 11241 11256 11257
f 11243 11258 11259
f 11243 11259 11260
f 11243 11260 11261
f 11243 11261 11262
f 11243 11262 11244
f 11244 11246 11245
f 11244 11262 11261
f 11244 11261 11263
f 11244 11263 11247
f 11247 11263 11248
f 11248 11263 11264
f 11248 11264 11265
f 11248 11265 11266
f 11248 11266 11267
f 11248 11267 11268
f 11248 11268 11249
f 11249 11268 11250
f 11250 11268 11269
f 11250 11269 11253
f 11253 11269 11270
f 11253 11270 11271
f 11253 11271 11254
f 11254 11272 11255
f 11254 11271 11273
f 11254 11273 11272
f 11255 11272 11274
f 11255 11274 11275
f 11255 11275 11276
f 11255 11276 11256
f 11256 11276 11277
f 11256 11277 11257
f 11259 11278 11260
f 11260 11279 11261
f 11260 11278 11279
f 11261 11279 11280
f 11261 11280 11281
f 11261 11281 11263
f 11263 11281 11282
f 11263 11282 11264
f 11264 11282 11283
f 11264 11283 11265
f 11265 11283 11284
f 11265 11284 11285
f 11265 11285 11266
f 11266 11285 11268
f 11266 11268 11267
f 11268 11285 11286
f 11268 11286 11269
f 11269 11287 11270
f 11269 11286 11288
f 11269 11288 11289
f 11269 11289 11290
f 11269 11290 11287
f 11270 11287 11271
f 11271 11287 11291
f 11271 11291 11273
f 11272 11273 11292
f 11272 11292 11274
f 11273 11291 11293
f 11273 11293 11294
f 11273 11294 11292
f 11274 11292 11295
f 11274 11295 11296
f 11274 11296 11275
f 11275 11296 11276
f 11276 11297 11277
f 11276 11296 11297
f 11277 11297 11298
f 11278 11299 11279
f 11279 11299 11300
f 11279 11300 11301
f 11279 11301 11302
f 11279 11302 11280
f 11280 11302 11303
f 11280 11303 11304
f 11280 11304 11281
f 11281 11304 11303
f 11281 11303 11305
f 11281 11305 11282
f 11282 11305 11306
f 11282 11306 11307
f 11282 11307 11283
f 11283 11307 11308
f 11283 11308 11309
f 11283 11309 11284
f 11284 11309 11310
f 11284 11310 11311
f 11284 11311 11312
f 11284 11312 11313
f 11284 11313 11285
f 11285 11313 11314
f 11285 11314 11315
f 11285 11315 11286
f 11286 11315 11316
f 11286 11316 11317
f 11286 11317 11288
f 11287 11290 11318
f 11287 11318 11319
f 11287 11319 11320
f 11287 11320 11291
f 11288 11317 11321
f 11288 11321 11289
f 11289 11321 11322
f 11289 11322 11290
f 11290 11323 11319
f 11290 11319 11318
f 11290 11322 11324
f 11290 11324 11325
f 11290 11325 11326
f 11290 11326 11323
f 11291 11320 11293
f 11292 11294 11327
f 11292 11327 11295
f 11293 11320 11328
f 11293 11328 11327
f 11293 11327 11294
f 11295 11327 11296
f 11296 11327 11329
f 11296 11329 11330
f 11296 11330 11331
f 11296 11331 11332
f 11296 11332 11333
f 11296 11333 11334
f 11296 11334 11335
f 11296 11335 11297
f 11297 11335 11336
f 11297 11336 11337
f 11297 11337 11298
f 11299 11338 11300
f 11300 11338 11339
f 11300 11339 11301
f 11301 11339 11340
f 11301 11340 11341
f 11301 11341 11342
f 11301 11342 11302
f 11302 11342 11343
f 11302 11343 11303
f 11303 11306 11305
f 11303 11343 11344
f 11303 11344 11345
f 11303 11345 11346
f 11303 11346 11347
f 11303 11347 11348
f 11303 11348 11349
f 11303 11349 11350
f 11303 11350 11306
f 11306 11350 11307
f 11307 11350 11349
f 11307 11349 11351
f 11307 11351 11308
f 11308 11351 11352
f 11308 11352 11353
f 11308 11353 11354
f 11308 11354 11355
f 11308 11355 11311
f 11308 11311 11309
f 11309 11311 11310
f 11311 11355 11356
f 11311 11356 11312
f 11312 11314 11313
f 11312 11356 11357
f 11312 11357 11358
f 11312 11358 11359
f 11312 11359 11360
f 11312 11360 11361
f 11312 11361 11314
f 11314 11362 11315
f 11314 11361 11363
f 11314 11363 11364
f 11314 11364 11362
f 11315 11362 11316
f 11316 11362 11365
f 11316 11365 11366
f 11316 11366 11317
f 11317 11366 11321
f 11319 11323 11320
f 11320 11323 11326
f 11320 11326 11367
f 11320 11367 11328
f 11321 11366 11368
f 11321 11368 11322
f 11322 11369 11324
f 11322 11368 11370
f 11322 11370 11371
f 11322 11371 11369
f 11324 11369 11325
f 11325 11369 11372
f 11325 11372 11367
f 11325 11367 11326
f 11327 11328 11373
f 11327 11373 11374
f 11327 11374 11375
f 11327 11375 11376
f 11327 11376 11377
f 11327 11377 11329
f 11328 11367 11373
f 11329 11377 11330
f 11330 11377 11332
f 11330 11332 11331
f 11332 11378 11333
f 11332 11377 11379
f 11332 11379 11378
f 11333 11378 11380
f 11333 11380 11334
f 11334 11381 11335
f 11334 11380 11381
f 11335 11381 11336
f 11336 11381 11382
f 11336 11382 11337
f 11340 11383 11384
f 11340 11384 11341
f 11341 11384 11385
f 11341 11385 11342
f 11342 11385 11386
f 11342 11386 11343
f 11343 11386 11344
f 11344 11386 11387
f 11344 11387 11388
f 11344 11388 11389
f 11344 11389 11390
f 11344 11390 11345
f 11345 11390 11346
f 11346 11390 11391
f 11346 11391 11347
f 11347 11391 11348
f 11348 11391 11392
f 11348 11392 11349
f 11349 11392 11393
f 11349 11393 11351
f 11351 11393 11352
f 11352 11393 11394
f 11352 11394 11395
f 11352 11395 11354
f 11352 11354 11353
f 11354 11395 11357
f 11354 11357 11355
f 11355 11357 11356
f 11357 11395 11396
f 11357 11396 11397
f 11357 11397 11359
f 11357 11359 11358
f 11359 11397 11398
f 11359 11398 11360
f 11360 11398 11399
f 11360 11399 11363
f 11360 11363 11361
f 11362 11364 11365
f 11363 11399 11400
f 11363 11400 11364
f 11364 11400 11365
f 11365 11400 11401
f 11365 11401 11366
f 11366 11401 11402
f 11366 11402 11403
f 11366 11403 11368
f 11367 11372 11404
f 11367 11404 11405
f 11367 11405 11406
f 11367 11406 11373
f 11368 11403 11370
f 11369 11371 11407
f 11369 11407 11372
f 11370 11408 11371
f 11370 11403 11409
f 11370 11409 11410
f 11370 11410 11408
f 11371 11408 11407
f 11372 11407 11404
f 11373 11406 11411
f 11373 11411 11412
f 11373 11412 11374
f 11374 11412 11375
f 11375 11412 11413
f 11375 11413 11376
f 11376 11413 11414
f 11376 11414 11377
f 11377 11415 11379
f 11377 11414 11415
f 11378 11379 11380
f 11379 11416 11380
f 11379 11415 11417
f 11379 11417 11418
f 11379 11418 11419
f 11379 11419 11416
f 11380 11420 11381
f 11380 11416 11420
f 11381 11420 11421
f 11381 11421 11422
f 11383 11423 11384
f 11384 11423 11424
f 11384 11424 11385
f 11385 11424 11387
f 11385 11387 11386
f 11387 11424 11388
f 11388 11424 11425
f 11388 11425 11389
f 11389 11425 11390
f 11390 11426 11392
f 11390 11392 11391
f 11390 11425 11427
f 11390 11427 11426
f 11392 11426 11393
f 11393 11426 11394
f 11394 11428 11429
f 11394 11429 11430
f 11394 11430 11431
f 11394 11431 11432
f 11394 11432 11395
f 11394 11426 11428
f 11395 11432 11433
f 11395 11433 11396
f 11396 11433 11397
f 11397 11433 11434
f 11397 11434 11435
f 11397 11435 11436
f 11397 11436 11398
f 11398 11436 11437
f 11398 11437 11399
f 11399 11437 11438
f 11399 11438 11439
f 11399 11439 11440
f 11399 11440 11441
f 11399 11441 11442
f 11399 11442 11443
f 11399 11443 11444
f 11399 11444 11400
f 11400 11444 11401
f 11401 11444 11443
f 11401 11443 11445
f 11401 11445 11402
f 11402 11445 11446
f 11402 11446 11403
f 11403 11446 11409
f 11404 11447 11405
f 11404 11407 11448
f 11404 11448 11449
f 11404 11449 11450
f 11404 11450 11447
f 11405 11447 11406
f 11406 11447 11411
f 11407 11408 11448
f 11408 11410 11451
f 11408 11451 11448
f 11409 11452 11410
f 11409 11446 11452
f 11410 11452 11453
f 11410 11453 11454
f 11410 11454 11455
f 11410 11455 11451
f 11411 11447 11412
f 11412 11456 11413
f 11412 11447 11457
f 11412 11457 11458
f 11412 11458 11459
f 11412 11459 11460
f 11412 11460 11461
f 11412 11461 11462
f 11412 11462 11456
f 11413 11456 11463
f 11413 11463 11464
f 11413 11464 11414
f 11414 11464 11417
f 11414 11417 11415
f 11416 11465 11466
f 11416 11466 11422
f 11416 11422 11421
f 11416 11421 11420
f 11416 11419 11465
f 11417 11464 11418
f 11418 11467 11468
f 11418 11468 11469
f 11418 11469 11419
f 11418 11464 11463
f 11418 11463 11467
f 11419 11469 11470
f 11419 11470 11465
f 11423 11471 11472
f 11423 11472 11473
f 11423 11473 11424
f 11424 11473 11474
f 11424 11474 11425
f 11425 11474 11475
f 11425 11475 11476
f 11425 11476 11427
f 11426 11427 11477
f 11426 11477 11429
f 11426 11429 11428
f 11427 11476 11477
f 11429 11477 11478
f 11429 11478 11479
f 11429 11479 11430
f 11430 11479 11431
f 11431 11479 11432
f 11432 11479 11433
f 11433 11479 11480
f 11433 11480 11481
f 11433 11481 11482
f 11433 11482 11483
f 11433 11483 11484
f 11433 11484 11434
f 11434 11484 11485
f 11434 11485 11486
f 11434 11486 11487
f 11434 11487 11488
f 11434 11488 11435
f 11435 11488 11489
f 11435 11489 11438
f 11435 11438 11436
f 11436 11438 11437
f 11438 11489 11439
f 11439 11489 11440
f 11440 11489 11490
f 11440 11490 11441
f 11441 11490 11491
f 11441 11491 11492
f 11441 11492 11493
f 11441 11493 11442
f 11442 11493 11443
f 11443 11446 11445
f 11443 11493 11446
f 11446 11493 11494
f 11446 11494 11452
f 11447 11450 11457
f 11448 11451 11449
f 11449 11451 11455
f 11449 11455 11495
f 11449 11495 11450
f 11450 11495 11458
f 11450 11458 11457
f 11452 11494 11496
f 11452 11496 11497
f 11452 11497 11453
f 11453 11498 11499
f 11453 11499 11500
f 11453 11500 11501
f 11453 11501 11502
f 11453 11502 11454
f 11453 11497 11498
f 11454 11503 11455
f 11454 11502 11503
f 11455 11503 11495
f 11456 11462 11504
f 11456 11504 11505
f 11456 11505 11463
f 11458 11495 11506
f 11458 11506 11459
f 11459 11506 11507
f 11459 11507 11460
f 11460 11507 11461
f 11461 11507 11508
f 11461 11508 11509
f 11461 11509 11504
f 11461 11504 11462
f 11463 11505 11467
f 11465 11470 11466
f 11467 11505 11510
f 11467 11510 11468
f 11468 11510 11511
f 11468 11511 11512
f 11468 11512 11470
f 11468 11470 11469
f 11471 11513 11514
f 11471 11514 11515
f 11471 11515 11516
f 11471 11516 11472
f 11472 11516 11473
f 11473 11516 11474
f 11474 11516 11517
f 11474 11517 11475
f 11475 11517 11518
f 11475 11518 11476
f 11476 11478 11477
f 11476 11518 11478
f 11478 11518 11519
f 11478 11519 11479
f 11479 11519 11520
f 11479 11520 11480
f 11480 11520 11481
f 11481 11520 11482
f 11482 11520 11521
f 11482 11521 11522
f 11482 11522 11483
f 11483 11522 11523
f 11483 11523 11524
f 11483 11524 11484
f 11484 11524 11525
f 11484 11525 11485
f 11485 11525 11486
f 11486 11526 11527
f 11486 11527 11489
f 11486 11489 11528
f 11486 11528 11488
f 11486 11488 11487
f 11486 11525 11529
f 11486 11529 11530
f 11486 11530 11531
f 11486 11531 11532
f 11486 11532 11533
f 11486 11533 11526
f 11488 11528 11489
f 11489 11527 11490
f 11490 11527 11526
f 11490 11526 11491
f 11491 11534 11535
f 11491 11535 11536
f 11491 11536 11537
f 11491 11537 11538
f 11491 11538 11492
f 11491 11526 11539
f 11491 11539 11534
f 11492 11538 11540
f 11492 11540 11541
f 11492 11541 11493
f 11493 11541 11494
f 11494 11541 11496
f 11495 11503 11506
f 11496 11541 11542
f 11496 11542 11497
f 11497 11542 11498
f 11498 11542 11543
f 11498 11543 11499
f 11499 11544 11545
f 11499 11545 11500
f 11499 11543 11544
f 11500 11545 11546
f 11500 11546 11547
f 11500 11547 11501
f 11501 11548 11549
f 11501 11549 11502
f 11501 11547 11548
f 11502 11549 11503
f 11503 11549 11506
f 11504 11509 11550
f 11504 11550 11505
f 11505 11550 11551
f 11505 11551 11552
f 11505 11552 11510
f 11506 11549 11548
f 11506 11548 11553
f 11506 11553 11507
f 11507 11553 11508
f 11508 11553 11554
f 11508 11554 11555
f 11508 11555 11556
f 11508 11556 11557
f 11508 11557 11558
f 11508 11558 11559
f 11508 11559 11509
f 11509 11559 11550
f 11510 11552 11511
f 11511 11552 11560
f 11511 11560 11561
f 11511 11561 11562
f 11511 11562 11563
f 11511 11563 11564
f 11513 11565 11566
f 11513 11566 11567
f 11513 11567 11568
f 11513 11568 11569
f 11513 11569 11570
f 11513 11570 11571
f 11513 11571 11514
f 11514 11571 11515
f 11515 11572 11517
f 11515 11517 11516
f 11515 11571 11572
f 11517 11572 11518
f 11518 11572 11573
f 11518 11573 11519
f 11519 11573 11521
f 11519 11521 11520
f 11521 11573 11522
f 11522 11574 11575
f 11522 11575 11523
f 11522 11573 11574
f 11523 11576 11577
f 11523 11577 11524
f 11523 11575 11576
f 11524 11577 11529
f 11524 11529 11525
f 11526 11533 11578
f 11526 11578 11539
f 11529 11577 11579
f 11529 11579 11530
f 11530 11579 11580
f 11530 11580 11531
f 11531 11580 11581
f 11531 11581 11582
f 11531 11582 11532
f 11532 11582 11581
f 11532 11581 11533
f 11533 11581 11583
f 11533 11583 11578
f 11534 11539 11535
f 11535 11539 11578
f 11535 11578 11583
f 11535 11583 11584
f 11535 11584 11536
f 11536 11585 11586
f 11536 11586 11537
f 11536 11584 11587
f 11536 11587 11588
f 11536 11588 11585
f 11537 11586 11538
f 11538 11586 11540
f 11540 11586 11543
f 11540 11543 11542
f 11540 11542 11541
f 11543 11586 11589
f 11543 11589 11544
f 11544 11589 11590
f 11544 11590 11545
f 11545 11591 11592
f 11545 11592 11547
f 11545 11547 11546
f 11545 11590 11593
f 11545 11593 11591
f 11547 11592 11594
f 11547 11594 11595
f 11547 11595 11548
f 11548 11595 11554
f 11548 11554 11553
f 11550 11559 11596
f 11550 11596 11551
f 11551 11596 11597
f 11551 11597 11560
f 11551 11560 11552
f 11554 11595 11555
f 11555 11595 11598
f 11555 11598 11556
f 11556 11598 11599
f 11556 11599 11557
f 11557 11599 11600
f 11557 11600 11601
f 11557 11601 11602
f 11557 11602 11559
f 11557 11559 11558
f 11559 11602 11603
f 11559 11603 11596
f 11560 11604 11665
f 11560 11665 11708
f 11560 11708 11736
f 11560 11736 11735
f 11560 11735 11734
f 11560 11734 11729
f 11560 11729 11755
f 11560 11755 11754
f 11560 11754 11750
f 11560 11750 11720
f 11560 11720 11719
f 11560 11719 11717
f 11560 11717 11716
f 11560 11716 11684
f 11560 11684 11675
f 11560 11675 11611
f 11560 11611 11567
f 11560 11567 11566
f 11560 11566 11610
f 11560 11610 11609
f 11560 11609 11608
f 11560 11608 11674
f 11560 11674 11673
f 11560 11673 11714
f 11560 11714 11746
f 11560 11746 11759
f 11560 11759 11761
f 11560 11761 11762
f 11560 11762 11756
f 11560 11756 11738
f 11560 11738 11711
f 11560 11711 11670
f 11560 11670 11605
f 11560 11605 11563
f 11560 11563 11562
f 11560 11562 11561
f 11560 11597 11604
f 11563 11605 11606
f 11563 11606 11564
f 11565 11607 11608
f 11565 11608 11609
f 11565 11609 11610
f 11565 11610 11566
f 11567 11611 11612
f 11567 11612 11570
f 11567 11570 11569
f 11567 11569 11568
f 11570 11612 11613
f 11570 11613 11571
f 11571 11613 11614
f 11571 11614 11615
f 11571 11615 11622
f 11571 11622 11616
f 11571 11616 11617
f 11571 11617 11618
f 11571 11618 11619
f 11571 11619 11620
f 11571 11620 11572
f 11572 11620 11573
f 11573 11620 11618
f 11573 11618 11574
f 11574 11618 11617
f 11574 11617 11575
f 11575 11617 11576
f 11576 11617 11621
f 11576 11621 11622
f 11576 11622 11623
f 11576 11623 11577
f 11577 11624 11579
f 11577 11623 11625
f 11577 11625 11626
f 11577 11626 11627
f 11577 11627 11628
f 11577 11628 11624
f 11579 11624 11629
f 11579 11629 11630
f 11579 11630 11631
f 11579 11631 11632
f 11579 11632 11633
f 11579 11633 11580
f 11580 11633 11581
f 11581 11634 11583
f 11581 11633 11634
f 11583 11634 11635
f 11583 11635 11587
f 11583 11587 11584
f 11585 11589 11586
f 11585 11588 11636
f 11585 11636 11637
f 11585 11637 11589
f 11587 11635 11638
f 11587 11638 11639
f 11587 11639 11640
f 11587 11640 11588
f 11588 11640 11641
f 11588 11641 11636
f 11589 11637 11590
f 11590 11637 11642
f 11590 11642 11643
f 11590 11643 11593
f 11591 11594 11592
f 11591 11593 11644
f 11591 11644 11594
f 11593 11645 11646
f 11593 11646 11647
f 11593 11647 11644
f 11593 11643 11645
f 11594 11648 11595
f 11594 11644 11648
f 11595 11648 11649
f 11595 11649 11650
f 11595 11650 11598
f 11596 11603 11597
f 11597 11603 11651
f 11597 11651 11604
f 11598 11652 11599
f 11598 11650 11653
f 11598 11653 11652
f 11599 11652 11654
f 11599 11654 11600
f 11600 11654 11653
f 11600 11653 11655
f 11600 11655 11656
f 11600 11656 11657
f 11600 11657 11601
f 11601 11658 11659
f 11601 11659 11602
f 11601 11657 11660
f 11601 11660 11661
f 11601 11661 11662
f 11601 11662 11663
f 11601 11663 11664
f 11601 11664 11658
f 11602 11659 11603
f 11603 11659 11651
f 11604 11651 11666
f 11604 11666 11667
f 11604 11667 11668
f 11604 11668 11669
f 11604 11669 11665
f 11605 11670 11606
f 11606 11670 11671
f 11607 11672 11673
f 11607 11673 11674
f 11607 11674 11608
f 11611 11675 11614
f 11611 11614 11613
f 11611 11613 11612
f 11614 11675 11676
f 11614 11676 11615
f 11615 11676 11622
f 11616 11622 11677
f 11616 11677 11617
f 11617 11677 11621
f 11618 11620 11619
f 11621 11677 11622
f 11622 11676 11678
f 11622 11678 11679
f 11622 11679 11623
f 11623 11679 11625
f 11624 11628 11680
f 11624 11680 11629
f 11625 11681 11626
f 11625 11679 11678
f 11625 11678 11682
f 11625 11682 11683
f 11625 11683 11684
f 11625 11684 11681
f 11626 11681 11628
f 11626 11628 11627
f 11628 11681 11685
f 11628 11685 11629
f 11628 11629 11680
f 11629 11686 11631
f 11629 11631 11630
f 11629 11685 11686
f 11631 11686 11687
f 11631 11687 11688
f 11631 11688 11689
f 11631 11689 11632
f 11632 11689 11633
f 11633 11689 11690
f 11633 11690 11688
f 11633 11688 11687
f 11633 11687 11691
f 11633 11691 11692
f 11633 11692 11634
f 11634 11638 11635
f 11634 11692 11693
f 11634 11693 11694
f 11634 11694 11638
f 11636 11641 11637
f 11637 11641 11695
f 11637 11695 11696
f 11637 11696 11697
f 11637 11697 11642
f 11638 11694 11639
f 11639 11695 11641
f 11639 11641 11640
f 11639 11694 11693
f 11639 11693 11698
f 11639 11698 11695
f 11642 11697 11643
f 11643 11697 11699
f 11643 11699 11645
f 11644 11647 11700
f 11644 11700 11701
f 11644 11701 11702
f 11644 11702 11653
f 11644 11653 11650
f 11644 11650 11703
f 11644 11703 11648
f 11645 11699 11704
f 11645 11704 11646
f 11646 11700 11647
f 11646 11704 11705
f 11646 11705 11700
f 11648 11703 11650
f 11648 11650 11649
f 11651 11664 11666
f 11651 11659 11658
f 11651 11658 11664
f 11652 11653 11654
f 11653 11702 11706
f 11653 11706 11707
f 11653 11707 11661
f 11653 11661 11655
f 11655 11661 11656
f 11656 11661 11657
f 11657 11661 11660
f 11661 11708 11662
f 11661 11707 11701
f 11661 11701 11708
f 11662 11708 11709
f 11662 11709 11664
f 11662 11664 11663
f 11664 11709 11665
f 11664 11665 11710
f 11664 11710 11666
f 11665 11669 11710
f 11665 11709 11708
f 11666 11710 11667
f 11667 11710 11669
f 11667 11669 11668
f 11670 11711 11712
f 11670 11712 11671
f 11672 11713 11714
f 11672 11714 11673
f 11675 11684 11678
f 11675 11678 11676
f 11678 11684 11682
f 11681 11684 11715
f 11681 11715 11685
f 11682 11684 11683
f 11684 11716 11685
f 11684 11685 11715
f 11685 11716 11686
f 11686 11716 11687
f 11687 11716 11717
f 11687 11717 11718
f 11687 11718 11719
f 11687 11719 11720
f 11687 11720 11721
f 11687 11721 11722
f 11687 11722 11723
f 11687 11723 11691
f 11688 11690 11689
f 11691 11693 11692
f 11691 11723 11724
f 11691 11724 11693
f 11693 11724 11725
f 11693 11725 11698
f 11695 11698 11726
f 11695 11726 11704
f 11695 11704 11699
f 11695 11699 11696
f 11696 11699 11697
f 11698 11725 11727
f 11698 11727 11728
f 11698 11728 11729
f 11698 11729 11730
f 11698 11730 11726
f 11700 11705 11731
f 11700 11731 11708
f 11700 11708 11701
f 11701 11707 11706
f 11701 11706 11702
f 11704 11726 11732
f 11704 11732 11705
f 11705 11732 11733
f 11705 11733 11734
f 11705 11734 11735
f 11705 11735 11736
f 11705 11736 11737
f 11705 11737 11731
f 11708 11731 11736
f 11711 11738 11739
f 11711 11739 11740
f 11711 11740 11741
f 11711 11741 11742
f 11711 11742 11743
f 11711 11743 11744
f 11711 11744 11712
f 11713 11745 11714
f 11714 11745 11747
f 11714 11747 11748
f 11714 11748 11749
f 11714 11749 11746
f 11717 11719 11718
f 11720 11750 11722
f 11720 11722 11721
f 11722 11750 11751
f 11722 11751 11723
f 11723 11751 11724
f 11724 11751 11752
f 11724 11752 11725
f 11725 11752 11727
f 11726 11730 11753
f 11726 11753 11732
f 11727 11752 11728
f 11728 11752 11751
f 11728 11751 11754
f 11728 11754 11755
f 11728 11755 11729
f 11729 11734 11733
f 11729 11733 11730
f 11730 11733 11753
f 11731 11737 11736
f 11732 11753 11733
f 11738 11756 11757
f 11738 11757 11758
f 11738 11758 11739
f 11746 11749 11759
f 11749 11760 11761
f 11749 11761 11759
f 11750 11754 11751
f 11756 11762 11763
f 11756 11763 11757
f 11760 11764 11762
f 11760 11762 11761
f 11762 11764 11765
f 11762 11765 11766
f 11762 11766 11767
f 11762 11767 11768
f 11762 11768 11763
f 11769 11770 11771
f 11769 11771 11776
f 11769 11776 11785
f 11769 11785 11784
f 11769 11784 11794
f 11769 11794 11812
f 11769 11812 11840
f 11769 11840 11871
f 11769 11871 11873
f 11769 11873 11928
f 11769 11928 11981
f 11769 11981 11976
f 11769 11976 12033
f 11769 12033 12032
f 11769 12032 12031
f 11769 12031 12030
f 11769 12030 12069
f 11769 12069 12071
f 11769 12071 12070
f 11769 12070 12096
f 11769 12096 12095
f 11769 12095 12099
f 11769 12099 12098
f 11769 12098 12097
f 11769 12097 12091
f 11769 12091 12059
f 11769 12059 12010
f 11769 12010 11959
f 11769 11959 11896
f 11769 11896 11857
f 11769 11857 11829
f 11769 11829 11801
f 11769 11801 11788
f 11769 11788 11778
f 11769 11778 11772
f 11769 11772 11777
f 11769 11777 11786
f 11769 11786 11798
f 11769 11798 11820
f 11769 11820 11847
f 11769 11847 11846
f 11769 11846 11881
f 11769 11881 11937
f 11769 11937 11994
f 11769 11994 12012
f 11769 12012 11963
f 11769 11963 11905
f 11769 11905 11904
f 11769 11904 11866
f 11769 11866 11837
f 11769 11837 11804
f 11769 11804 11790
f 11769 11790 11779
f 11769 11779 11773
f 11769 11773 11770
f 11770 11773 11774
f 11770 11774 11775
f 11770 11775 11771
f 11771 11775 11776
f 11772 11778 11777
f 11773 11779 11780
f 11773 11780 11774
f 11774 11780 11781
f 11774 11781 11775
f 11775 11781 11782
f 11775 11782 11783
f 11775 11783 11784
f 11775 11784 11785
f 11775 11785 11776
f 11777 11778 11787
f 11777 11787 11799
f 11777 11799 11827
f 11777 11827 11855
f 11777 11855 11890
f 11777 11890 11948
f 11777 11948 12002
f 11777 12002 12054
f 11777 12054 12089
f 11777 12089 12087
f 11777 12087 12100
f 11777 12100 12072
f 11777 12072 12035
f 11777 12035 11982
f 11777 11982 11929
f 11777 11929 11883
f 11777 11883 11848
f 11777 11848 11822
f 11777 11822 11821
f 11777 11821 11813
f 11777 11813 11796
f 11777 11796 11786
f 11778 11788 11800
f 11778 11800 11828
f 11778 11828 11856
f 11778 11856 11892
f 11778 11892 11951
f 11778 11951 11942
f 11778 11942 11941
f 11778 11941 11940
f 11778 11940 11939
f 11778 11939 11884
f 11778 11884 11849
f 11778 11849 11824
f 11778 11824 11799
f 11778 11799 11787
f 11779 11789 11780
f 11779 11790 11789
f 11780 11789 11781
f 11781 11791 11782
f 11781 11789 11792
f 11781 11792 11793
f 11781 11793 11794
f 11781 11794 11791
f 11782 11791 11783
f 11783 11791 11795
f 11783 11795 11784
f 11784 11795 11791
f 11784 11791 11794
f 11786 11796 11797
f 11786 11797 11798
f 11788 11801 11800
f 11789 11790 11802
f 11789 11802 11803
f 11789 11803 11792
f 11790 11804 11802
f 11792 11803 11805
f 11792 11805 11806
f 11792 11806 11807
f 11792 11807 11808
f 11792 11808 11793
f 11793 11808 11809
f 11793 11809 11810
f 11793 11810 11811
f 11793 11811 11794
f 11794 11811 11810
f 11794 11810 11812
f 11796 11813 11797
f 11797 11814 11815
f 11797 11815 11816
f 11797 11816 11817
f 11797 11817 11818
f 11797 11818 11819
f 11797 11819 11820
f 11797 11820 11798
f 11797 11813 11821
f 11797 11821 11822
f 11797 11822 11823
f 11797 11823 11814
f 11799 11824 11825
f 11799 11825 11826
f 11799 11826 11827
f 11800 11801 11829
f 11800 11829 11830
f 11800 11830 11831
f 11800 11831 11828
f 11802 11832 11803
f 11802 11804 11833
f 11802 11833 11834
f 11802 11834 11835
f 11802 11835 11836
f 11802 11836 11832
f 11803 11832 11805
f 11804 11837 11833
f 11805 11836 11806
f 11805 11832 11836
f 11806 11835 11807
f 11806 11836 11835
f 11807 11835 11838
f 11807 11838 11809
f 11807 11809 11808
f 11809 11838 11839
f 11809 11839 11810
f 11810 11840 11812
f 11810 11839 11841
f 11810 11841 11842
f 11810 11842 11840
f 11814 11823 11843
f 11814 11843 11815
f 11815 11844 11816
f 11815 11843 11844
f 11816 11818 11817
f 11816 11844 11818
f 11818 11845 11846
f 11818 11846 11847
f 11818 11847 11820
f 11818 11820 11819
f 11818 11844 11845
f 11822 11848 11843
f 11822 11843 11823
f 11824 11849 11850
f 11824 11850 11825
f 11825 11850 11826
f 11826 11850 11851
f 11826 11851 11852
f 11826 11852 11853
f 11826 11853 11854
f 11826 11854 11855
f 11826 11855 11827
f 11828 11831 11856
f 11829 11857 11830
f 11830 11857 11858
f 11830 11858 11831
f 11831 11859 11860
f 11831 11860 11856
f 11831 11858 11861
f 11831 11861 11859
f 11833 11837 11862
f 11833 11862 11834
f 11834 11862 11863
f 11834 11863 11864
f 11834 11864 11835
f 11835 11864 11865
f 11835 11865 11838
f 11837 11866 11862
f 11838 11867 11868
f 11838 11868 11841
f 11838 11841 11839
f 11838 11865 11869
f 11838 11869 11870
f 11838 11870 11867
f 11840 11842 11871
f 11841 11868 11842
f 11842 11868 11872
f 11842 11872 11873
f 11842 11873 11871
f 11843 11848 11874
f 11843 11874 11875
f 11843 11875 11876
f 11843 11876 11844
f 11844 11877 11845
f 11844 11876 11878
f 11844 11878 11877
f 11845 11879 11880
f 11845 11880 11881
f 11845 11881 11846
f 11845 11877 11882
f 11845 11882 11879
f 11848 11883 11874
f 11849 11884 11850
f 11850 11885 11886
f 11850 11886 11851
f 11850 11884 11885
f 11851 11886 11887
f 11851 11887 11852
f 11852 11887 11888
f 11852 11888 11889
f 11852 11889 11853
f 11853 11890 11854
f 11853 11889 11891
f 11853 11891 11890
f 11854 11890 11855
f 11856 11860 11893
f 11856 11893 11894
f 11856 11894 11895
f 11856 11895 11892
f 11857 11896 11897
f 11857 11897 11898
f 11857 11898 11858
f 11858 11898 11899
f 11858 11899 11861
f 11859 11861 11900
f 11859 11900 11860
f 11860 11900 11901
f 11860 11901 11902
f 11860 11902 11893
f 11861 11899 11903
f 11861 11903 11900
f 11862 11866 11904
f 11862 11904 11905
f 11862 11905 11906
f 11862 11906 11907
f 11862 11907 11863
f 11863 11908 11909
f 11863 11909 11864
f 11863 11907 11908
f 11864 11909 11910
f 11864 11910 11911
f 11864 11911 11912
f 11864 11912 11913
f 11864 11913 11914
f 11864 11914 11915
f 11864 11915 11916
f 11864 11916 11917
f 11864 11917 11918
f 11864 11918 11865
f 11865 11918 11869
f 11867 11870 11868
f 11868 11870 11919
f 11868 11919 11872
f 11869 11918 11920
f 11869 11920 11921
f 11869 11921 11922
f 11869 11922 11923
f 11869 11923 11924
f 11869 11924 11870
f 11870 11924 11925
f 11870 11925 11926
f 11870 11926 11919
f 11872 11927 11928
f 11872 11928 11873
f 11872 11919 11927
f 11874 11883 11929
f 11874 11929 11930
f 11874 11930 11931
f 11874 11931 11875
f 11875 11932 11878
f 11875 11878 11876
f 11875 11931 11933
f 11875 11933 11934
f 11875 11934 11932
f 11877 11935 11882
f 11877 11878 11935
f 11878 11932 11935
f 11879 11882 11880
f 11880 11936 11937
f 11880 11937 11881
f 11880 11882 11936
f 11882 11935 11992
f 11882 11992 11938
f 11882 11938 11936
f 11884 11939 11885
f 11885 11939 11940
f 11885 11940 11941
f 11885 11941 11886
f 11886 11941 11942
f 11886 11942 11943
f 11886 11943 11944
f 11886 11944 11887
f 11887 11944 11888
f 11888 11944 11945
f 11888 11945 11946
f 11888 11946 11889
f 11889 11946 11947
f 11889 11947 11891
f 11890 11891 11948
f 11891 11947 11949
f 11891 11949 11950
f 11891 11950 11948
f 11892 11895 11951
f 11893 11902 11894
f 11894 11952 11895
f 11894 11902 11903
f 11894 11903 11953
f 11894 11953 11954
f 11894 11954 11955
f 11894 11955 11956
f 11894 11956 11952
f 11895 11957 11958
f 11895 11958 11942
f 11895 11942 11951
f 11895 11952 11944
f 11895 11944 11957
f 11896 11959 11897
f 11897 11959 11960
f 11897 11960 11961
f 11897 11961 11898
f 11898 11961 11899
f 11899 11961 11962
f 11899 11962 11953
f 11899 11953 11903
f 11900 11903 11902
f 11900 11902 11901
f 11905 11963 11906
f 11906 11963 11964
f 11906 11964 11965
f 11906 11965 11907
f 11907 11965 11908
f 11908 11966 11967
f 11908 11967 11968
f 11908 11968 11909
f 11908 11965 11966
f 11909 11968 11910
f 11910 11968 11969
f 11910 11969 11970
f 11910 11970 11971
f 11910 11971 11911
f 11911 11971 11972
f 11911 11972 11912
f 11912 11972 11913
f 11913 11972 11914
f 11914 11972 11915
f 11915 11972 11973
f 11915 11973 11916
f 11916 11922 11921
f 11916 11921 11920
f 11916 11920 11917
f 11916 11973 11922
f 11917 11920 11918
f 11919 11974 11975
f 11919 11975 11976
f 11919 11976 11927
f 11919 11926 11974
f 11922 11977 11923
f 11922 11973 11977
f 11923 11925 11924
f 11923 11977 11978
f 11923 11978 11925
f 11925 11978 11979
f 11925 11979 11980
f 11925 11980 11926
f 11926 11980 11974
f 11927 11976 11981
f 11927 11981 11928
f 11929 11982 11983
f 11929 11983 11930
f 11930 11983 11933
f 11930 11933 11931
f 11932 11934 11984
f 11932 11984 11985
f 11932 11985 11935
f 11933 11983 11986
f 11933 11986 11987
f 11933 11987 11988
f 11933 11988 11934
f 11934 11988 11989
f 11934 11989 11990
f 11934 11990 11991
f 11934 11991 11984
f 11935 11985 11992
f 11936 11993 11994
f 11936 11994 11937
f 11936 11938 11995
f 11936 11995 11993
f 11938 11992 11995
f 11942 11958 11957
f 11942 11957 11943
f 11943 11957 11944
f 11944 11952 11946
f 11944 11946 11945
f 11946 11956 11996
f 11946 11996 11997
f 11946 11997 11998
f 11946 11998 11947
f 11946 11952 11956
f 11947 11998 11999
f 11947 11999 12000
f 11947 12000 11949
f 11948 11950 12001
f 11948 12001 12002
f 11949 12000 11950
f 11950 12000 12003
f 11950 12003 12001
f 11953 11962 11961
f 11953 11961 12004
f 11953 12004 11954
f 11954 12004 11955
f 11955 12004 12005
f 11955 12005 12006
f 11955 12006 12007
f 11955 12007 11956
f 11956 12007 12008
f 11956 12008 12009
f 11956 12009 11996
f 11959 11961 11960
f 11959 12010 12011
f 11959 12011 11961
f 11961 12011 12004
f 11963 12012 11964
f 11964 12012 11993
f 11964 11993 11965
f 11965 11993 11995
f 11965 11995 12013
f 11965 12013 12014
f 11965 12014 12015
f 11965 12015 12016
f 11965 12016 11966
f 11966 12016 12017
f 11966 12017 12018
f 11966 12018 11967
f 11967 12018 11968
f 11968 12018 12019
f 11968 12019 11969
f 11969 12019 12042
f 11969 12042 12020
f 11969 12020 11970
f 11970 12020 12021
f 11970 12021 11971
f 11971 12021 12022
f 11971 12022 11972
f 11972 12023 11973
f 11972 12022 12024
f 11972 12024 12025
f 11972 12025 12023
f 11973 12023 12026
f 11973 12026 12027
f 11973 12027 12028
f 11973 12028 11979
f 11973 11979 11978
f 11973 11978 11977
f 11974 11980 11979
f 11974 11979 12029
f 11974 12029 11975
f 11975 12030 12031
f 11975 12031 12032
f 11975 12032 12033
f 11975 12033 11976
f 11975 12029 12034
f 11975 12034 12030
f 11979 12028 12029
f 11982 12035 12036
f 11982 12036 11983
f 11983 12036 12037
f 11983 12037 12038
f 11983 12038 11986
f 11984 11991 12039
f 11984 12039 12015
f 11984 12015 11985
f 11985 12015 12014
f 11985 12014 12013
f 11985 12013 11992
f 11986 12040 12041
f 11986 12041 11987
f 11986 12038 12040
f 11987 12041 11988
f 11988 12041 11989
f 11989 12042 12043
f 11989 12043 12044
f 11989 12044 11990
f 11989 12041 12045
f 11989 12045 12042
f 11990 12044 11991
f 11991 12044 12039
f 11992 12013 11995
f 11993 12012 11994
f 11996 12009 12026
f 11996 12026 12046
f 11996 12046 12047
f 11996 12047 11997
f 11997 12047 12048
f 11997 12048 12049
f 11997 12049 11998
f 11998 12049 11999
f 11999 12049 12050
f 11999 12050 12051
f 11999 12051 12052
f 11999 12052 12000
f 12000 12052 12003
f 12001 12003 12052
f 12001 12052 12053
f 12001 12053 12002
f 12002 12053 12052
f 12002 12052 12051
f 12002 12051 12054
f 12004 12011 12055
f 12004 12055 12056
f 12004 12056 12057
f 12004 12057 12058
f 12004 12058 12005
f 12005 12058 12027
f 12005 12027 12006
f 12006 12027 12008
f 12006 12008 12007
f 12008 12027 12026
f 12008 12026 12009
f 12010 12059 12011
f 12011 12059 12060
f 12011 12060 12055
f 12015 12039 12044
f 12015 12044 12043
f 12015 12043 12016
f 12016 12043 12042
f 12016 12042 12017
f 12017 12042 12018
f 12018 12042 12019
f 12020 12042 12024
f 12020 12024 12021
f 12021 12024 12022
f 12023 12061 12062
f 12023 12062 12063
f 12023 12063 12026
f 12023 12025 12064
f 12023 12064 12065
f 12023 12065 12061
f 12024 12042 12045
f 12024 12045 12064
f 12024 12064 12025
f 12026 12063 12048
f 12026 12048 12046
f 12027 12058 12028
f 12028 12058 12066
f 12028 12066 12067
f 12028 12067 12068
f 12028 12068 12029
f 12029 12068 12034
f 12030 12034 12069
f 12034 12070 12071
f 12034 12071 12069
f 12034 12068 12070
f 12035 12072 12073
f 12035 12073 12036
f 12036 12073 12074
f 12036 12074 12075
f 12036 12075 12037
f 12037 12075 12076
f 12037 12076 12077
f 12037 12077 12078
f 12037 12078 12038
f 12038 12079 12040
f 12038 12078 12079
f 12040 12079 12041
f 12041 12079 12045
f 12045 12079 12080
f 12045 12080 12064
f 12046 12048 12047
f 12048 12081 12049
f 12048 12063 12081
f 12049 12081 12082
f 12049 12082 12050
f 12050 12082 12083
f 12050 12083 12084
f 12050 12084 12076
f 12050 12076 12075
f 12050 12075 12074
f 12050 12074 12051
f 12051 12074 12085
f 12051 12085 12086
f 12051 12086 12087
f 12051 12087 12088
f 12051 12088 12054
f 12054 12088 12089
f 12055 12090 12056
f 12055 12060 12068
f 12055 12068 12090
f 12056 12090 12066
f 12056 12066 12057
f 12057 12066 12058
f 12059 12091 12060
f 12060 12091 12068
f 12061 12092 12084
f 12061 12084 12083
f 12061 12083 12062
f 12061 12065 12093
f 12061 12093 12094
f 12061 12094 12092
f 12062 12083 12082
f 12062 12082 12063
f 12063 12082 12081
f 12064 12080 12093
f 12064 12093 12065
f 12066 12090 12067
f 12067 12090 12068
f 12068 12095 12096
f 12068 12096 12070
f 12068 12091 12097
f 12068 12097 12098
f 12068 12098 12099
f 12068 12099 12095
f 12072 12100 12085
f 12072 12085 12073
f 12073 12085 12074
f 12076 12084 12101
f 12076 12101 12080
f 12076 12080 12102
f 12076 12102 12077
f 12077 12102 12079
f 12077 12079 12078
f 12079 12102 12080
f 12080 12101 12103
f 12080 12103 12093
f 12084 12092 12094
f 12084 12094 12103
f 12084 12103 12101
f 12085 12100 12086
f 12086 12100 12087
f 12087 12089 12088
f 12093 12103 12094
f 12104 12105 12109
f 12104 12109 12116
f 12104 12116 12129
f 12104 12129 12137
f 12104 12137 12168
f 12104 12168 12167
f 12104 12167 12166
f 12104 12166 12165
f 12104 12165 12211
f 12104 12211 12210
f 12104 12210 12246
f 12104 12246 12197
f 12104 12197 12155
f 12104 12155 12131
f 12104 12131 12118
f 12104 12118 12110
f 12104 12110 12106
f 12104 12106 12111
f 12104 12111 12119
f 12104 12119 12135
f 12104 12135 12159
f 12104 12159 12158
f 12104 12158 12162
f 12104 12162 12204
f 12104 12204 12203
f 12104 12203 12202
f 12104 12202 12253
f 12104 12253 12316
f 12104 12316 12315
f 12104 12315 12325
f 12104 12325 12377
f 12104 12377 12382
f 12104 12382 12383
f 12104 12383 12405
f 12104 12405 12404
f 12104 12404 12390
f 12104 12390 12389
f 12104 12389 12345
f 12104 12345 12276
f 12104 12276 12344
f 12104 12344 12343
f 12104 12343 12342
f 12104 12342 12341
f 12104 12341 12339
f 12104 12339 12340
f 12104 12340 12338
f 12104 12338 12272
f 12104 12272 12222
f 12104 12222 12221
f 12104 12221 12183
f 12104 12183 12182
f 12104 12182 12220
f 12104 12220 12214
f 12104 12214 12213
f 12104 12213 12177
f 12104 12177 12176
f 12104 12176 12175
f 12104 12175 12174
f 12104 12174 12140
f 12104 12140 12123
f 12104 12123 12113
f 12104 12113 12107
f 12104 12107 12105
f 12105 12108 12109
f 12105 12107 12108
f 12106 12110 12111
f 12107 12112 12108
f 12107 12113 12114
f 12107 12114 12115
f 12107 12115 12112
f 12108 12112 12109
f 12109 12112 12116
f 12110 12117 12111
f 12110 12118 12132
f 12110 12132 12156
f 12110 12156 12199
f 12110 12199 12249
f 12110 12249 12311
f 12110 12311 12360
f 12110 12360 12359
f 12110 12359 12358
f 12110 12358 12357
f 12110 12357 12356
f 12110 12356 12291
f 12110 12291 12290
f 12110 12290 12355
f 12110 12355 12363
f 12110 12363 12388
f 12110 12388 12387
f 12110 12387 12386
f 12110 12386 12407
f 12110 12407 12409
f 12110 12409 12408
f 12110 12408 12413
f 12110 12413 12412
f 12110 12412 12411
f 12110 12411 12397
f 12110 12397 12396
f 12110 12396 12395
f 12110 12395 12394
f 12110 12394 12364
f 12110 12364 12300
f 12110 12300 12242
f 12110 12242 12194
f 12110 12194 12152
f 12110 12152 12130
f 12110 12130 12117
f 12111 12117 12130
f 12111 12130 12154
f 12111 12154 12196
f 12111 12196 12245
f 12111 12245 12307
f 12111 12307 12306
f 12111 12306 12305
f 12111 12305 12304
f 12111 12304 12303
f 12111 12303 12312
f 12111 12312 12250
f 12111 12250 12201
f 12111 12201 12200
f 12111 12200 12157
f 12111 12157 12133
f 12111 12133 12119
f 12112 12120 12116
f 12112 12115 12121
f 12112 12121 12122
f 12112 12122 12120
f 12113 12123 12124
f 12113 12124 12125
f 12113 12125 12126
f 12113 12126 12115
f 12113 12115 12114
f 12115 12126 12127
f 12115 12127 12128
f 12115 12128 12122
f 12115 12122 12121
f 12116 12120 12129
f 12118 12131 12132
f 12119 12133 12134
f 12119 12134 12135
f 12120 12136 12137
f 12120 12137 12129
f 12120 12122 12136
f 12122 12138 12136
f 12122 12128 12139
f 12122 12139 12138
f 12123 12140 12124
f 12124 12141 12142
f 12124 12142 12143
f 12124 12143 12144
f 12124 12144 12145
f 12124 12145 12146
f 12124 12146 12147
f 12124 12147 12148
f 12124 12148 12126
f 12124 12126 12125
f 12124 12140 12141
f 12126 12148 12147
f 12126 12147 12149
f 12126 12149 12150
f 12126 12150 12127
f 12127 12150 12151
f 12127 12151 12128
f 12128 12151 12139
f 12130 12152 12153
f 12130 12153 12154
f 12131 12155 12132
f 12132 12155 12156
f 12133 12157 12134
f 12134 12158 12159
f 12134 12159 12135
f 12134 12157 12160
f 12134 12160 12161
f 12134 12161 12162
f 12134 12162 12158
f 12136 12163 12164
f 12136 12164 12165
f 12136 12165 12166
f 12136 12166 12167
f 12136 12167 12168
f 12136 12168 12137
f 12136 12138 12139
f 12136 12139 12169
f 12136 12169 12163
f 12139 12151 12150
f 12139 12150 12170
f 12139 12170 12171
f 12139 12171 12172
f 12139 12172 12173
f 12139 12173 12169
f 12140 12174 12141
f 12141 12174 12175
f 12141 12175 12176
f 12141 12176 12142
f 12142 12176 12177
f 12142 12177 12178
f 12142 12178 12143
f 12143 12179 12180
f 12143 12180 12144
f 12143 12178 12181
f 12143 12181 12182
f 12143 12182 12183
f 12143 12183 12184
f 12143 12184 12185
f 12143 12185 12179
f 12144 12180 12186
f 12144 12186 12145
f 12145 12186 12146
f 12146 12187 12150
f 12146 12150 12147
f 12146 12186 12188
f 12146 12188 12187
f 12147 12150 12149
f 12150 12187 12188
f 12150 12188 12189
f 12150 12189 12190
f 12150 12190 12191
f 12150 12191 12192
f 12150 12192 12170
f 12152 12193 12153
f 12152 12194 12193
f 12153 12193 12195
f 12153 12195 12196
f 12153 12196 12154
f 12155 12197 12198
f 12155 12198 12156
f 12156 12198 12199
f 12157 12200 12160
f 12160 12201 12161
f 12160 12200 12201
f 12161 12202 12203
f 12161 12203 12204
f 12161 12204 12162
f 12161 12201 12205
f 12161 12205 12206
f 12161 12206 12207
f 12161 12207 12202
f 12163 12208 12164
f 12163 12169 12173
f 12163 12173 12209
f 12163 12209 12208
f 12164 12208 12210
f 12164 12210 12211
f 12164 12211 12165
f 12170 12192 12171
f 12171 12192 12191
f 12171 12191 12212
f 12171 12212 12209
f 12171 12209 12173
f 12171 12173 12172
f 12177 12213 12178
f 12178 12213 12214
f 12178 12214 12181
f 12179 12215 12216
f 12179 12216 12217
f 12179 12217 12180
f 12179 12185 12218
f 12179 12218 12215
f 12180 12217 12219
f 12180 12219 12186
f 12181 12214 12220
f 12181 12220 12182
f 12183 12221 12184
f 12184 12222 12223
f 12184 12223 12185
f 12184 12221 12222
f 12185 12223 12224
f 12185 12224 12225
f 12185 12225 12226
f 12185 12226 12227
f 12185 12227 12228
f 12185 12228 12229
f 12185 12229 12230
f 12185 12230 12218
f 12186 12219 12217
f 12186 12217 12231
f 12186 12231 12232
f 12186 12232 12233
f 12186 12233 12188
f 12188 12233 12234
f 12188 12234 12189
f 12189 12234 12232
f 12189 12232 12235
f 12189 12235 12236
f 12189 12236 12190
f 12190 12236 12191
f 12191 12237 12212
f 12191 12236 12238
f 12191 12238 12239
f 12191 12239 12237
f 12193 12240 12241
f 12193 12241 12195
f 12193 12194 12240
f 12194 12242 12243
f 12194 12243 12240
f 12195 12244 12196
f 12195 12241 12244
f 12196 12244 12245
f 12197 12246 12247
f 12197 12247 12198
f 12198 12247 12199
f 12199 12248 12249
f 12199 12247 12248
f 12201 12250 12251
f 12201 12251 12205
f 12202 12252 12253
f 12202 12207 12252
f 12205 12251 12254
f 12205 12254 12255
f 12205 12255 12256
f 12205 12256 12206
f 12206 12257 12252
f 12206 12252 12207
f 12206 12256 12258
f 12206 12258 12259
f 12206 12259 12257
f 12208 12260 12248
f 12208 12248 12247
f 12208 12247 12246
f 12208 12246 12210
f 12208 12209 12260
f 12209 12212 12261
f 12209 12261 12262
f 12209 12262 12260
f 12212 12237 12263
f 12212 12263 12264
f 12212 12264 12261
f 12215 12265 12266
f 12215 12266 12267
f 12215 12267 12268
f 12215 12268 12216
f 12215 12218 12269
f 12215 12269 12265
f 12216 12268 12217
f 12217 12268 12270
f 12217 12270 12231
f 12218 12230 12229
f 12218 12229 12271
f 12218 12271 12269
f 12222 12272 12223
f 12223 12272 12273
f 12223 12273 12224
f 12224 12273 12274
f 12224 12274 12275
f 12224 12275 12276
f 12224 12276 12225
f 12225 12276 12277
f 12225 12277 12226
f 12226 12277 12278
f 12226 12278 12227
f 12227 12278 12279
f 12227 12279 12280
f 12227 12280 12281
f 12227 12281 12282
f 12227 12282 12283
f 12227 12283 12228
f 12228 12283 12284
f 12228 12284 12285
f 12228 12285 12229
f 12229 12286 12287
f 12229 12287 12271
f 12229 12285 12286
f 12231 12270 12232
f 12232 12234 12233
f 12232 12270 12268
f 12232 12268 12288
f 12232 12288 12235
f 12235 12288 12236
f 12236 12288 12289
f 12236 12289 12238
f 12237 12290 12291
f 12237 12291 12292
f 12237 12292 12293
f 12237 12293 12264
f 12237 12264 12263
f 12237 12239 12294
f 12237 12294 12290
f 12238 12289 12239
f 12239 12289 12288
f 12239 12288 12295
f 12239 12295 12296
f 12239 12296 12294
f 12240 12297 12298
f 12240 12298 12241
f 12240 12243 12297
f 12241 12298 12299
f 12241 12299 12244
f 12242 12300 12243
f 12243 12301 12297
f 12243 12300 12301
f 12244 12302 12245
f 12244 12299 12298
f 12244 12298 12251
f 12244 12251 12303
f 12244 12303 12304
f 12244 12304 12305
f 12244 12305 12306
f 12244 12306 12302
f 12245 12302 12307
f 12248 12260 12308
f 12248 12308 12309
f 12248 12309 12249
f 12249 12309 12310
f 12249 12310 12311
f 12250 12312 12251
f 12251 12298 12313
f 12251 12313 12314
f 12251 12314 12254
f 12251 12312 12303
f 12252 12257 12315
f 12252 12315 12316
f 12252 12316 12253
f 12254 12317 12255
f 12254 12314 12318
f 12254 12318 12319
f 12254 12319 12320
f 12254 12320 12321
f 12254 12321 12322
f 12254 12322 12317
f 12255 12317 12323
f 12255 12323 12324
f 12255 12324 12256
f 12256 12324 12258
f 12257 12325 12315
f 12257 12259 12325
f 12258 12324 12326
f 12258 12326 12327
f 12258 12327 12259
f 12259 12327 12328
f 12259 12328 12329
f 12259 12329 12325
f 12260 12262 12308
f 12261 12308 12262
f 12261 12264 12308
f 12264 12293 12308
f 12265 12330 12266
f 12265 12269 12287
f 12265 12287 12330
f 12266 12330 12331
f 12266 12331 12332
f 12266 12332 12333
f 12266 12333 12334
f 12266 12334 12335
f 12266 12335 12336
f 12266 12336 12267
f 12267 12336 12337
f 12267 12337 12288
f 12267 12288 12268
f 12269 12271 12287
f 12272 12338 12273
f 12273 12339 12274
f 12273 12338 12340
f 12273 12340 12339
f 12274 12339 12341
f 12274 12341 12342
f 12274 12342 12343
f 12274 12343 12275
f 12275 12344 12276
f 12275 12343 12344
f 12276 12345 12277
f 12277 12345 12346
f 12277 12346 12278
f 12278 12346 12279
f 12279 12346 12280
f 12280 12347 12281
f 12280 12346 12327
f 12280 12327 12347
f 12281 12347 12282
f 12282 12347 12348
f 12282 12348 12283
f 12283 12348 12284
f 12284 12348 12349
f 12284 12349 12350
f 12284 12350 12351
f 12284 12351 12352
f 12284 12352 12285
f 12285 12352 12286
f 12286 12352 12353
f 12286 12353 12287
f 12287 12331 12330
f 12287 12353 12331
f 12288 12337 12354
f 12288 12354 12295
f 12290 12294 12355
f 12291 12356 12292
f 12292 12356 12357
f 12292 12357 12293
f 12293 12357 12358
f 12293 12358 12359
f 12293 12359 12360
f 12293 12360 12310
f 12293 12310 12308
f 12294 12296 12355
f 12295 12354 12335
f 12295 12335 12361
f 12295 12361 12362
f 12295 12362 12363
f 12295 12363 12355
f 12295 12355 12296
f 12297 12301 12298
f 12298 12301 12313
f 12300 12364 12301
f 12301 12365 12366
f 12301 12366 12367
f 12301 12367 12368
f 12301 12368 12369
f 12301 12369 12313
f 12301 12364 12365
f 12302 12306 12307
f 12308 12310 12309
f 12310 12360 12311
f 12313 12369 12314
f 12314 12369 12318
f 12317 12322 12323
f 12318 12369 12368
f 12318 12368 12367
f 12318 12367 12319
f 12319 12367 12366
f 12319 12366 12320
f 12320 12366 12370
f 12320 12370 12322
f 12320 12322 12371
f 12320 12371 12321
f 12321 12371 12322
f 12322 12370 12372
f 12322 12372 12373
f 12322 12373 12374
f 12322 12374 12323
f 12323 12374 12349
f 12323 12349 12375
f 12323 12375 12376
f 12323 12376 12324
f 12324 12376 12326
f 12325 12329 12377
f 12326 12376 12375
f 12326 12375 12378
f 12326 12378 12347
f 12326 12347 12327
f 12327 12379 12380
f 12327 12380 12328
f 12327 12346 12381
f 12327 12381 12379
f 12328 12382 12377
f 12328 12377 12329
f 12328 12380 12383
f 12328 12383 12382
f 12331 12353 12384
f 12331 12384 12385
f 12331 12385 12386
f 12331 12386 12332
f 12332 12386 12387
f 12332 12387 12333
f 12333 12388 12361
f 12333 12361 12334
f 12333 12387 12388
f 12334 12361 12335
f 12335 12354 12336
f 12336 12354 12337
f 12345 12389 12346
f 12346 12389 12390
f 12346 12390 12381
f 12347 12378 12348
f 12348 12378 12375
f 12348 12375 12349
f 12349 12373 12350
f 12349 12374 12373
f 12350 12373 12351
f 12351 12373 12372
f 12351 12372 12391
f 12351 12391 12352
f 12352 12391 12353
f 12353 12392 12384
f 12353 12391 12392
f 12361 12388 12362
f 12362 12388 12393
f 12362 12393 12363
f 12363 12393 12388
f 12364 12366 12365
f 12364 12394 12366
f 12366 12394 12395
f 12366 12395 12396
f 12366 12396 12397
f 12366 12397 12398
f 12366 12398 12399
f 12366 12399 12370
f 12370 12399 12372
f 12372 12399 12400
f 12372 12400 12401
f 12372 12401 12402
f 12372 12402 12403
f 12372 12403 12391
f 12379 12404 12380
f 12379 12381 12390
f 12379 12390 12404
f 12380 12405 12383
f 12380 12404 12405
f 12384 12392 12385
f 12385 12392 12406
f 12385 12406 12407
f 12385 12407 12386
f 12391 12403 12392
f 12392 12408 12409
f 12392 12409 12406
f 12392 12403 12410
f 12392 12410 12408
f 12397 12411 12398
f 12398 12411 12399
f 12399 12401 12400
f 12399 12411 12412
f 12399 12412 12413
f 12399 12413 12408
f 12399 12408 12401
f 12401 12408 12410
f 12401 12410 12402
f 12402 12410 12403
f 12406 12409 12407
f 12414 12415 12416
f 12414 12416 12417
f 12414 12417 12418
f 12414 12418 12419
f 12414 12419 12430
f 12414 12430 12458
f 12414 12458 12492
f 12414 12492 12535
f 12414 12535 12568
f 12414 12568 12606
f 12414 12606 12635
f 12414 12635 12660
f 12414 12660 12664
f 12414 12664 12663
f 12414 12663 12662
f 12414 12662 12693
f 12414 12693 12695
f 12414 12695 12737
f 12414 12737 12769
f 12414 12769 12785
f 12414 12785 12784
f 12414 12784 12783
f 12414 12783 12782
f 12414 12782 12781
f 12414 12781 12780
f 12414 12780 12791
f 12414 12791 12786
f 12414 12786 12771
f 12414 12771 12741
f 12414 12741 12709
f 12414 12709 12708
f 12414 12708 12672
f 12414 12672 12646
f 12414 12646 12619
f 12414 12619 12585
f 12414 12585 12550
f 12414 12550 12518
f 12414 12518 12474
f 12414 12474 12449
f 12414 12449 12431
f 12414 12431 12420
f 12414 12420 12415
f 12415 12420 12416
f 12416 12421 12422
f 12416 12422 12423
f 12416 12423 12424
f 12416 12424 12425
f 12416 12425 12417
f 12416 12420 12426
f 12416 12426 12427
f 12416 12427 12428
f 12416 12428 12429
f 12416 12429 12421
f 12417 12425 12424
f 12417 12424 12423
f 12417 12423 12448
f 12417 12448 12473
f 12417 12473 12515
f 12417 12515 12547
f 12417 12547 12582
f 12417 12582 12563
f 12417 12563 12561
f 12417 12561 12531
f 12417 12531 12489
f 12417 12489 12454
f 12417 12454 12430
f 12417 12430 12419
f 12417 12419 12418
f 12420 12431 12426
f 12421 12432 12433
f 12421 12433 12434
f 12421 12434 12435
f 12421 12435 12436
f 12421 12436 12437
f 12421 12437 12438
f 12421 12438 12439
f 12421 12439 12422
f 12421 12429 12440
f 12421 12440 12432
f 12422 12439 12438
f 12422 12438 12441
f 12422 12441 12442
f 12422 12442 12423
f 12423 12442 12443
f 12423 12443 12444
f 12423 12444 12445
f 12423 12445 12446
f 12423 12446 12447
f 12423 12447 12448
f 12426 12431 12449
f 12426 12449 12450
f 12426 12450 12451
f 12426 12451 12428
f 12426 12428 12427
f 12428 12451 12452
f 12428 12452 12429
f 12429 12452 12453
f 12429 12453 12440
f 12430 12454 12455
f 12430 12455 12456
f 12430 12456 12457
f 12430 12457 12458
f 12432 12440 12453
f 12432 12453 12459
f 12432 12459 12460
f 12432 12460 12433
f 12433 12461 12462
f 12433 12462 12436
f 12433 12436 12434
f 12433 12460 12463
f 12433 12463 12464
f 12433 12464 12461
f 12434 12436 12435
f 12436 12462 12465
f 12436 12465 12437
f 12437 12465 12466
f 12437 12466 12441
f 12437 12441 12438
f 12441 12466 12443
f 12441 12443 12442
f 12443 12445 12444
f 12443 12466 12445
f 12445 12467 12468
f 12445 12468 12446
f 12445 12466 12469
f 12445 12469 12470
f 12445 12470 12471
f 12445 12471 12472
f 12445 12472 12467
f 12446 12468 12447
f 12447 12468 12448
f 12448 12468 12473
f 12449 12474 12475
f 12449 12475 12476
f 12449 12476 12450
f 12450 12452 12451
f 12450 12476 12452
f 12452 12476 12477
f 12452 12477 12478
f 12452 12478 12479
f 12452 12479 12480
f 12452 12480 12481
f 12452 12481 12482
f 12452 12482 12483
f 12452 12483 12460
f 12452 12460 12459
f 12452 12459 12453
f 12454 12484 12485
f 12454 12485 12486
f 12454 12486 12487
f 12454 12487 12488
f 12454 12488 12455
f 12454 12489 12533
f 12454 12533 12562
f 12454 12562 12603
f 12454 12603 12605
f 12454 12605 12633
f 12454 12633 12634
f 12454 12634 12641
f 12454 12641 12640
f 12454 12640 12639
f 12454 12639 12667
f 12454 12667 12698
f 12454 12698 12697
f 12454 12697 12696
f 12454 12696 12704
f 12454 12704 12703
f 12454 12703 12702
f 12454 12702 12699
f 12454 12699 12701
f 12454 12701 12738
f 12454 12738 12740
f 12454 12740 12739
f 12454 12739 12729
f 12454 12729 12765
f 12454 12765 12764
f 12454 12764 12757
f 12454 12757 12756
f 12454 12756 12755
f 12454 12755 12754
f 12454 12754 12762
f 12454 12762 12761
f 12454 12761 12776
f 12454 12776 12750
f 12454 12750 12749
f 12454 12749 12748
f 12454 12748 12747
f 12454 12747 12775
f 12454 12775 12774
f 12454 12774 12743
f 12454 12743 12770
f 12454 12770 12772
f 12454 12772 12788
f 12454 12788 12790
f 12454 12790 12789
f 12454 12789 12779
f 12454 12779 12768
f 12454 12768 12736
f 12454 12736 12735
f 12454 12735 12734
f 12454 12734 12694
f 12454 12694 12661
f 12454 12661 12636
f 12454 12636 12607
f 12454 12607 12567
f 12454 12567 12534
f 12454 12534 12494
f 12454 12494 12493
f 12454 12493 12490
f 12454 12490 12484
f 12455 12488 12456
f 12456 12488 12491
f 12456 12491 12457
f 12457 12491 12458
f 12458 12491 12488
f 12458 12488 12490
f 12458 12490 12493
f 12458 12493 12494
f 12458 12494 12492
f 12460 12483 12495
f 12460 12495 12464
f 12460 12464 12463
f 12461 12464 12462
f 12462 12464 12465
f 12464 12495 12496
f 12464 12496 12497
f 12464 12497 12498
f 12464 12498 12465
f 12465 12499 12500
f 12465 12500 12501
f 12465 12501 12502
f 12465 12502 12470
f 12465 12470 12469
f 12465 12469 12466
f 12465 12498 12499
f 12467 12503 12504
f 12467 12504 12505
f 12467 12505 12468
f 12467 12472 12506
f 12467 12506 12503
f 12468 12505 12473
f 12470 12502 12501
f 12470 12501 12500
f 12470 12500 12471
f 12471 12507 12508
f 12471 12508 12509
f 12471 12509 12510
f 12471 12510 12511
f 12471 12511 12472
f 12471 12500 12512
f 12471 12512 12513
f 12471 12513 12514
f 12471 12514 12507
f 12472 12511 12506
f 12473 12505 12516
f 12473 12516 12517
f 12473 12517 12515
f 12474 12518 12519
f 12474 12519 12520
f 12474 12520 12475
f 12475 12521 12477
f 12475 12477 12476
f 12475 12520 12522
f 12475 12522 12523
f 12475 12523 12521
f 12477 12521 12524
f 12477 12524 12478
f 12478 12524 12479
f 12479 12524 12525
f 12479 12525 12526
f 12479 12526 12480
f 12480 12527 12481
f 12480 12526 12528
f 12480 12528 12527
f 12481 12527 12529
f 12481 12529 12482
f 12482 12529 12513
f 12482 12513 12483
f 12483 12513 12495
f 12484 12530 12486
f 12484 12486 12485
f 12484 12490 12530
f 12486 12530 12487
f 12487 12530 12490
f 12487 12490 12488
f 12489 12531 12532
f 12489 12532 12533
f 12492 12494 12534
f 12492 12534 12535
f 12495 12513 12496
f 12496 12513 12500
f 12496 12500 12497
f 12497 12500 12498
f 12498 12500 12499
f 12500 12513 12512
f 12503 12511 12504
f 12503 12506 12511
f 12504 12511 12516
f 12504 12516 12505
f 12507 12536 12508
f 12507 12514 12536
f 12508 12536 12537
f 12508 12537 12509
f 12509 12537 12538
f 12509 12538 12510
f 12510 12538 12539
f 12510 12539 12511
f 12511 12540 12516
f 12511 12539 12541
f 12511 12541 12540
f 12513 12542 12543
f 12513 12543 12514
f 12513 12529 12544
f 12513 12544 12545
f 12513 12545 12546
f 12513 12546 12542
f 12514 12543 12536
f 12515 12517 12547
f 12516 12540 12548
f 12516 12548 12517
f 12517 12548 12549
f 12517 12549 12547
f 12518 12550 12551
f 12518 12551 12524
f 12518 12524 12523
f 12518 12523 12519
f 12519 12523 12520
f 12520 12523 12522
f 12521 12523 12524
f 12524 12551 12525
f 12525 12552 12553
f 12525 12553 12526
f 12525 12551 12554
f 12525 12554 12552
f 12526 12553 12528
f 12527 12528 12555
f 12527 12555 12556
f 12527 12556 12529
f 12528 12557 12558
f 12528 12558 12555
f 12528 12553 12559
f 12528 12559 12560
f 12528 12560 12557
f 12529 12556 12544
f 12531 12561 12532
f 12532 12562 12533
f 12532 12561 12563
f 12532 12563 12564
f 12532 12564 12565
f 12532 12565 12566
f 12532 12566 12562
f 12534 12567 12568
f 12534 12568 12535
f 12536 12569 12570
f 12536 12570 12537
f 12536 12543 12571
f 12536 12571 12572
f 12536 12572 12573
f 12536 12573 12574
f 12536 12574 12569
f 12537 12570 12575
f 12537 12575 12576
f 12537 12576 12538
f 12538 12576 12539
f 12539 12577 12578
f 12539 12578 12541
f 12539 12576 12577
f 12540 12578 12577
f 12540 12577 12548
f 12540 12541 12578
f 12542 12546 12571
f 12542 12571 12543
f 12544 12556 12579
f 12544 12579 12580
f 12544 12580 12545
f 12545 12580 12546
f 12546 12580 12581
f 12546 12581 12571
f 12547 12549 12583
f 12547 12583 12582
f 12548 12577 12549
f 12549 12565 12583
f 12549 12577 12584
f 12549 12584 12565
f 12550 12585 12586
f 12550 12586 12587
f 12550 12587 12588
f 12550 12588 12551
f 12551 12588 12589
f 12551 12589 12554
f 12552 12590 12553
f 12552 12554 12590
f 12553 12590 12591
f 12553 12591 12592
f 12553 12592 12559
f 12554 12593 12591
f 12554 12591 12590
f 12554 12589 12593
f 12555 12558 12556
f 12556 12558 12579
f 12557 12560 12594
f 12557 12594 12595
f 12557 12595 12558
f 12558 12595 12596
f 12558 12596 12597
f 12558 12597 12598
f 12558 12598 12599
f 12558 12599 12600
f 12558 12600 12579
f 12559 12592 12601
f 12559 12601 12560
f 12560 12601 12602
f 12560 12602 12594
f 12562 12566 12603
f 12563 12582 12583
f 12563 12583 12565
f 12563 12565 12564
f 12565 12584 12566
f 12566 12584 12604
f 12566 12604 12605
f 12566 12605 12603
f 12567 12606 12568
f 12567 12607 12606
f 12569 12608 12570
f 12569 12574 12608
f 12570 12609 12610
f 12570 12610 12611
f 12570 12611 12612
f 12570 12612 12613
f 12570 12613 12576
f 12570 12576 12575
f 12570 12608 12574
f 12570 12574 12614
f 12570 12614 12609
f 12571 12581 12572
f 12572 12615 12616
f 12572 12616 12574
f 12572 12574 12573
f 12572 12581 12615
f 12574 12616 12617
f 12574 12617 12614
f 12576 12613 12612
f 12576 12612 12618
f 12576 12618 12577
f 12577 12618 12604
f 12577 12604 12584
f 12579 12600 12580
f 12580 12600 12615
f 12580 12615 12581
f 12585 12619 12586
f 12586 12619 12620
f 12586 12620 12587
f 12587 12620 12621
f 12587 12621 12622
f 12587 12622 12623
f 12587 12623 12601
f 12587 12601 12588
f 12588 12601 12592
f 12588 12592 12589
f 12589 12592 12593
f 12591 12593 12592
f 12594 12624 12625
f 12594 12625 12595
f 12594 12602 12626
f 12594 12626 12624
f 12595 12625 12596
f 12596 12625 12597
f 12597 12625 12627
f 12597 12627 12598
f 12598 12628 12599
f 12598 12627 12628
f 12599 12628 12600
f 12600 12628 12616
f 12600 12616 12615
f 12601 12623 12629
f 12601 12629 12630
f 12601 12630 12631
f 12601 12631 12632
f 12601 12632 12602
f 12602 12632 12626
f 12604 12633 12605
f 12604 12618 12634
f 12604 12634 12633
f 12606 12607 12635
f 12607 12636 12635
f 12609 12614 12610
f 12610 12614 12637
f 12610 12637 12611
f 12611 12638 12639
f 12611 12639 12612
f 12611 12637 12638
f 12612 12639 12640
f 12612 12640 12641
f 12612 12641 12634
f 12612 12634 12618
f 12614 12617 12642
f 12614 12642 12637
f 12616 12628 12643
f 12616 12643 12617
f 12617 12643 12644
f 12617 12644 12645
f 12617 12645 12642
f 12619 12646 12647
f 12619 12647 12620
f 12620 12647 12648
f 12620 12648 12649
f 12620 12649 12650
f 12620 12650 12621
f 12621 12650 12622
f 12622 12651 12630
f 12622 12630 12629
f 12622 12629 12623
f 12622 12650 12651
f 12624 12626 12652
f 12624 12652 12683
f 12624 12683 12653
f 12624 12653 12654
f 12624 12654 12655
f 12624 12655 12625
f 12625 12655 12627
f 12626 12632 12656
f 12626 12656 12657
f 12626 12657 12652
f 12627 12655 12628
f 12628 12655 12658
f 12628 12658 12643
f 12630 12651 12659
f 12630 12659 12632
f 12630 12632 12631
f 12632 12659 12656
f 12635 12636 12660
f 12636 12661 12662
f 12636 12662 12663
f 12636 12663 12664
f 12636 12664 12660
f 12637 12665 12666
f 12637 12666 12667
f 12637 12667 12639
f 12637 12639 12638
f 12637 12642 12665
f 12642 12645 12668
f 12642 12668 12669
f 12642 12669 12670
f 12642 12670 12665
f 12643 12658 12671
f 12643 12671 12644
f 12644 12671 12668
f 12644 12668 12645
f 12646 12672 12647
f 12647 12672 12673
f 12647 12673 12674
f 12647 12674 12648
f 12648 12674 12675
f 12648 12675 12676
f 12648 12676 12649
f 12649 12676 12677
f 12649 12677 12678
f 12649 12678 12679
f 12649 12679 12650
f 12650 12679 12680
f 12650 12680 12681
f 12650 12681 12651
f 12651 12681 12659
f 12652 12682 12683
f 12652 12657 12656
f 12652 12656 12682
f 12653 12683 12684
f 12653 12684 12685
f 12653 12685 12654
f 12654 12685 12686
f 12654 12686 12687
f 12654 12687 12671
f 12654 12671 12655
f 12655 12671 12658
f 12656 12659 12688
f 12656 12688 12689
f 12656 12689 12682
f 12659 12690 12691
f 12659 12691 12692
f 12659 12692 12688
f 12659 12681 12690
f 12661 12693 12662
f 12661 12694 12695
f 12661 12695 12693
f 12665 12696 12666
f 12665 12670 12696
f 12666 12696 12697
f 12666 12697 12698
f 12666 12698 12667
f 12668 12671 12669
f 12669 12699 12670
f 12669 12671 12700
f 12669 12700 12701
f 12669 12701 12699
f 12670 12699 12702
f 12670 12702 12703
f 12670 12703 12704
f 12670 12704 12696
f 12671 12705 12706
f 12671 12706 12700
f 12671 12687 12707
f 12671 12707 12705
f 12672 12708 12673
f 12673 12708 12674
f 12674 12709 12710
f 12674 12710 12711
f 12674 12711 12676
f 12674 12676 12675
f 12674 12708 12709
f 12676 12711 12712
f 12676 12712 12677
f 12677 12712 12713
f 12677 12713 12714
f 12677 12714 12715
f 12677 12715 12716
f 12677 12716 12717
f 12677 12717 12718
f 12677 12718 12719
f 12677 12719 12720
f 12677 12720 12678
f 12678 12720 12719
f 12678 12719 12721
f 12678 12721 12722
f 12678 12722 12679
f 12679 12722 12680
f 12680 12722 12690
f 12680 12690 12681
f 12682 12689 12723
f 12682 12723 12683
f 12683 12723 12684
f 12684 12723 12724
f 12684 12724 12685
f 12685 12725 12686
f 12685 12724 12726
f 12685 12726 12725
f 12686 12725 12727
f 12686 12727 12687
f 12687 12727 12728
f 12687 12728 12729
f 12687 12729 12707
f 12688 12730 12689
f 12688 12692 12731
f 12688 12731 12730
f 12689 12730 12732
f 12689 12732 12723
f 12690 12722 12733
f 12690 12733 12691
f 12691 12733 12721
f 12691 12721 12719
f 12691 12719 12692
f 12692 12719 12731
f 12694 12734 12695
f 12695 12734 12735
f 12695 12735 12736
f 12695 12736 12737
f 12700 12706 12738
f 12700 12738 12701
f 12705 12739 12740
f 12705 12740 12706
f 12705 12707 12739
f 12706 12740 12738
f 12707 12729 12739
f 12709 12741 12742
f 12709 12742 12710
f 12710 12742 12711
f 12711 12742 12713
f 12711 12713 12712
f 12713 12742 12715
f 12713 12715 12714
f 12715 12742 12743
f 12715 12743 12716
f 12716 12743 12744
f 12716 12744 12717
f 12717 12744 12745
f 12717 12745 12746
f 12717 12746 12718
f 12718 12747 12748
f 12718 12748 12749
f 12718 12749 12750
f 12718 12750 12751
f 12718 12751 12719
f 12718 12746 12752
f 12718 12752 12747
f 12719 12751 12753
f 12719 12753 12731
f 12721 12733 12722
f 12723 12732 12724
f 12724 12754 12755
f 12724 12755 12756
f 12724 12756 12757
f 12724 12757 12726
f 12724 12732 12758
f 12724 12758 12759
f 12724 12759 12760
f 12724 12760 12761
f 12724 12761 12762
f 12724 12762 12754
f 12725 12763 12727
f 12725 12726 12763
f 12726 12757 12764
f 12726 12764 12763
f 12727 12763 12729
f 12727 12729 12728
f 12729 12763 12765
f 12730 12758 12732
f 12730 12731 12766
f 12730 12766 12758
f 12731 12753 12767
f 12731 12767 12766
f 12736 12768 12737
f 12737 12768 12769
f 12741 12770 12743
f 12741 12743 12742
f 12741 12771 12772
f 12741 12772 12773
f 12741 12773 12770
f 12743 12774 12744
f 12744 12774 12775
f 12744 12775 12752
f 12744 12752 12745
f 12745 12752 12746
f 12747 12752 12775
f 12750 12776 12751
f 12751 12776 12777
f 12751 12777 12767
f 12751 12767 12753
f 12758 12766 12759
f 12759 12778 12760
f 12759 12766 12778
f 12760 12778 12777
f 12760 12777 12761
f 12761 12777 12776
f 12763 12764 12765
f 12766 12767 12778
f 12767 12777 12778
f 12768 12779 12780
f 12768 12780 12781
f 12768 12781 12782
f 12768 12782 12783
f 12768 12783 12784
f 12768 12784 12785
f 12768 12785 12769
f 12770 12773 12772
f 12771 12786 12787
f 12771 12787 12772
f 12772 12787 12788
f 12779 12789 12780
f 12780 12790 12791
f 12780 12789 12790
f 12786 12791 12790
f 12786 12790 12787
f 12787 12790 12788

